# 3ds Max Wavefront OBJ Exporter v0.97b - (c)2007 guruware
# File Created: 20.12.2017 16:05:04

mtllib stage design.mtl

#
# object Plane002
#

v  -67.2702 0.0000 88.1777
v  -67.2702 0.0000 99.6077
v  -29.1702 0.0000 99.6077
v  -29.1702 0.0000 88.1777
v  8.9298 0.0000 99.6077
v  8.9298 0.0000 88.1777
v  47.0298 0.0000 99.6077
v  47.0298 0.0000 88.1777
v  85.1298 0.0000 99.6077
v  85.1298 0.0000 88.1777
v  -67.2702 0.0000 76.7477
v  -29.1702 0.0000 76.7477
v  8.9298 0.0000 76.7477
v  47.0298 0.0000 76.7477
v  85.1298 0.0000 76.7477
v  -67.2702 0.0000 65.3177
v  -29.1702 0.0000 65.3177
v  8.9298 0.0000 65.3177
v  47.0298 0.0000 65.3177
v  85.1298 0.0000 65.3177
v  -67.2702 0.0000 53.8877
v  -29.1702 0.0000 53.8877
v  8.9298 0.0000 53.8877
v  47.0298 0.0000 53.8877
v  85.1298 0.0000 53.8877
# 25 vertices

vn 0.0000 1.0000 -0.0000
# 1 vertex normals

vt 0.0000 0.2500 0.0000
vt 0.0000 0.0000 0.0000
vt 0.2500 0.0000 0.0000
vt 0.2500 0.2500 0.0000
vt 0.5000 0.0000 0.0000
vt 0.5000 0.2500 0.0000
vt 0.7500 0.0000 0.0000
vt 0.7500 0.2500 0.0000
vt 1.0000 0.0000 0.0000
vt 1.0000 0.2500 0.0000
vt 0.0000 0.5000 0.0000
vt 0.2500 0.5000 0.0000
vt 0.5000 0.5000 0.0000
vt 0.7500 0.5000 0.0000
vt 1.0000 0.5000 0.0000
vt 0.0000 0.7500 0.0000
vt 0.2500 0.7500 0.0000
vt 0.5000 0.7500 0.0000
vt 0.7500 0.7500 0.0000
vt 1.0000 0.7500 0.0000
vt 0.0000 1.0000 0.0000
vt 0.2500 1.0000 0.0000
vt 0.5000 1.0000 0.0000
vt 0.7500 1.0000 0.0000
vt 1.0000 1.0000 0.0000
# 25 texture coords

g Plane002
usemtl y
s 1
f 1/1/1 2/2/1 3/3/1 4/4/1 
f 4/4/1 3/3/1 5/5/1 6/6/1 
f 6/6/1 5/5/1 7/7/1 8/8/1 
f 8/8/1 7/7/1 9/9/1 10/10/1 
f 11/11/1 1/1/1 4/4/1 12/12/1 
f 12/12/1 4/4/1 6/6/1 13/13/1 
f 13/13/1 6/6/1 8/8/1 14/14/1 
f 14/14/1 8/8/1 10/10/1 15/15/1 
f 16/16/1 11/11/1 12/12/1 17/17/1 
f 17/17/1 12/12/1 13/13/1 18/18/1 
f 18/18/1 13/13/1 14/14/1 19/19/1 
f 19/19/1 14/14/1 15/15/1 20/20/1 
f 21/21/1 16/16/1 17/17/1 22/22/1 
f 22/22/1 17/17/1 18/18/1 23/23/1 
f 23/23/1 18/18/1 19/19/1 24/24/1 
f 24/24/1 19/19/1 20/20/1 25/25/1 
# 16 polygons

#
# object Plane003
#

v  83.7208 0.0000 138.7561
v  83.7208 0.0000 169.9981
v  102.7708 0.0000 169.9981
v  102.7708 0.0000 138.7561
v  121.8208 0.0000 169.9981
v  121.8208 0.0000 138.7561
v  140.8708 0.0000 169.9981
v  140.8708 0.0000 138.7561
v  159.9208 0.0000 169.9981
v  159.9208 0.0000 138.7561
v  83.7208 0.0000 107.5141
v  102.7708 0.0000 107.5141
v  121.8208 0.0000 107.5141
v  140.8708 0.0000 107.5141
v  159.9208 0.0000 107.5141
v  83.7208 0.0000 76.2721
v  102.7708 0.0000 76.2721
v  121.8208 0.0000 76.2721
v  140.8708 0.0000 76.2721
v  159.9208 0.0000 76.2721
v  83.7208 0.0000 45.0301
v  102.7708 0.0000 45.0301
v  121.8208 0.0000 45.0301
v  140.8708 0.0000 45.0301
v  159.9208 0.0000 45.0301
# 25 vertices

vn 0.0000 1.0000 -0.0000
# 1 vertex normals

vt 0.0000 0.2500 0.0000
vt 0.0000 0.0000 0.0000
vt 0.2500 0.0000 0.0000
vt 0.2500 0.2500 0.0000
vt 0.5000 0.0000 0.0000
vt 0.5000 0.2500 0.0000
vt 0.7500 0.0000 0.0000
vt 0.7500 0.2500 0.0000
vt 1.0000 0.0000 0.0000
vt 1.0000 0.2500 0.0000
vt 0.0000 0.5000 0.0000
vt 0.2500 0.5000 0.0000
vt 0.5000 0.5000 0.0000
vt 0.7500 0.5000 0.0000
vt 1.0000 0.5000 0.0000
vt 0.0000 0.7500 0.0000
vt 0.2500 0.7500 0.0000
vt 0.5000 0.7500 0.0000
vt 0.7500 0.7500 0.0000
vt 1.0000 0.7500 0.0000
vt 0.0000 1.0000 0.0000
vt 0.2500 1.0000 0.0000
vt 0.5000 1.0000 0.0000
vt 0.7500 1.0000 0.0000
vt 1.0000 1.0000 0.0000
# 25 texture coords

g Plane003
usemtl y
s 1
f 26/26/2 27/27/2 28/28/2 29/29/2 
f 29/29/2 28/28/2 30/30/2 31/31/2 
f 31/31/2 30/30/2 32/32/2 33/33/2 
f 33/33/2 32/32/2 34/34/2 35/35/2 
f 36/36/2 26/26/2 29/29/2 37/37/2 
f 37/37/2 29/29/2 31/31/2 38/38/2 
f 38/38/2 31/31/2 33/33/2 39/39/2 
f 39/39/2 33/33/2 35/35/2 40/40/2 
f 41/41/2 36/36/2 37/37/2 42/42/2 
f 42/42/2 37/37/2 38/38/2 43/43/2 
f 43/43/2 38/38/2 39/39/2 44/44/2 
f 44/44/2 39/39/2 40/40/2 45/45/2 
f 46/46/2 41/41/2 42/42/2 47/47/2 
f 47/47/2 42/42/2 43/43/2 48/48/2 
f 48/48/2 43/43/2 44/44/2 49/49/2 
f 49/49/2 44/44/2 45/45/2 50/50/2 
# 16 polygons

#
# object Box022
#

v  -60.6824 -1.0366 56.7266
v  -60.6824 -1.0366 55.4566
v  -141.3255 -1.0366 55.4566
v  -141.3255 -1.0366 56.7266
v  -60.6824 19.2834 56.7266
v  -141.3255 19.2834 56.7266
v  -141.3255 19.2834 55.4566
v  -60.6824 19.2834 55.4566
# 8 vertices

vn 0.0000 -1.0000 -0.0000
vn 0.0000 1.0000 -0.0000
vn -0.0000 0.0000 1.0000
vn -1.0000 0.0000 -0.0000
vn 0.0000 0.0000 -1.0000
vn 1.0000 0.0000 0.0000
# 6 vertex normals

vt 1.0000 0.0000 0.0000
vt 1.0000 1.0000 0.0000
vt 0.0000 1.0000 0.0000
vt 0.0000 0.0000 0.0000
# 4 texture coords

g Box022
usemtl cvj
s 2
f 54/54/3 53/53/3 52/52/3 51/51/3 
s 4
f 58/53/4 57/52/4 56/51/4 55/54/4 
s 8
f 55/53/5 56/52/5 54/51/5 51/54/5 
s 16
f 56/53/6 57/52/6 53/51/6 54/54/6 
s 32
f 57/53/7 58/52/7 52/51/7 53/54/7 
s 64
f 58/53/8 55/52/8 51/51/8 52/54/8 
# 6 polygons

#
# object Plane007
#

v  -34.3962 0.0000 10.7889
v  -34.3962 0.0000 55.2389
v  -2.2934 0.0000 55.2389
v  -2.2934 0.0000 10.7889
v  29.8094 0.0000 55.2389
v  29.8094 0.0000 10.7889
v  61.9121 0.0000 55.2389
v  61.9121 0.0000 10.7889
v  94.0149 0.0000 55.2389
v  94.0149 0.0000 10.7889
v  -34.3962 0.0000 -33.6611
v  -2.2934 0.0000 -33.6611
v  29.8094 0.0000 -33.6611
v  61.9121 0.0000 -33.6611
v  94.0149 0.0000 -33.6611
v  -34.3962 0.0000 -78.1111
v  -2.2934 0.0000 -78.1111
v  29.8094 0.0000 -78.1111
v  61.9121 0.0000 -78.1111
v  94.0149 0.0000 -78.1111
v  -34.3962 0.0000 -122.5611
v  -2.2934 0.0000 -122.5611
v  29.8094 0.0000 -122.5611
v  61.9121 0.0000 -122.5611
v  94.0149 0.0000 -122.5611
# 25 vertices

vn 0.0000 1.0000 -0.0000
# 1 vertex normals

vt 0.0000 0.2500 0.0000
vt 0.0000 0.0000 0.0000
vt 0.2500 0.0000 0.0000
vt 0.2500 0.2500 0.0000
vt 0.5000 0.0000 0.0000
vt 0.5000 0.2500 0.0000
vt 0.7500 0.0000 0.0000
vt 0.7500 0.2500 0.0000
vt 1.0000 0.0000 0.0000
vt 1.0000 0.2500 0.0000
vt 0.0000 0.5000 0.0000
vt 0.2500 0.5000 0.0000
vt 0.5000 0.5000 0.0000
vt 0.7500 0.5000 0.0000
vt 1.0000 0.5000 0.0000
vt 0.0000 0.7500 0.0000
vt 0.2500 0.7500 0.0000
vt 0.5000 0.7500 0.0000
vt 0.7500 0.7500 0.0000
vt 1.0000 0.7500 0.0000
vt 0.0000 1.0000 0.0000
vt 0.2500 1.0000 0.0000
vt 0.5000 1.0000 0.0000
vt 0.7500 1.0000 0.0000
vt 1.0000 1.0000 0.0000
# 25 texture coords

g Plane007
usemtl fhghk
s 1
f 59/55/9 60/56/9 61/57/9 62/58/9 
f 62/58/9 61/57/9 63/59/9 64/60/9 
f 64/60/9 63/59/9 65/61/9 66/62/9 
f 66/62/9 65/61/9 67/63/9 68/64/9 
f 69/65/9 59/55/9 62/58/9 70/66/9 
f 70/66/9 62/58/9 64/60/9 71/67/9 
f 71/67/9 64/60/9 66/62/9 72/68/9 
f 72/68/9 66/62/9 68/64/9 73/69/9 
f 74/70/9 69/65/9 70/66/9 75/71/9 
f 75/71/9 70/66/9 71/67/9 76/72/9 
f 76/72/9 71/67/9 72/68/9 77/73/9 
f 77/73/9 72/68/9 73/69/9 78/74/9 
f 79/75/9 74/70/9 75/71/9 80/76/9 
f 80/76/9 75/71/9 76/72/9 81/77/9 
f 81/77/9 76/72/9 77/73/9 82/78/9 
f 82/78/9 77/73/9 78/74/9 83/79/9 
# 16 polygons

#
# object Plane009
#

v  -140.4919 0.0000 144.7522
v  -140.4919 0.0000 175.9942
v  -121.4419 0.0000 175.9942
v  -121.4419 0.0000 144.7522
v  -102.3919 0.0000 175.9942
v  -102.3919 0.0000 144.7522
v  -83.3419 0.0000 175.9942
v  -83.3419 0.0000 144.7522
v  -64.2919 0.0000 175.9942
v  -64.2919 0.0000 144.7522
v  -140.4919 0.0000 113.5102
v  -121.4419 0.0000 113.5102
v  -102.3919 0.0000 113.5102
v  -83.3419 0.0000 113.5102
v  -64.2919 0.0000 113.5102
v  -140.4919 0.0000 82.2682
v  -121.4419 0.0000 82.2682
v  -102.3919 0.0000 82.2682
v  -83.3419 0.0000 82.2682
v  -64.2919 0.0000 82.2682
v  -140.4919 0.0000 51.0262
v  -121.4419 0.0000 51.0262
v  -102.3919 0.0000 51.0262
v  -83.3419 0.0000 51.0262
v  -64.2919 0.0000 51.0262
# 25 vertices

vn 0.0000 1.0000 -0.0000
# 1 vertex normals

vt 0.0000 0.2500 0.0000
vt 0.0000 0.0000 0.0000
vt 0.2500 0.0000 0.0000
vt 0.2500 0.2500 0.0000
vt 0.5000 0.0000 0.0000
vt 0.5000 0.2500 0.0000
vt 0.7500 0.0000 0.0000
vt 0.7500 0.2500 0.0000
vt 1.0000 0.0000 0.0000
vt 1.0000 0.2500 0.0000
vt 0.0000 0.5000 0.0000
vt 0.2500 0.5000 0.0000
vt 0.5000 0.5000 0.0000
vt 0.7500 0.5000 0.0000
vt 1.0000 0.5000 0.0000
vt 0.0000 0.7500 0.0000
vt 0.2500 0.7500 0.0000
vt 0.5000 0.7500 0.0000
vt 0.7500 0.7500 0.0000
vt 1.0000 0.7500 0.0000
vt 0.0000 1.0000 0.0000
vt 0.2500 1.0000 0.0000
vt 0.5000 1.0000 0.0000
vt 0.7500 1.0000 0.0000
vt 1.0000 1.0000 0.0000
# 25 texture coords

g Plane009
usemtl y
s 1
f 84/80/10 85/81/10 86/82/10 87/83/10 
f 87/83/10 86/82/10 88/84/10 89/85/10 
f 89/85/10 88/84/10 90/86/10 91/87/10 
f 91/87/10 90/86/10 92/88/10 93/89/10 
f 94/90/10 84/80/10 87/83/10 95/91/10 
f 95/91/10 87/83/10 89/85/10 96/92/10 
f 96/92/10 89/85/10 91/87/10 97/93/10 
f 97/93/10 91/87/10 93/89/10 98/94/10 
f 99/95/10 94/90/10 95/91/10 100/96/10 
f 100/96/10 95/91/10 96/92/10 101/97/10 
f 101/97/10 96/92/10 97/93/10 102/98/10 
f 102/98/10 97/93/10 98/94/10 103/99/10 
f 104/100/10 99/95/10 100/96/10 105/101/10 
f 105/101/10 100/96/10 101/97/10 106/102/10 
f 106/102/10 101/97/10 102/98/10 107/103/10 
f 107/103/10 102/98/10 103/99/10 108/104/10 
# 16 polygons

#
# object Box033
#

v  158.7837 0.0000 54.9143
v  157.5138 0.0000 54.9316
v  158.6138 0.0000 169.0799
v  159.8837 0.0000 169.0626
v  158.7837 6.3467 54.9143
v  159.8837 6.3467 169.0626
v  158.6138 6.3467 169.0799
v  157.5138 6.3467 54.9316
# 8 vertices

vn 0.0000 -1.0000 -0.0000
vn 0.0000 1.0000 -0.0000
vn 1.0000 0.0000 -0.0096
vn 0.0136 0.0000 0.9999
vn -1.0000 -0.0000 0.0096
vn -1.0000 0.0000 0.0096
vn -0.0136 -0.0000 -0.9999
# 7 vertex normals

vt 1.0000 0.0000 0.0000
vt 1.0000 1.0000 0.0000
vt 0.0000 1.0000 0.0000
vt 0.0000 0.0000 0.0000
# 4 texture coords

g Box033
usemtl 01___Default
s 2
f 112/108/11 111/107/11 110/106/11 109/105/11 
s 4
f 116/107/12 115/106/12 114/105/12 113/108/12 
s 8
f 113/107/13 114/106/13 112/105/13 109/108/13 
s 16
f 114/107/14 115/106/14 111/105/14 112/108/14 
s 32
f 115/107/16 116/106/15 110/105/15 111/108/15 
s 64
f 116/107/17 113/106/17 109/105/17 110/108/17 
# 6 polygons

#
# object Box035
#

v  -33.3509 -0.8612 46.6866
v  -33.3509 -0.8612 46.2721
v  -32.0809 -0.8612 46.2721
v  -32.0809 -0.8612 46.6866
v  -33.3509 -0.6706 46.6866
v  -32.0809 -0.6706 46.6866
v  -32.0809 -0.6706 46.2721
v  -33.3509 -0.6706 46.2721
# 8 vertices

vn 0.0000 -1.0000 -0.0000
vn 0.0000 1.0000 -0.0000
vn 0.0000 0.0000 1.0000
vn 1.0000 0.0000 -0.0000
vn 0.0000 0.0000 -1.0000
vn -1.0000 0.0000 -0.0000
# 6 vertex normals

vt 1.0000 0.0000 0.0000
vt 1.0000 1.0000 0.0000
vt 0.0000 1.0000 0.0000
vt 0.0000 0.0000 0.0000
# 4 texture coords

g Box035
usemtl 01___Default
s 2
f 117/109/18 118/110/18 119/111/18 120/112/18 
s 4
f 121/112/19 122/109/19 123/110/19 124/111/19 
s 8
f 117/112/20 120/109/20 122/110/20 121/111/20 
s 16
f 120/112/21 119/109/21 123/110/21 122/111/21 
s 32
f 119/112/22 118/109/22 124/110/22 123/111/22 
s 64
f 118/112/23 117/109/23 121/110/23 124/111/23 
# 6 polygons

#
# object Box038
#

v  106.2155 -1.0366 55.5618
v  106.2155 -1.0366 6.0677
v  95.3644 -1.0366 6.0677
v  95.3644 -1.0366 55.5618
v  106.2155 19.2834 55.5618
v  95.3644 19.2834 55.5618
v  95.3644 19.2834 6.0677
v  106.2155 19.2834 6.0677
# 8 vertices

vn 0.0000 -1.0000 -0.0000
vn 0.0000 1.0000 -0.0000
vn -0.0000 0.0000 1.0000
vn -1.0000 0.0000 -0.0000
vn 0.0000 0.0000 -1.0000
vn 1.0000 0.0000 0.0000
# 6 vertex normals

vt 1.0000 0.0000 0.0000
vt 1.0000 1.0000 0.0000
vt 0.0000 1.0000 0.0000
vt 0.0000 0.0000 0.0000
# 4 texture coords

g Box038
usemtl 01___Default
s 2
f 128/116/24 127/115/24 126/114/24 125/113/24 
s 4
f 132/115/25 131/114/25 130/113/25 129/116/25 
s 8
f 129/115/26 130/114/26 128/113/26 125/116/26 
s 16
f 130/115/27 131/114/27 127/113/27 128/116/27 
s 32
f 131/115/28 132/114/28 126/113/28 127/116/28 
s 64
f 132/115/29 129/114/29 125/113/29 126/116/29 
# 6 polygons

#
# object Box053
#

v  -33.3509 -0.8612 -30.2609
v  -33.3509 -0.8612 -121.9058
v  -32.0809 -0.8612 -121.9058
v  -32.0809 -0.8612 -30.2609
v  -33.3509 3.8852 -30.2609
v  -32.0809 3.8852 -30.2609
v  -32.0809 3.8852 -121.9058
v  -33.3509 3.8852 -121.9058
# 8 vertices

vn 0.0000 -1.0000 -0.0000
vn 0.0000 1.0000 -0.0000
vn 0.0000 0.0000 1.0000
vn 1.0000 0.0000 -0.0000
vn 0.0000 0.0000 -1.0000
vn -1.0000 0.0000 -0.0000
# 6 vertex normals

vt 1.0000 0.0000 0.0000
vt 1.0000 1.0000 0.0000
vt 0.0000 1.0000 0.0000
vt 0.0000 0.0000 0.0000
# 4 texture coords

g Box053
usemtl 01___Default
s 2
f 133/117/30 134/118/30 135/119/30 136/120/30 
s 4
f 137/120/31 138/117/31 139/118/31 140/119/31 
s 8
f 133/120/32 136/117/32 138/118/32 137/119/32 
s 16
f 136/120/33 135/117/33 139/118/33 138/119/33 
s 32
f 135/120/34 134/117/34 140/118/34 139/119/34 
s 64
f 134/120/35 133/117/35 137/118/35 140/119/35 
# 6 polygons

#
# object Box025
#

v  -43.5142 -0.1812 -23.8055
v  -43.5142 -0.1812 -13.6455
v  -33.3542 -0.1812 -13.6455
v  -33.3542 -0.1812 -23.8055
v  -43.5142 1.0888 -23.8055
v  -33.3542 1.0888 -23.8055
v  -33.3542 1.0888 -13.6455
v  -43.5142 1.0888 -13.6455
# 8 vertices

vn -0.0000 -1.0000 -0.0000
vn 0.0000 1.0000 0.0000
vn -0.0000 0.0000 -1.0000
vn 1.0000 0.0000 -0.0000
vn 0.0000 -0.0000 1.0000
vn -1.0000 0.0000 0.0000
# 6 vertex normals

vt 1.0000 0.0000 0.0000
vt 1.0000 1.0000 0.0000
vt 0.0000 1.0000 0.0000
vt 0.0000 0.0000 0.0000
# 4 texture coords

g Box025
usemtl fhghkfgh
s 2
f 144/124/36 143/123/36 142/122/36 141/121/36 
s 4
f 148/123/37 147/122/37 146/121/37 145/124/37 
s 8
f 145/123/38 146/122/38 144/121/38 141/124/38 
s 16
f 146/123/39 147/122/39 143/121/39 144/124/39 
s 32
f 147/123/40 148/122/40 142/121/40 143/124/40 
s 64
f 148/123/41 145/122/41 141/121/41 142/124/41 
# 6 polygons

#
# object Box026
#

v  -43.5687 -0.1105 -29.6649
v  -43.5687 -0.1105 -23.6765
v  -33.4646 -0.1105 -23.6765
v  -33.4646 -0.1105 -29.6650
v  -43.5687 3.6995 -29.6649
v  -33.4646 3.6995 -29.6650
v  -33.4646 3.6995 -23.6765
v  -43.5687 3.6995 -23.6765
# 8 vertices

vn -0.0000 -1.0000 -0.0000
vn 0.0000 1.0000 0.0000
vn -0.0000 0.0000 -1.0000
vn 1.0000 0.0000 -0.0000
vn 0.0000 -0.0000 1.0000
vn -1.0000 -0.0000 0.0000
# 6 vertex normals

vt 1.0000 0.0000 0.0000
vt 1.0000 1.0000 0.0000
vt 0.0000 1.0000 0.0000
vt 0.0000 0.0000 0.0000
# 4 texture coords

g Box026
usemtl fhghkfgh
s 2
f 152/128/42 151/127/42 150/126/42 149/125/42 
s 4
f 156/127/43 155/126/43 154/125/43 153/128/43 
s 8
f 153/127/44 154/126/44 152/125/44 149/128/44 
s 16
f 154/127/45 155/126/45 151/125/45 152/128/45 
s 32
f 155/127/46 156/126/46 150/125/46 151/128/46 
s 64
f 156/127/47 153/126/47 149/125/47 150/128/47 
# 6 polygons

#
# object Box027
#

v  -38.5663 2.4315 -23.8055
v  -38.5663 2.4315 -13.6455
v  -33.4863 2.4315 -13.6455
v  -33.4863 2.4315 -23.8055
v  -38.5663 3.7015 -23.8055
v  -33.4863 3.7015 -23.8055
v  -33.4863 3.7015 -13.6455
v  -38.5663 3.7015 -13.6455
# 8 vertices

vn -0.0000 -1.0000 -0.0000
vn 0.0000 1.0000 0.0000
vn -0.0000 0.0000 -1.0000
vn 1.0000 0.0000 -0.0000
vn 0.0000 -0.0000 1.0000
vn -1.0000 0.0000 0.0000
# 6 vertex normals

vt 1.0000 0.0000 0.0000
vt 1.0000 1.0000 0.0000
vt 0.0000 1.0000 0.0000
vt 0.0000 0.0000 0.0000
# 4 texture coords

g Box027
usemtl fhghkfgh
s 2
f 160/132/48 159/131/48 158/130/48 157/129/48 
s 4
f 164/131/49 163/130/49 162/129/49 161/132/49 
s 8
f 161/131/50 162/130/50 160/129/50 157/132/50 
s 16
f 162/131/51 163/130/51 159/129/51 160/132/51 
s 32
f 163/131/52 164/130/52 158/129/52 159/132/52 
s 64
f 164/131/53 161/130/53 157/129/53 158/132/53 
# 6 polygons

#
# object Box029
#

v  -44.7416 -1.0366 -28.4721
v  -44.7416 -1.0366 -29.7421
v  -33.6815 -1.0366 -29.7421
v  -33.6815 -1.0366 -28.4721
v  -44.7416 3.7478 -28.4721
v  -33.6815 3.7478 -28.4721
v  -33.6815 3.7478 -29.7421
v  -44.7416 3.7478 -29.7421
# 8 vertices

vn 0.0000 -1.0000 0.0000
vn 0.0000 1.0000 -0.0000
vn 0.0000 0.0000 1.0000
vn 1.0000 0.0000 -0.0000
vn -0.0000 -0.0000 -1.0000
vn -1.0000 0.0000 -0.0000
# 6 vertex normals

vt 1.0000 0.0000 0.0000
vt 1.0000 1.0000 0.0000
vt 0.0000 1.0000 0.0000
vt 0.0000 0.0000 0.0000
# 4 texture coords

g Box029
usemtl 01___Default
s 2
f 165/133/54 166/134/54 167/135/54 168/136/54 
s 4
f 169/136/55 170/133/55 171/134/55 172/135/55 
s 8
f 165/136/56 168/133/56 170/134/56 169/135/56 
s 16
f 168/136/57 167/133/57 171/134/57 170/135/57 
s 32
f 167/136/58 166/133/58 172/134/58 171/135/58 
s 64
f 166/136/59 165/133/59 169/134/59 172/135/59 
# 6 polygons

#
# object Box030
#

v  -41.0842 1.1801 -23.8055
v  -41.0842 1.1801 -13.6455
v  -33.4642 1.1801 -13.6455
v  -33.4642 1.1801 -23.8055
v  -41.0842 2.4501 -23.8055
v  -33.4642 2.4501 -23.8055
v  -33.4642 2.4501 -13.6455
v  -41.0842 2.4501 -13.6455
# 8 vertices

vn -0.0000 -1.0000 -0.0000
vn 0.0000 1.0000 0.0000
vn -0.0000 0.0000 -1.0000
vn 1.0000 0.0000 -0.0000
vn 0.0000 -0.0000 1.0000
vn -1.0000 0.0000 0.0000
# 6 vertex normals

vt 1.0000 0.0000 0.0000
vt 1.0000 1.0000 0.0000
vt 0.0000 1.0000 0.0000
vt 0.0000 0.0000 0.0000
# 4 texture coords

g Box030
usemtl fhghkfgh
s 2
f 176/140/60 175/139/60 174/138/60 173/137/60 
s 4
f 180/139/61 179/138/61 178/137/61 177/140/61 
s 8
f 177/139/62 178/138/62 176/137/62 173/140/62 
s 16
f 178/139/63 179/138/63 175/137/63 176/140/63 
s 32
f 179/139/64 180/138/64 174/137/64 175/140/64 
s 64
f 180/139/65 177/138/65 173/137/65 174/140/65 
# 6 polygons

#
# object Box031
#

v  -43.5687 -0.1105 -13.8243
v  -43.5687 -0.1105 6.0585
v  -33.4646 -0.1105 6.0585
v  -33.4646 -0.1105 -13.8243
v  -43.5687 3.6995 -13.8243
v  -33.4646 3.6995 -13.8243
v  -33.4646 3.6995 6.0585
v  -43.5687 3.6995 6.0585
# 8 vertices

vn -0.0000 -1.0000 -0.0000
vn 0.0000 1.0000 0.0000
vn -0.0000 0.0000 -1.0000
vn 1.0000 0.0000 -0.0000
vn 0.0000 -0.0000 1.0000
vn -1.0000 -0.0000 0.0000
# 6 vertex normals

vt 1.0000 0.0000 0.0000
vt 1.0000 1.0000 0.0000
vt 0.0000 1.0000 0.0000
vt 0.0000 0.0000 0.0000
# 4 texture coords

g Box031
usemtl fhghkfgh
s 2
f 184/144/66 183/143/66 182/142/66 181/141/66 
s 4
f 188/143/67 187/142/67 186/141/67 185/144/67 
s 8
f 185/143/68 186/142/68 184/141/68 181/144/68 
s 16
f 186/143/69 187/142/69 183/141/69 184/144/69 
s 32
f 187/143/70 188/142/70 182/141/70 183/144/70 
s 64
f 188/143/71 185/142/71 181/141/71 182/144/71 
# 6 polygons

#
# object Box032
#

v  -33.5212 -0.1105 -29.5015
v  -33.5212 -0.1105 6.0585
v  -32.2512 -0.1105 6.0585
v  -32.2512 -0.1105 -29.5015
v  -33.5212 3.6995 -29.5015
v  -32.2512 3.6995 -29.5015
v  -32.2512 3.6995 6.0585
v  -33.5212 3.6995 6.0585
# 8 vertices

vn -0.0000 -1.0000 -0.0000
vn 0.0000 1.0000 0.0000
vn -0.0000 0.0000 -1.0000
vn 1.0000 0.0000 -0.0000
vn 0.0000 -0.0000 1.0000
vn -1.0000 0.0000 0.0000
# 6 vertex normals

vt 1.0000 0.0000 0.0000
vt 1.0000 1.0000 0.0000
vt 0.0000 1.0000 0.0000
vt 0.0000 0.0000 0.0000
# 4 texture coords

g Box032
usemtl fhghkfgh
s 2
f 192/148/72 191/147/72 190/146/72 189/145/72 
s 4
f 196/147/73 195/146/73 194/145/73 193/148/73 
s 8
f 193/147/74 194/146/74 192/145/74 189/148/74 
s 16
f 194/147/75 195/146/75 191/145/75 192/148/75 
s 32
f 195/147/76 196/146/76 190/145/76 191/148/76 
s 64
f 196/147/77 193/146/77 189/145/77 190/148/77 
# 6 polygons

#
# object Plane008
#

v  -29.9720 0.0000 35.2884
v  -29.9720 0.0000 56.8290
v  -40.1320 0.0000 56.8290
v  -40.1320 0.0000 35.2884
v  -50.2920 0.0000 56.8290
v  -50.2920 0.0000 35.2884
v  -60.4520 0.0000 56.8290
v  -60.4520 0.0000 35.2884
v  -70.6120 0.0000 56.8290
v  -70.6120 0.0000 35.2884
v  -29.9720 0.0000 13.7479
v  -40.1320 0.0000 13.7479
v  -50.2920 0.0000 13.7479
v  -60.4520 0.0000 13.7479
v  -70.6120 0.0000 13.7479
v  -29.9720 -0.0000 -7.7926
v  -40.1320 -0.0000 -7.7926
v  -50.2920 -0.0000 -7.7926
v  -60.4520 -0.0000 -7.7926
v  -70.6120 -0.0000 -7.7926
v  -29.9720 -0.0000 -29.3331
v  -40.1320 -0.0000 -29.3331
v  -50.2920 -0.0000 -29.3331
v  -60.4520 -0.0000 -29.3331
v  -70.6120 -0.0000 -29.3331
# 25 vertices

vn 0.0000 1.0000 -0.0000
# 1 vertex normals

vt 0.0000 0.2500 0.0000
vt 0.0000 0.0000 0.0000
vt 0.2500 0.0000 0.0000
vt 0.2500 0.2500 0.0000
vt 0.5000 0.0000 0.0000
vt 0.5000 0.2500 0.0000
vt 0.7500 0.0000 0.0000
vt 0.7500 0.2500 0.0000
vt 1.0000 0.0000 0.0000
vt 1.0000 0.2500 0.0000
vt 0.0000 0.5000 0.0000
vt 0.2500 0.5000 0.0000
vt 0.5000 0.5000 0.0000
vt 0.7500 0.5000 0.0000
vt 1.0000 0.5000 0.0000
vt 0.0000 0.7500 0.0000
vt 0.2500 0.7500 0.0000
vt 0.5000 0.7500 0.0000
vt 0.7500 0.7500 0.0000
vt 1.0000 0.7500 0.0000
vt 0.0000 1.0000 0.0000
vt 0.2500 1.0000 0.0000
vt 0.5000 1.0000 0.0000
vt 0.7500 1.0000 0.0000
vt 1.0000 1.0000 0.0000
# 25 texture coords

g Plane008
usemtl y
s 1
f 200/152/78 199/151/78 198/150/78 197/149/78 
f 202/154/78 201/153/78 199/151/78 200/152/78 
f 204/156/78 203/155/78 201/153/78 202/154/78 
f 206/158/78 205/157/78 203/155/78 204/156/78 
f 208/160/78 200/152/78 197/149/78 207/159/78 
f 209/161/78 202/154/78 200/152/78 208/160/78 
f 210/162/78 204/156/78 202/154/78 209/161/78 
f 211/163/78 206/158/78 204/156/78 210/162/78 
f 213/165/78 208/160/78 207/159/78 212/164/78 
f 214/166/78 209/161/78 208/160/78 213/165/78 
f 215/167/78 210/162/78 209/161/78 214/166/78 
f 216/168/78 211/163/78 210/162/78 215/167/78 
f 218/170/78 213/165/78 212/164/78 217/169/78 
f 219/171/78 214/166/78 213/165/78 218/170/78 
f 220/172/78 215/167/78 214/166/78 219/171/78 
f 221/173/78 216/168/78 215/167/78 220/172/78 
# 16 polygons

#
# object Box058
#

v  94.0751 -0.8612 -40.1526
v  94.0751 -0.8612 -121.9058
v  95.3451 -0.8612 -121.9058
v  95.3451 -0.8612 -40.1526
v  94.0751 3.9014 -40.1526
v  95.3451 3.9014 -40.1526
v  95.3451 3.9014 -121.9058
v  94.0751 3.9014 -121.9058
# 8 vertices

vn 0.0000 -1.0000 -0.0000
vn 0.0000 1.0000 -0.0000
vn 0.0000 0.0000 1.0000
vn 1.0000 0.0000 -0.0000
vn 0.0000 0.0000 -1.0000
vn -1.0000 0.0000 -0.0000
# 6 vertex normals

vt 1.0000 0.0000 0.0000
vt 1.0000 1.0000 0.0000
vt 0.0000 1.0000 0.0000
vt 0.0000 0.0000 0.0000
# 4 texture coords

g Box058
usemtl 01___Default
s 2
f 222/174/79 223/175/79 224/176/79 225/177/79 
s 4
f 226/177/80 227/174/80 228/175/80 229/176/80 
s 8
f 222/177/81 225/174/81 227/175/81 226/176/81 
s 16
f 225/177/82 224/174/82 228/175/82 227/176/82 
s 32
f 224/177/83 223/174/83 229/175/83 228/176/83 
s 64
f 223/177/84 222/174/84 226/175/84 229/176/84 
# 6 polygons

#
# object Box059
#

v  94.7418 -1.0366 -121.5843
v  94.7418 -1.0366 -122.8543
v  -31.3888 -1.0366 -122.8543
v  -31.3888 -1.0366 -121.5843
v  94.7418 3.8993 -121.5843
v  -31.3888 3.8993 -121.5843
v  -31.3888 3.8993 -122.8543
v  94.7418 3.8993 -122.8543
# 8 vertices

vn 0.0000 -1.0000 -0.0000
vn 0.0000 1.0000 -0.0000
vn -0.0000 -0.0000 1.0000
vn -0.0000 0.0000 1.0000
vn -1.0000 0.0000 -0.0000
vn 0.0000 0.0000 -1.0000
vn 1.0000 -0.0000 0.0000
# 7 vertex normals

vt 1.0000 0.0000 0.0000
vt 1.0000 1.0000 0.0000
vt 0.0000 1.0000 0.0000
vt 0.0000 0.0000 0.0000
# 4 texture coords

g Box059
usemtl 01___Default
s 2
f 233/181/85 232/180/85 231/179/85 230/178/85 
s 4
f 237/180/86 236/179/86 235/178/86 234/181/86 
s 8
f 234/180/87 235/179/87 233/178/88 230/181/87 
s 16
f 235/180/89 236/179/89 232/178/89 233/181/89 
s 32
f 236/180/90 237/179/90 231/178/90 232/181/90 
s 64
f 237/180/91 234/179/91 230/178/91 231/181/91 
# 6 polygons

#
# object Box014
#

v  106.4787 -0.1812 -15.8789
v  106.4787 -0.1812 -5.7189
v  96.3187 -0.1812 -5.7189
v  96.3187 -0.1812 -15.8789
v  106.4787 1.0888 -15.8789
v  96.3187 1.0888 -15.8789
v  96.3187 1.0888 -5.7189
v  106.4787 1.0888 -5.7189
# 8 vertices

vn 0.0000 -1.0000 -0.0000
vn 0.0000 1.0000 -0.0000
vn 0.0000 0.0000 -1.0000
vn -1.0000 0.0000 -0.0000
vn -0.0000 0.0000 1.0000
vn 1.0000 0.0000 0.0000
# 6 vertex normals

vt 1.0000 0.0000 0.0000
vt 1.0000 1.0000 0.0000
vt 0.0000 1.0000 0.0000
vt 0.0000 0.0000 0.0000
# 4 texture coords

g Box014
usemtl fhghkfgh
s 2
f 238/182/92 239/183/92 240/184/92 241/185/92 
s 4
f 242/185/93 243/182/93 244/183/93 245/184/93 
s 8
f 238/185/94 241/182/94 243/183/94 242/184/94 
s 16
f 241/185/95 240/182/95 244/183/95 243/184/95 
s 32
f 240/185/96 239/182/96 245/183/96 244/184/96 
s 64
f 239/185/97 238/182/97 242/183/97 245/184/97 
# 6 polygons

#
# object Box019
#

v  106.5332 -0.1105 -31.6035
v  106.5332 -0.1105 -15.7499
v  96.4291 -0.1105 -15.7499
v  96.4291 -0.1105 -31.6035
v  106.5332 3.6995 -31.6035
v  96.4291 3.6995 -31.6035
v  96.4291 3.6995 -15.7499
v  106.5332 3.6995 -15.7499
# 8 vertices

vn 0.0000 -1.0000 -0.0000
vn 0.0000 1.0000 -0.0000
vn 0.0000 0.0000 -1.0000
vn -1.0000 0.0000 -0.0000
vn -0.0000 0.0000 1.0000
vn 1.0000 0.0000 0.0000
# 6 vertex normals

vt 1.0000 0.0000 0.0000
vt 1.0000 1.0000 0.0000
vt 0.0000 1.0000 0.0000
vt 0.0000 0.0000 0.0000
# 4 texture coords

g Box019
usemtl fhghkfgh
s 2
f 246/186/98 247/187/98 248/188/98 249/189/98 
s 4
f 250/189/99 251/186/99 252/187/99 253/188/99 
s 8
f 246/189/100 249/186/100 251/187/100 250/188/100 
s 16
f 249/189/101 248/186/101 252/187/101 251/188/101 
s 32
f 248/189/102 247/186/102 253/187/102 252/188/102 
s 64
f 247/189/103 246/186/103 250/187/103 253/188/103 
# 6 polygons

#
# object Box017
#

v  101.5308 2.4315 -15.8789
v  101.5308 2.4315 -5.7189
v  96.4508 2.4315 -5.7189
v  96.4508 2.4315 -15.8789
v  101.5308 3.7015 -15.8789
v  96.4508 3.7015 -15.8789
v  96.4508 3.7015 -5.7189
v  101.5308 3.7015 -5.7189
# 8 vertices

vn 0.0000 -1.0000 -0.0000
vn 0.0000 1.0000 -0.0000
vn 0.0000 0.0000 -1.0000
vn -1.0000 0.0000 -0.0000
vn -0.0000 0.0000 1.0000
vn 1.0000 0.0000 0.0000
# 6 vertex normals

vt 1.0000 0.0000 0.0000
vt 1.0000 1.0000 0.0000
vt 0.0000 1.0000 0.0000
vt 0.0000 0.0000 0.0000
# 4 texture coords

g Box017
usemtl fhghkfgh
s 2
f 254/190/104 255/191/104 256/192/104 257/193/104 
s 4
f 258/193/105 259/190/105 260/191/105 261/192/105 
s 8
f 254/193/106 257/190/106 259/191/106 258/192/106 
s 16
f 257/193/107 256/190/107 260/191/107 259/192/107 
s 32
f 256/193/108 255/190/108 261/191/108 260/192/108 
s 64
f 255/193/109 254/190/109 258/191/109 261/192/109 
# 6 polygons

#
# object Box020
#

v  107.7061 -1.0366 -30.5145
v  107.7061 -1.0366 -31.7845
v  96.6461 -1.0366 -31.7845
v  96.6461 -1.0366 -30.5145
v  107.7061 19.2834 -30.5145
v  96.6461 19.2834 -30.5145
v  96.6461 19.2834 -31.7845
v  107.7061 19.2834 -31.7845
# 8 vertices

vn 0.0000 -1.0000 0.0000
vn 0.0000 1.0000 -0.0000
vn -0.0000 0.0000 1.0000
vn -1.0000 0.0000 -0.0000
vn 0.0000 -0.0000 -1.0000
vn 1.0000 0.0000 -0.0000
# 6 vertex normals

vt 1.0000 0.0000 0.0000
vt 1.0000 1.0000 0.0000
vt 0.0000 1.0000 0.0000
vt 0.0000 0.0000 0.0000
# 4 texture coords

g Box020
usemtl 01___Default
s 2
f 265/197/110 264/196/110 263/195/110 262/194/110 
s 4
f 269/196/111 268/195/111 267/194/111 266/197/111 
s 8
f 266/196/112 267/195/112 265/194/112 262/197/112 
s 16
f 267/196/113 268/195/113 264/194/113 265/197/113 
s 32
f 268/196/114 269/195/114 263/194/114 264/197/114 
s 64
f 269/196/115 266/195/115 262/194/115 263/197/115 
# 6 polygons

#
# object Box016
#

v  104.0487 1.1801 -15.8789
v  104.0487 1.1801 -5.7189
v  96.4287 1.1801 -5.7189
v  96.4287 1.1801 -15.8789
v  104.0487 2.4501 -15.8789
v  96.4287 2.4501 -15.8789
v  96.4287 2.4501 -5.7189
v  104.0487 2.4501 -5.7189
# 8 vertices

vn 0.0000 -1.0000 -0.0000
vn 0.0000 1.0000 -0.0000
vn 0.0000 0.0000 -1.0000
vn -1.0000 0.0000 -0.0000
vn -0.0000 0.0000 1.0000
vn 1.0000 0.0000 0.0000
# 6 vertex normals

vt 1.0000 0.0000 0.0000
vt 1.0000 1.0000 0.0000
vt 0.0000 1.0000 0.0000
vt 0.0000 0.0000 0.0000
# 4 texture coords

g Box016
usemtl fhghkfgh
s 2
f 270/198/116 271/199/116 272/200/116 273/201/116 
s 4
f 274/201/117 275/198/117 276/199/117 277/200/117 
s 8
f 270/201/118 273/198/118 275/199/118 274/200/118 
s 16
f 273/201/119 272/198/119 276/199/119 275/200/119 
s 32
f 272/201/120 271/198/120 277/199/120 276/200/120 
s 64
f 271/201/121 270/198/121 274/199/121 277/200/121 
# 6 polygons

#
# object Box018
#

v  106.4145 -0.1105 -5.8976
v  106.4145 -0.1105 13.9851
v  96.3104 -0.1105 13.9851
v  96.3105 -0.1105 -5.8976
v  106.4145 3.6995 -5.8976
v  96.3105 3.6995 -5.8976
v  96.3104 3.6995 13.9851
v  106.4145 3.6995 13.9851
# 8 vertices

vn 0.0000 -1.0000 -0.0000
vn 0.0000 1.0000 -0.0000
vn 0.0000 0.0000 -1.0000
vn -1.0000 0.0000 -0.0000
vn -0.0000 0.0000 1.0000
vn 1.0000 0.0000 0.0000
# 6 vertex normals

vt 1.0000 0.0000 0.0000
vt 1.0000 1.0000 0.0000
vt 0.0000 1.0000 0.0000
vt 0.0000 0.0000 0.0000
# 4 texture coords

g Box018
usemtl fhghkfgh
s 2
f 278/202/122 279/203/122 280/204/122 281/205/122 
s 4
f 282/205/123 283/202/123 284/203/123 285/204/123 
s 8
f 278/205/124 281/202/124 283/203/124 282/204/124 
s 16
f 281/205/125 280/202/125 284/203/125 283/204/125 
s 32
f 280/205/126 279/202/126 285/203/126 284/204/126 
s 64
f 279/205/127 278/202/127 282/203/127 285/204/127 
# 6 polygons

#
# object Box015
#

v  96.4857 -0.1105 -21.5749
v  96.4857 -0.1105 13.9851
v  95.2157 -0.1105 13.9851
v  95.2157 -0.1105 -21.5749
v  96.4857 3.6995 -21.5749
v  95.2157 3.6995 -21.5749
v  95.2157 3.6995 13.9851
v  96.4857 3.6995 13.9851
# 8 vertices

vn 0.0000 -1.0000 -0.0000
vn 0.0000 1.0000 -0.0000
vn 0.0000 0.0000 -1.0000
vn -1.0000 0.0000 -0.0000
vn -0.0000 0.0000 1.0000
vn 1.0000 0.0000 0.0000
# 6 vertex normals

vt 1.0000 0.0000 0.0000
vt 1.0000 1.0000 0.0000
vt 0.0000 1.0000 0.0000
vt 0.0000 0.0000 0.0000
# 4 texture coords

g Box015
usemtl fhghkfgh
s 2
f 286/206/128 287/207/128 288/208/128 289/209/128 
s 4
f 290/209/129 291/206/129 292/207/129 293/208/129 
s 8
f 286/209/130 289/206/130 291/207/130 290/208/130 
s 16
f 289/209/131 288/206/131 292/207/131 291/208/131 
s 32
f 288/209/132 287/206/132 293/207/132 292/208/132 
s 64
f 287/209/133 286/206/133 290/207/133 293/208/133 
# 6 polygons

#
# object Plane006
#

v  92.7134 0.0000 27.5781
v  92.7134 0.0000 49.2189
v  102.8734 0.0000 49.2189
v  102.8734 0.0000 27.5781
v  113.0334 0.0000 49.2189
v  113.0334 0.0000 27.5781
v  123.1934 0.0000 49.2189
v  123.1934 0.0000 27.5781
v  133.3534 0.0000 49.2189
v  133.3534 0.0000 27.5781
v  92.7134 0.0000 5.9373
v  102.8734 0.0000 5.9373
v  113.0334 0.0000 5.9373
v  123.1934 0.0000 5.9373
v  133.3534 0.0000 5.9373
v  92.7134 0.0000 -15.7035
v  102.8734 0.0000 -15.7035
v  113.0334 0.0000 -15.7035
v  123.1934 0.0000 -15.7035
v  133.3534 0.0000 -15.7035
v  92.7134 0.0000 -37.3443
v  102.8734 0.0000 -37.3443
v  113.0334 0.0000 -37.3443
v  123.1934 0.0000 -37.3443
v  133.3534 0.0000 -37.3443
# 25 vertices

vn 0.0000 1.0000 -0.0000
# 1 vertex normals

vt 0.0000 0.2500 0.0000
vt 0.0000 0.0000 0.0000
vt 0.2500 0.0000 0.0000
vt 0.2500 0.2500 0.0000
vt 0.5000 0.0000 0.0000
vt 0.5000 0.2500 0.0000
vt 0.7500 0.0000 0.0000
vt 0.7500 0.2500 0.0000
vt 1.0000 0.0000 0.0000
vt 1.0000 0.2500 0.0000
vt 0.0000 0.5000 0.0000
vt 0.2500 0.5000 0.0000
vt 0.5000 0.5000 0.0000
vt 0.7500 0.5000 0.0000
vt 1.0000 0.5000 0.0000
vt 0.0000 0.7500 0.0000
vt 0.2500 0.7500 0.0000
vt 0.5000 0.7500 0.0000
vt 0.7500 0.7500 0.0000
vt 1.0000 0.7500 0.0000
vt 0.0000 1.0000 0.0000
vt 0.2500 1.0000 0.0000
vt 0.5000 1.0000 0.0000
vt 0.7500 1.0000 0.0000
vt 1.0000 1.0000 0.0000
# 25 texture coords

g Plane006
usemtl y
s 1
f 294/210/134 295/211/134 296/212/134 297/213/134 
f 297/213/134 296/212/134 298/214/134 299/215/134 
f 299/215/134 298/214/134 300/216/134 301/217/134 
f 301/217/134 300/216/134 302/218/134 303/219/134 
f 304/220/134 294/210/134 297/213/134 305/221/134 
f 305/221/134 297/213/134 299/215/134 306/222/134 
f 306/222/134 299/215/134 301/217/134 307/223/134 
f 307/223/134 301/217/134 303/219/134 308/224/134 
f 309/225/134 304/220/134 305/221/134 310/226/134 
f 310/226/134 305/221/134 306/222/134 311/227/134 
f 311/227/134 306/222/134 307/223/134 312/228/134 
f 312/228/134 307/223/134 308/224/134 313/229/134 
f 314/230/134 309/225/134 310/226/134 315/231/134 
f 315/231/134 310/226/134 311/227/134 316/232/134 
f 316/232/134 311/227/134 312/228/134 317/233/134 
f 317/233/134 312/228/134 313/229/134 318/234/134 
# 16 polygons

#
# object Box073
#

v  8.3683 0.0578 47.7518
v  8.3683 0.0578 25.8521
v  46.8469 0.0578 25.8521
v  46.8469 0.0578 47.7518
v  8.3683 8.6197 47.7518
v  46.8469 8.6197 47.7518
v  46.8469 8.6197 25.8521
v  8.3683 8.6197 25.8521
# 8 vertices

vn 0.0000 -1.0000 -0.0000
vn 0.0000 1.0000 -0.0000
vn 0.0000 0.0000 1.0000
vn 1.0000 0.0000 -0.0000
vn 0.0000 0.0000 -1.0000
vn -1.0000 0.0000 -0.0000
# 6 vertex normals

vt 1.0000 0.0000 0.0000
vt 1.0000 1.0000 0.0000
vt 0.0000 1.0000 0.0000
vt 0.0000 0.0000 0.0000
# 4 texture coords

g Box073
usemtl xdgh
s 2
f 319/235/135 320/236/135 321/237/135 322/238/135 
s 4
f 323/238/136 324/235/136 325/236/136 326/237/136 
s 8
f 319/238/137 322/235/137 324/236/137 323/237/137 
s 16
f 322/238/138 321/235/138 325/236/138 324/237/138 
usemtl tfg
s 32
f 321/238/139 320/235/139 326/236/139 325/237/139 
usemtl xdgh
s 64
f 320/238/140 319/235/140 323/236/140 326/237/140 
# 6 polygons

#
# object Box125
#

v  46.0993 10.9710 46.7325
v  46.0993 10.9710 45.2085
v  7.9855 10.9710 45.2085
v  7.9855 10.9710 46.7325
v  46.0993 32.8660 46.7325
v  7.9855 32.8660 46.7325
v  7.9855 32.8660 45.2085
v  46.0993 32.8660 45.2085
# 8 vertices

vn 0.0000 -1.0000 -0.0000
vn 0.0000 1.0000 -0.0000
vn -0.0000 0.0000 1.0000
vn -1.0000 0.0000 -0.0000
vn 0.0000 0.0000 -1.0000
vn 1.0000 0.0000 0.0000
# 6 vertex normals

vt 1.0000 0.0000 0.0000
vt 1.0000 1.0000 0.0000
vt 0.0000 1.0000 0.0000
vt 0.0000 0.0000 0.0000
# 4 texture coords

g Box125
usemtl cfhdfjh
s 2
f 330/242/141 329/241/141 328/240/141 327/239/141 
s 4
f 334/241/142 333/240/142 332/239/142 331/242/142 
usemtl xdgh
s 8
f 331/241/143 332/240/143 330/239/143 327/242/143 
usemtl cfhdfjh
s 16
f 332/241/144 333/240/144 329/239/144 330/242/144 
s 32
f 333/241/145 334/240/145 328/239/145 329/242/145 
s 64
f 334/241/146 331/240/146 327/239/146 328/242/146 
# 6 polygons

#
# object Box141
#

v  81.2516 9.5381 17.6908
v  81.2516 9.5381 16.4208
v  56.1532 9.5381 22.5220
v  56.1532 9.5381 23.7920
v  81.2516 24.7946 17.6908
v  56.1532 24.7945 23.7920
v  56.1532 24.7945 22.5220
v  81.2516 24.7946 16.4208
# 8 vertices

vn 0.0000 -1.0000 -0.0000
vn 0.0000 -1.0000 0.0000
vn -0.0000 -1.0000 -0.0000
vn 0.0000 1.0000 0.0000
vn 0.2362 0.0000 0.9717
vn -1.0000 0.0000 -0.0000
vn -0.2362 -0.0000 -0.9717
vn 1.0000 0.0000 0.0000
# 8 vertex normals

vt 1.0000 0.0000 0.0000
vt 1.0000 1.0000 0.0000
vt 0.0000 1.0000 0.0000
vt 0.0000 0.0000 0.0000
# 4 texture coords

g Box141
usemtl cfhdfjh
s 2
f 338/246/149 337/245/149 336/244/148 335/243/147 
s 4
f 342/245/150 341/244/150 340/243/150 339/246/150 
s 8
f 339/245/151 340/244/151 338/243/151 335/246/151 
s 16
f 340/245/152 341/244/152 337/243/152 338/246/152 
s 32
f 341/245/153 342/244/153 336/243/153 337/246/153 
s 64
f 342/245/154 339/244/154 335/243/154 336/246/154 
# 6 polygons

#
# object Cylinder064
#

v  43.8001 3.7458 0.0517
v  40.8895 3.7458 -8.9061
v  40.8895 3.9998 -8.9061
v  43.8001 3.9998 0.0517
v  33.2695 3.7458 -14.4424
v  33.2695 3.9998 -14.4424
v  23.8507 3.7458 -14.4424
v  23.8507 3.9998 -14.4424
v  16.2307 3.7458 -8.9061
v  16.2307 3.9998 -8.9061
v  13.3201 3.7458 0.0517
v  13.3201 3.9998 0.0517
v  16.2307 3.7458 9.0096
v  16.2307 3.9998 9.0096
v  23.8507 3.7458 14.5458
v  23.8507 3.9998 14.5458
v  33.2695 3.7458 14.5458
v  33.2695 3.9998 14.5458
v  40.8895 3.7458 9.0096
v  40.8895 3.9998 9.0096
v  40.8895 4.2538 -8.9061
v  43.8001 4.2538 0.0517
v  33.2695 4.2538 -14.4424
v  23.8507 4.2538 -14.4424
v  16.2307 4.2538 -8.9061
v  13.3201 4.2538 0.0517
v  16.2307 4.2538 9.0096
v  23.8507 4.2538 14.5458
v  33.2695 4.2538 14.5458
v  40.8895 4.2538 9.0096
v  40.8895 4.5078 -8.9061
v  43.8001 4.5078 0.0517
v  33.2695 4.5078 -14.4424
v  23.8507 4.5078 -14.4424
v  16.2307 4.5078 -8.9061
v  13.3201 4.5078 0.0517
v  16.2307 4.5078 9.0096
v  23.8507 4.5078 14.5458
v  33.2695 4.5078 14.5458
v  40.8895 4.5078 9.0096
v  40.8895 4.7618 -8.9061
v  43.8001 4.7618 0.0517
v  33.2695 4.7618 -14.4424
v  23.8507 4.7618 -14.4424
v  16.2307 4.7618 -8.9061
v  13.3201 4.7618 0.0517
v  16.2307 4.7618 9.0096
v  23.8507 4.7618 14.5458
v  33.2695 4.7618 14.5458
v  40.8895 4.7618 9.0096
v  40.8895 5.0158 -8.9061
v  43.8001 5.0158 0.0517
v  33.2695 5.0158 -14.4424
v  23.8507 5.0158 -14.4424
v  16.2307 5.0158 -8.9061
v  13.3201 5.0158 0.0517
v  16.2307 5.0158 9.0096
v  23.8507 5.0158 14.5458
v  33.2695 5.0158 14.5458
v  40.8895 5.0158 9.0096
# 60 vertices

vn 1.0000 0.0000 -0.0000
vn 0.8090 0.0000 -0.5878
vn 0.3090 0.0000 -0.9511
vn -0.3090 0.0000 -0.9511
vn -0.8090 0.0000 -0.5878
vn -1.0000 0.0000 0.0000
vn -0.8090 0.0000 0.5878
vn -0.3090 0.0000 0.9511
vn 0.3090 0.0000 0.9511
vn 0.8090 0.0000 0.5878
vn 0.0000 -1.0000 -0.0000
vn 0.0000 1.0000 -0.0000
# 12 vertex normals

vt 0.7500 0.0000 1.0000
vt 0.8500 0.0000 1.0000
vt 0.8500 0.2000 1.0000
vt 0.7500 0.2000 1.0000
vt 0.9500 0.0000 1.0000
vt 0.9500 0.2000 1.0000
vt 1.0500 0.0000 1.0000
vt 1.0500 0.2000 1.0000
vt 0.0500 0.0000 1.0000
vt 0.1500 0.0000 1.0000
vt 0.1500 0.2000 1.0000
vt 0.0500 0.2000 1.0000
vt 0.2500 0.0000 1.0000
vt 0.2500 0.2000 1.0000
vt 0.3500 0.0000 1.0000
vt 0.3500 0.2000 1.0000
vt 0.4500 0.0000 1.0000
vt 0.4500 0.2000 1.0000
vt 0.5500 0.0000 1.0000
vt 0.5500 0.2000 1.0000
vt 0.6500 0.0000 1.0000
vt 0.6500 0.2000 1.0000
vt 0.8500 0.4000 1.0000
vt 0.7500 0.4000 1.0000
vt 0.9500 0.4000 1.0000
vt 1.0500 0.4000 1.0000
vt 0.1500 0.4000 1.0000
vt 0.0500 0.4000 1.0000
vt 0.2500 0.4000 1.0000
vt 0.3500 0.4000 1.0000
vt 0.4500 0.4000 1.0000
vt 0.5500 0.4000 1.0000
vt 0.6500 0.4000 1.0000
vt 0.8500 0.6000 1.0000
vt 0.7500 0.6000 1.0000
vt 0.9500 0.6000 1.0000
vt 1.0500 0.6000 1.0000
vt 0.1500 0.6000 1.0000
vt 0.0500 0.6000 1.0000
vt 0.2500 0.6000 1.0000
vt 0.3500 0.6000 1.0000
vt 0.4500 0.6000 1.0000
vt 0.5500 0.6000 1.0000
vt 0.6500 0.6000 1.0000
vt 0.8500 0.8000 1.0000
vt 0.7500 0.8000 1.0000
vt 0.9500 0.8000 1.0000
vt 1.0500 0.8000 1.0000
vt 0.1500 0.8000 1.0000
vt 0.0500 0.8000 1.0000
vt 0.2500 0.8000 1.0000
vt 0.3500 0.8000 1.0000
vt 0.4500 0.8000 1.0000
vt 0.5500 0.8000 1.0000
vt 0.6500 0.8000 1.0000
vt 0.8500 1.0000 1.0000
vt 0.7500 1.0000 1.0000
vt 0.9500 1.0000 1.0000
vt 1.0500 1.0000 1.0000
vt 0.1500 1.0000 1.0000
vt 0.0500 1.0000 1.0000
vt 0.2500 1.0000 1.0000
vt 0.3500 1.0000 1.0000
vt 0.4500 1.0000 1.0000
vt 0.5500 1.0000 1.0000
vt 0.6500 1.0000 1.0000
vt 0.9755 0.6545 -0.2500
vt 0.9755 0.3455 -0.2500
vt 0.7939 0.0955 -0.2500
vt 0.5000 1.0000 -0.2500
vt 0.5000 0.0000 -0.2500
vt 0.2061 0.0955 -0.2500
vt 0.0245 0.3455 -0.2500
vt 0.0245 0.6545 -0.2500
vt 0.2061 0.9045 -0.2500
vt 0.7939 0.9045 -0.2500
vt 0.2061 0.9045 0.2500
vt 0.0245 0.6545 0.2500
vt 0.0245 0.3455 0.2500
vt 0.7939 0.9045 0.2500
vt 0.2061 0.0955 0.2500
vt 0.5000 0.0000 0.2500
vt 0.7939 0.0955 0.2500
vt 0.9755 0.3455 0.2500
vt 0.9755 0.6545 0.2500
vt 0.5000 1.0000 0.2500
# 86 texture coords

g Cylinder064
usemtl tfg
s 8
f 343/247/155 344/248/156 345/249/156 346/250/155 
f 344/248/156 347/251/157 348/252/157 345/249/156 
f 347/251/157 349/253/158 350/254/158 348/252/157 
f 349/255/158 351/256/159 352/257/159 350/258/158 
f 351/256/159 353/259/160 354/260/160 352/257/159 
f 353/259/160 355/261/161 356/262/161 354/260/160 
f 355/261/161 357/263/162 358/264/162 356/262/161 
f 357/263/162 359/265/163 360/266/163 358/264/162 
f 359/265/163 361/267/164 362/268/164 360/266/163 
f 361/267/164 343/247/155 346/250/155 362/268/164 
f 346/250/155 345/249/156 363/269/156 364/270/155 
f 345/249/156 348/252/157 365/271/157 363/269/156 
f 348/252/157 350/254/158 366/272/158 365/271/157 
f 350/258/158 352/257/159 367/273/159 366/274/158 
f 352/257/159 354/260/160 368/275/160 367/273/159 
f 354/260/160 356/262/161 369/276/161 368/275/160 
f 356/262/161 358/264/162 370/277/162 369/276/161 
f 358/264/162 360/266/163 371/278/163 370/277/162 
f 360/266/163 362/268/164 372/279/164 371/278/163 
f 362/268/164 346/250/155 364/270/155 372/279/164 
f 364/270/155 363/269/156 373/280/156 374/281/155 
f 363/269/156 365/271/157 375/282/157 373/280/156 
f 365/271/157 366/272/158 376/283/158 375/282/157 
f 366/274/158 367/273/159 377/284/159 376/285/158 
f 367/273/159 368/275/160 378/286/160 377/284/159 
f 368/275/160 369/276/161 379/287/161 378/286/160 
f 369/276/161 370/277/162 380/288/162 379/287/161 
f 370/277/162 371/278/163 381/289/163 380/288/162 
f 371/278/163 372/279/164 382/290/164 381/289/163 
f 372/279/164 364/270/155 374/281/155 382/290/164 
f 374/281/155 373/280/156 383/291/156 384/292/155 
f 373/280/156 375/282/157 385/293/157 383/291/156 
f 375/282/157 376/283/158 386/294/158 385/293/157 
f 376/285/158 377/284/159 387/295/159 386/296/158 
f 377/284/159 378/286/160 388/297/160 387/295/159 
f 378/286/160 379/287/161 389/298/161 388/297/160 
f 379/287/161 380/288/162 390/299/162 389/298/161 
f 380/288/162 381/289/163 391/300/163 390/299/162 
f 381/289/163 382/290/164 392/301/164 391/300/163 
f 382/290/164 374/281/155 384/292/155 392/301/164 
f 384/292/155 383/291/156 393/302/156 394/303/155 
f 383/291/156 385/293/157 395/304/157 393/302/156 
f 385/293/157 386/294/158 396/305/158 395/304/157 
f 386/296/158 387/295/159 397/306/159 396/307/158 
f 387/295/159 388/297/160 398/308/160 397/306/159 
f 388/297/160 389/298/161 399/309/161 398/308/160 
f 389/298/161 390/299/162 400/310/162 399/309/161 
f 390/299/162 391/300/163 401/311/163 400/310/162 
f 391/300/163 392/301/164 402/312/164 401/311/163 
f 392/301/164 384/292/155 394/303/155 402/312/164 
s 1
f 359/313/165 357/314/165 355/315/165 343/316/165 
f 355/315/165 353/317/165 351/318/165 343/316/165 
f 351/318/165 349/319/165 347/320/165 343/316/165 
f 347/320/165 344/321/165 343/316/165 
f 361/322/165 359/313/165 343/316/165 
usemtl 03___Defaulttyi
f 393/323/166 395/324/166 396/325/166 402/326/166 
f 396/325/166 397/327/166 398/328/166 402/326/166 
f 398/328/166 399/329/166 400/330/166 402/326/166 
f 400/330/166 401/331/166 402/326/166 
f 394/332/166 393/323/166 402/326/166 
# 56 polygons - 4 triangles

#
# object Cylinder065
#

v  41.2601 4.9079 0.0517
v  38.8346 4.9079 -7.4131
v  38.8346 5.1619 -7.4131
v  41.2601 5.1619 0.0517
v  32.4846 4.9079 -12.0267
v  32.4846 5.1619 -12.0267
v  24.6356 4.9079 -12.0267
v  24.6356 5.1619 -12.0267
v  18.2856 4.9079 -7.4131
v  18.2856 5.1619 -7.4131
v  15.8601 4.9079 0.0517
v  15.8601 5.1619 0.0517
v  18.2856 4.9079 7.5166
v  18.2856 5.1619 7.5166
v  24.6356 4.9079 12.1301
v  24.6356 5.1619 12.1301
v  32.4846 4.9079 12.1301
v  32.4846 5.1619 12.1301
v  38.8346 4.9079 7.5166
v  38.8346 5.1619 7.5166
v  38.8346 5.4159 -7.4131
v  41.2601 5.4159 0.0517
v  32.4846 5.4159 -12.0267
v  24.6356 5.4159 -12.0267
v  18.2856 5.4159 -7.4131
v  15.8601 5.4159 0.0517
v  18.2856 5.4159 7.5166
v  24.6356 5.4159 12.1301
v  32.4846 5.4159 12.1301
v  38.8346 5.4159 7.5166
v  38.8346 5.6699 -7.4131
v  41.2601 5.6699 0.0517
v  32.4846 5.6699 -12.0267
v  24.6356 5.6699 -12.0267
v  18.2856 5.6699 -7.4131
v  15.8601 5.6699 0.0517
v  18.2856 5.6699 7.5166
v  24.6356 5.6699 12.1301
v  32.4846 5.6699 12.1301
v  38.8346 5.6699 7.5166
v  38.8346 5.9239 -7.4131
v  41.2601 5.9239 0.0517
v  32.4846 5.9239 -12.0267
v  24.6356 5.9239 -12.0267
v  18.2856 5.9239 -7.4131
v  15.8601 5.9239 0.0517
v  18.2856 5.9239 7.5166
v  24.6356 5.9239 12.1301
v  32.4846 5.9239 12.1301
v  38.8346 5.9239 7.5166
v  38.8346 6.1779 -7.4131
v  41.2601 6.1779 0.0517
v  32.4846 6.1779 -12.0267
v  24.6356 6.1779 -12.0267
v  18.2856 6.1779 -7.4131
v  15.8601 6.1779 0.0517
v  18.2856 6.1779 7.5166
v  24.6356 6.1779 12.1301
v  32.4846 6.1779 12.1301
v  38.8346 6.1779 7.5166
# 60 vertices

vn 1.0000 0.0000 -0.0000
vn 0.8090 0.0000 -0.5878
vn 0.3090 0.0000 -0.9511
vn -0.3090 0.0000 -0.9511
vn -0.8090 0.0000 -0.5878
vn -1.0000 0.0000 0.0000
vn -0.8090 0.0000 0.5878
vn -0.3090 0.0000 0.9511
vn 0.3090 0.0000 0.9511
vn 0.8090 0.0000 0.5878
vn 0.0000 -1.0000 -0.0000
vn 0.0000 1.0000 -0.0000
# 12 vertex normals

vt 0.7500 0.0000 1.0000
vt 0.8500 0.0000 1.0000
vt 0.8500 0.2000 1.0000
vt 0.7500 0.2000 1.0000
vt 0.9500 0.0000 1.0000
vt 0.9500 0.2000 1.0000
vt 1.0500 0.0000 1.0000
vt 1.0500 0.2000 1.0000
vt 0.0500 0.0000 1.0000
vt 0.1500 0.0000 1.0000
vt 0.1500 0.2000 1.0000
vt 0.0500 0.2000 1.0000
vt 0.2500 0.0000 1.0000
vt 0.2500 0.2000 1.0000
vt 0.3500 0.0000 1.0000
vt 0.3500 0.2000 1.0000
vt 0.4500 0.0000 1.0000
vt 0.4500 0.2000 1.0000
vt 0.5500 0.0000 1.0000
vt 0.5500 0.2000 1.0000
vt 0.6500 0.0000 1.0000
vt 0.6500 0.2000 1.0000
vt 0.8500 0.4000 1.0000
vt 0.7500 0.4000 1.0000
vt 0.9500 0.4000 1.0000
vt 1.0500 0.4000 1.0000
vt 0.1500 0.4000 1.0000
vt 0.0500 0.4000 1.0000
vt 0.2500 0.4000 1.0000
vt 0.3500 0.4000 1.0000
vt 0.4500 0.4000 1.0000
vt 0.5500 0.4000 1.0000
vt 0.6500 0.4000 1.0000
vt 0.8500 0.6000 1.0000
vt 0.7500 0.6000 1.0000
vt 0.9500 0.6000 1.0000
vt 1.0500 0.6000 1.0000
vt 0.1500 0.6000 1.0000
vt 0.0500 0.6000 1.0000
vt 0.2500 0.6000 1.0000
vt 0.3500 0.6000 1.0000
vt 0.4500 0.6000 1.0000
vt 0.5500 0.6000 1.0000
vt 0.6500 0.6000 1.0000
vt 0.8500 0.8000 1.0000
vt 0.7500 0.8000 1.0000
vt 0.9500 0.8000 1.0000
vt 1.0500 0.8000 1.0000
vt 0.1500 0.8000 1.0000
vt 0.0500 0.8000 1.0000
vt 0.2500 0.8000 1.0000
vt 0.3500 0.8000 1.0000
vt 0.4500 0.8000 1.0000
vt 0.5500 0.8000 1.0000
vt 0.6500 0.8000 1.0000
vt 0.8500 1.0000 1.0000
vt 0.7500 1.0000 1.0000
vt 0.9500 1.0000 1.0000
vt 1.0500 1.0000 1.0000
vt 0.1500 1.0000 1.0000
vt 0.0500 1.0000 1.0000
vt 0.2500 1.0000 1.0000
vt 0.3500 1.0000 1.0000
vt 0.4500 1.0000 1.0000
vt 0.5500 1.0000 1.0000
vt 0.6500 1.0000 1.0000
vt 0.9755 0.6545 -0.2500
vt 0.9755 0.3455 -0.2500
vt 0.7939 0.0955 -0.2500
vt 0.5000 1.0000 -0.2500
vt 0.5000 0.0000 -0.2500
vt 0.2061 0.0955 -0.2500
vt 0.0245 0.3455 -0.2500
vt 0.0245 0.6545 -0.2500
vt 0.2061 0.9045 -0.2500
vt 0.7939 0.9045 -0.2500
vt 0.2061 0.9045 0.2500
vt 0.0245 0.6545 0.2500
vt 0.0245 0.3455 0.2500
vt 0.7939 0.9045 0.2500
vt 0.2061 0.0955 0.2500
vt 0.5000 0.0000 0.2500
vt 0.7939 0.0955 0.2500
vt 0.9755 0.3455 0.2500
vt 0.9755 0.6545 0.2500
vt 0.5000 1.0000 0.2500
# 86 texture coords

g Cylinder065
usemtl tfg
s 8
f 403/333/167 404/334/168 405/335/168 406/336/167 
f 404/334/168 407/337/169 408/338/169 405/335/168 
f 407/337/169 409/339/170 410/340/170 408/338/169 
f 409/341/170 411/342/171 412/343/171 410/344/170 
f 411/342/171 413/345/172 414/346/172 412/343/171 
f 413/345/172 415/347/173 416/348/173 414/346/172 
f 415/347/173 417/349/174 418/350/174 416/348/173 
f 417/349/174 419/351/175 420/352/175 418/350/174 
f 419/351/175 421/353/176 422/354/176 420/352/175 
f 421/353/176 403/333/167 406/336/167 422/354/176 
f 406/336/167 405/335/168 423/355/168 424/356/167 
f 405/335/168 408/338/169 425/357/169 423/355/168 
f 408/338/169 410/340/170 426/358/170 425/357/169 
f 410/344/170 412/343/171 427/359/171 426/360/170 
f 412/343/171 414/346/172 428/361/172 427/359/171 
f 414/346/172 416/348/173 429/362/173 428/361/172 
f 416/348/173 418/350/174 430/363/174 429/362/173 
f 418/350/174 420/352/175 431/364/175 430/363/174 
f 420/352/175 422/354/176 432/365/176 431/364/175 
f 422/354/176 406/336/167 424/356/167 432/365/176 
f 424/356/167 423/355/168 433/366/168 434/367/167 
f 423/355/168 425/357/169 435/368/169 433/366/168 
f 425/357/169 426/358/170 436/369/170 435/368/169 
f 426/360/170 427/359/171 437/370/171 436/371/170 
f 427/359/171 428/361/172 438/372/172 437/370/171 
f 428/361/172 429/362/173 439/373/173 438/372/172 
f 429/362/173 430/363/174 440/374/174 439/373/173 
f 430/363/174 431/364/175 441/375/175 440/374/174 
f 431/364/175 432/365/176 442/376/176 441/375/175 
f 432/365/176 424/356/167 434/367/167 442/376/176 
f 434/367/167 433/366/168 443/377/168 444/378/167 
f 433/366/168 435/368/169 445/379/169 443/377/168 
f 435/368/169 436/369/170 446/380/170 445/379/169 
f 436/371/170 437/370/171 447/381/171 446/382/170 
f 437/370/171 438/372/172 448/383/172 447/381/171 
f 438/372/172 439/373/173 449/384/173 448/383/172 
f 439/373/173 440/374/174 450/385/174 449/384/173 
f 440/374/174 441/375/175 451/386/175 450/385/174 
f 441/375/175 442/376/176 452/387/176 451/386/175 
f 442/376/176 434/367/167 444/378/167 452/387/176 
f 444/378/167 443/377/168 453/388/168 454/389/167 
f 443/377/168 445/379/169 455/390/169 453/388/168 
f 445/379/169 446/380/170 456/391/170 455/390/169 
f 446/382/170 447/381/171 457/392/171 456/393/170 
f 447/381/171 448/383/172 458/394/172 457/392/171 
f 448/383/172 449/384/173 459/395/173 458/394/172 
f 449/384/173 450/385/174 460/396/174 459/395/173 
f 450/385/174 451/386/175 461/397/175 460/396/174 
f 451/386/175 452/387/176 462/398/176 461/397/175 
f 452/387/176 444/378/167 454/389/167 462/398/176 
s 1
f 419/399/177 417/400/177 415/401/177 403/402/177 
f 415/401/177 413/403/177 411/404/177 403/402/177 
f 411/404/177 409/405/177 407/406/177 403/402/177 
f 407/406/177 404/407/177 403/402/177 
f 421/408/177 419/399/177 403/402/177 
usemtl xdgh
f 453/409/178 455/410/178 456/411/178 462/412/178 
f 456/411/178 457/413/178 458/414/178 462/412/178 
f 458/414/178 459/415/178 460/416/178 462/412/178 
f 460/416/178 461/417/178 462/412/178 
f 454/418/178 453/409/178 462/412/178 
# 56 polygons - 4 triangles

#
# object Cylinder069
#

v  45.4570 2.4567 0.0517
v  42.0613 2.4567 -10.3991
v  42.0613 2.7107 -10.3991
v  45.4570 2.7107 0.0517
v  33.1713 2.4567 -16.8581
v  33.1713 2.7107 -16.8581
v  22.1827 2.4567 -16.8581
v  22.1827 2.7107 -16.8581
v  13.2927 2.4567 -10.3991
v  13.2927 2.7107 -10.3991
v  9.8970 2.4567 0.0517
v  9.8970 2.7107 0.0517
v  13.2927 2.4567 10.5026
v  13.2927 2.7107 10.5026
v  22.1827 2.4567 16.9615
v  22.1827 2.7107 16.9615
v  33.1713 2.4567 16.9615
v  33.1713 2.7107 16.9615
v  42.0613 2.4567 10.5025
v  42.0613 2.7107 10.5025
v  42.0613 2.9647 -10.3991
v  45.4570 2.9647 0.0517
v  33.1713 2.9647 -16.8581
v  22.1827 2.9647 -16.8581
v  13.2927 2.9647 -10.3991
v  9.8970 2.9647 0.0517
v  13.2927 2.9647 10.5026
v  22.1827 2.9647 16.9615
v  33.1713 2.9647 16.9615
v  42.0613 2.9647 10.5025
v  42.0613 3.2187 -10.3991
v  45.4570 3.2187 0.0517
v  33.1713 3.2187 -16.8581
v  22.1827 3.2187 -16.8581
v  13.2927 3.2187 -10.3991
v  9.8970 3.2187 0.0517
v  13.2927 3.2187 10.5026
v  22.1827 3.2187 16.9615
v  33.1713 3.2187 16.9615
v  42.0613 3.2187 10.5025
v  42.0613 3.4727 -10.3991
v  45.4570 3.4727 0.0517
v  33.1713 3.4727 -16.8581
v  22.1827 3.4727 -16.8581
v  13.2927 3.4727 -10.3991
v  9.8970 3.4727 0.0517
v  13.2927 3.4727 10.5026
v  22.1827 3.4727 16.9615
v  33.1713 3.4727 16.9615
v  42.0613 3.4727 10.5025
v  42.0613 3.7267 -10.3991
v  45.4570 3.7267 0.0517
v  33.1713 3.7267 -16.8581
v  22.1827 3.7267 -16.8581
v  13.2927 3.7267 -10.3991
v  9.8970 3.7267 0.0517
v  13.2927 3.7267 10.5026
v  22.1827 3.7267 16.9615
v  33.1713 3.7267 16.9615
v  42.0613 3.7267 10.5025
# 60 vertices

vn 1.0000 0.0000 -0.0000
vn 0.8090 0.0000 -0.5878
vn 0.3090 0.0000 -0.9511
vn -0.3090 0.0000 -0.9511
vn -0.8090 0.0000 -0.5878
vn -1.0000 0.0000 0.0000
vn -0.8090 0.0000 0.5878
vn -0.3090 0.0000 0.9511
vn 0.3090 0.0000 0.9511
vn 0.8090 0.0000 0.5878
vn 0.0000 -1.0000 -0.0000
vn 0.0000 1.0000 -0.0000
# 12 vertex normals

vt 0.7500 0.0000 1.0000
vt 0.8500 0.0000 1.0000
vt 0.8500 0.2000 1.0000
vt 0.7500 0.2000 1.0000
vt 0.9500 0.0000 1.0000
vt 0.9500 0.2000 1.0000
vt 1.0500 0.0000 1.0000
vt 1.0500 0.2000 1.0000
vt 0.0500 0.0000 1.0000
vt 0.1500 0.0000 1.0000
vt 0.1500 0.2000 1.0000
vt 0.0500 0.2000 1.0000
vt 0.2500 0.0000 1.0000
vt 0.2500 0.2000 1.0000
vt 0.3500 0.0000 1.0000
vt 0.3500 0.2000 1.0000
vt 0.4500 0.0000 1.0000
vt 0.4500 0.2000 1.0000
vt 0.5500 0.0000 1.0000
vt 0.5500 0.2000 1.0000
vt 0.6500 0.0000 1.0000
vt 0.6500 0.2000 1.0000
vt 0.8500 0.4000 1.0000
vt 0.7500 0.4000 1.0000
vt 0.9500 0.4000 1.0000
vt 1.0500 0.4000 1.0000
vt 0.1500 0.4000 1.0000
vt 0.0500 0.4000 1.0000
vt 0.2500 0.4000 1.0000
vt 0.3500 0.4000 1.0000
vt 0.4500 0.4000 1.0000
vt 0.5500 0.4000 1.0000
vt 0.6500 0.4000 1.0000
vt 0.8500 0.6000 1.0000
vt 0.7500 0.6000 1.0000
vt 0.9500 0.6000 1.0000
vt 1.0500 0.6000 1.0000
vt 0.1500 0.6000 1.0000
vt 0.0500 0.6000 1.0000
vt 0.2500 0.6000 1.0000
vt 0.3500 0.6000 1.0000
vt 0.4500 0.6000 1.0000
vt 0.5500 0.6000 1.0000
vt 0.6500 0.6000 1.0000
vt 0.8500 0.8000 1.0000
vt 0.7500 0.8000 1.0000
vt 0.9500 0.8000 1.0000
vt 1.0500 0.8000 1.0000
vt 0.1500 0.8000 1.0000
vt 0.0500 0.8000 1.0000
vt 0.2500 0.8000 1.0000
vt 0.3500 0.8000 1.0000
vt 0.4500 0.8000 1.0000
vt 0.5500 0.8000 1.0000
vt 0.6500 0.8000 1.0000
vt 0.8500 1.0000 1.0000
vt 0.7500 1.0000 1.0000
vt 0.9500 1.0000 1.0000
vt 1.0500 1.0000 1.0000
vt 0.1500 1.0000 1.0000
vt 0.0500 1.0000 1.0000
vt 0.2500 1.0000 1.0000
vt 0.3500 1.0000 1.0000
vt 0.4500 1.0000 1.0000
vt 0.5500 1.0000 1.0000
vt 0.6500 1.0000 1.0000
vt 0.9755 0.6545 -0.2500
vt 0.9755 0.3455 -0.2500
vt 0.7939 0.0955 -0.2500
vt 0.5000 1.0000 -0.2500
vt 0.5000 0.0000 -0.2500
vt 0.2061 0.0955 -0.2500
vt 0.0245 0.3455 -0.2500
vt 0.0245 0.6545 -0.2500
vt 0.2061 0.9045 -0.2500
vt 0.7939 0.9045 -0.2500
vt 0.2061 0.9045 0.2500
vt 0.0245 0.6545 0.2500
vt 0.0245 0.3455 0.2500
vt 0.7939 0.9045 0.2500
vt 0.2061 0.0955 0.2500
vt 0.5000 0.0000 0.2500
vt 0.7939 0.0955 0.2500
vt 0.9755 0.3455 0.2500
vt 0.9755 0.6545 0.2500
vt 0.5000 1.0000 0.2500
# 86 texture coords

g Cylinder069
usemtl tfg
s 8
f 463/419/179 464/420/180 465/421/180 466/422/179 
f 464/420/180 467/423/181 468/424/181 465/421/180 
f 467/423/181 469/425/182 470/426/182 468/424/181 
f 469/427/182 471/428/183 472/429/183 470/430/182 
f 471/428/183 473/431/184 474/432/184 472/429/183 
f 473/431/184 475/433/185 476/434/185 474/432/184 
f 475/433/185 477/435/186 478/436/186 476/434/185 
f 477/435/186 479/437/187 480/438/187 478/436/186 
f 479/437/187 481/439/188 482/440/188 480/438/187 
f 481/439/188 463/419/179 466/422/179 482/440/188 
f 466/422/179 465/421/180 483/441/180 484/442/179 
f 465/421/180 468/424/181 485/443/181 483/441/180 
f 468/424/181 470/426/182 486/444/182 485/443/181 
f 470/430/182 472/429/183 487/445/183 486/446/182 
f 472/429/183 474/432/184 488/447/184 487/445/183 
f 474/432/184 476/434/185 489/448/185 488/447/184 
f 476/434/185 478/436/186 490/449/186 489/448/185 
f 478/436/186 480/438/187 491/450/187 490/449/186 
f 480/438/187 482/440/188 492/451/188 491/450/187 
f 482/440/188 466/422/179 484/442/179 492/451/188 
f 484/442/179 483/441/180 493/452/180 494/453/179 
f 483/441/180 485/443/181 495/454/181 493/452/180 
f 485/443/181 486/444/182 496/455/182 495/454/181 
f 486/446/182 487/445/183 497/456/183 496/457/182 
f 487/445/183 488/447/184 498/458/184 497/456/183 
f 488/447/184 489/448/185 499/459/185 498/458/184 
f 489/448/185 490/449/186 500/460/186 499/459/185 
f 490/449/186 491/450/187 501/461/187 500/460/186 
f 491/450/187 492/451/188 502/462/188 501/461/187 
f 492/451/188 484/442/179 494/453/179 502/462/188 
f 494/453/179 493/452/180 503/463/180 504/464/179 
f 493/452/180 495/454/181 505/465/181 503/463/180 
f 495/454/181 496/455/182 506/466/182 505/465/181 
f 496/457/182 497/456/183 507/467/183 506/468/182 
f 497/456/183 498/458/184 508/469/184 507/467/183 
f 498/458/184 499/459/185 509/470/185 508/469/184 
f 499/459/185 500/460/186 510/471/186 509/470/185 
f 500/460/186 501/461/187 511/472/187 510/471/186 
f 501/461/187 502/462/188 512/473/188 511/472/187 
f 502/462/188 494/453/179 504/464/179 512/473/188 
f 504/464/179 503/463/180 513/474/180 514/475/179 
f 503/463/180 505/465/181 515/476/181 513/474/180 
f 505/465/181 506/466/182 516/477/182 515/476/181 
f 506/468/182 507/467/183 517/478/183 516/479/182 
f 507/467/183 508/469/184 518/480/184 517/478/183 
f 508/469/184 509/470/185 519/481/185 518/480/184 
f 509/470/185 510/471/186 520/482/186 519/481/185 
f 510/471/186 511/472/187 521/483/187 520/482/186 
f 511/472/187 512/473/188 522/484/188 521/483/187 
f 512/473/188 504/464/179 514/475/179 522/484/188 
s 1
f 479/485/189 477/486/189 475/487/189 463/488/189 
f 475/487/189 473/489/189 471/490/189 463/488/189 
f 471/490/189 469/491/189 467/492/189 463/488/189 
f 467/492/189 464/493/189 463/488/189 
f 481/494/189 479/485/189 463/488/189 
usemtl 03___Defaulttyi
f 513/495/190 515/496/190 516/497/190 522/498/190 
f 516/497/190 517/499/190 518/500/190 522/498/190 
f 518/500/190 519/501/190 520/502/190 522/498/190 
f 520/502/190 521/503/190 522/498/190 
f 514/504/190 513/495/190 522/498/190 
# 56 polygons - 4 triangles

#
# object Cylinder070
#

v  53.0770 0.1803 0.0517
v  48.2260 0.1803 -14.8780
v  48.2260 0.4343 -14.8780
v  53.0770 0.4343 0.0517
v  35.5260 0.1803 -24.1051
v  35.5260 0.4343 -24.1051
v  19.8280 0.1803 -24.1051
v  19.8280 0.4343 -24.1051
v  7.1280 0.1803 -14.8780
v  7.1280 0.4343 -14.8780
v  2.2770 0.1803 0.0517
v  2.2770 0.4343 0.0517
v  7.1280 0.1803 14.9815
v  7.1280 0.4343 14.9815
v  19.8280 0.1803 24.2086
v  19.8280 0.4343 24.2086
v  35.5260 0.1803 24.2086
v  35.5260 0.4343 24.2086
v  48.2261 0.1803 14.9815
v  48.2261 0.4343 14.9815
v  48.2260 0.6883 -14.8780
v  53.0770 0.6883 0.0517
v  35.5260 0.6883 -24.1051
v  19.8280 0.6883 -24.1051
v  7.1280 0.6883 -14.8780
v  2.2770 0.6883 0.0517
v  7.1280 0.6883 14.9815
v  19.8280 0.6883 24.2086
v  35.5260 0.6883 24.2086
v  48.2261 0.6883 14.9815
v  48.2260 0.9423 -14.8780
v  53.0770 0.9423 0.0517
v  35.5260 0.9423 -24.1051
v  19.8280 0.9423 -24.1051
v  7.1280 0.9423 -14.8780
v  2.2770 0.9423 0.0517
v  7.1280 0.9423 14.9815
v  19.8280 0.9423 24.2086
v  35.5260 0.9423 24.2086
v  48.2261 0.9423 14.9815
v  48.2260 1.1963 -14.8780
v  53.0770 1.1963 0.0517
v  35.5260 1.1963 -24.1051
v  19.8280 1.1963 -24.1051
v  7.1280 1.1963 -14.8780
v  2.2770 1.1963 0.0517
v  7.1280 1.1963 14.9815
v  19.8280 1.1963 24.2086
v  35.5260 1.1963 24.2086
v  48.2261 1.1963 14.9815
v  48.2260 1.4503 -14.8780
v  53.0770 1.4503 0.0517
v  35.5260 1.4503 -24.1051
v  19.8280 1.4503 -24.1051
v  7.1280 1.4503 -14.8780
v  2.2770 1.4503 0.0517
v  7.1280 1.4503 14.9815
v  19.8280 1.4503 24.2086
v  35.5260 1.4503 24.2086
v  48.2261 1.4503 14.9815
# 60 vertices

vn 1.0000 0.0000 -0.0000
vn 0.8090 0.0000 -0.5878
vn 0.3090 0.0000 -0.9511
vn -0.3090 0.0000 -0.9511
vn -0.8090 0.0000 -0.5878
vn -1.0000 0.0000 0.0000
vn -0.8090 0.0000 0.5878
vn -0.3090 0.0000 0.9511
vn 0.3090 0.0000 0.9511
vn 0.8090 0.0000 0.5878
vn 0.0000 -1.0000 -0.0000
vn 0.0000 1.0000 -0.0000
# 12 vertex normals

vt 0.7500 0.0000 1.0000
vt 0.8500 0.0000 1.0000
vt 0.8500 0.2000 1.0000
vt 0.7500 0.2000 1.0000
vt 0.9500 0.0000 1.0000
vt 0.9500 0.2000 1.0000
vt 1.0500 0.0000 1.0000
vt 1.0500 0.2000 1.0000
vt 0.0500 0.0000 1.0000
vt 0.1500 0.0000 1.0000
vt 0.1500 0.2000 1.0000
vt 0.0500 0.2000 1.0000
vt 0.2500 0.0000 1.0000
vt 0.2500 0.2000 1.0000
vt 0.3500 0.0000 1.0000
vt 0.3500 0.2000 1.0000
vt 0.4500 0.0000 1.0000
vt 0.4500 0.2000 1.0000
vt 0.5500 0.0000 1.0000
vt 0.5500 0.2000 1.0000
vt 0.6500 0.0000 1.0000
vt 0.6500 0.2000 1.0000
vt 0.8500 0.4000 1.0000
vt 0.7500 0.4000 1.0000
vt 0.9500 0.4000 1.0000
vt 1.0500 0.4000 1.0000
vt 0.1500 0.4000 1.0000
vt 0.0500 0.4000 1.0000
vt 0.2500 0.4000 1.0000
vt 0.3500 0.4000 1.0000
vt 0.4500 0.4000 1.0000
vt 0.5500 0.4000 1.0000
vt 0.6500 0.4000 1.0000
vt 0.8500 0.6000 1.0000
vt 0.7500 0.6000 1.0000
vt 0.9500 0.6000 1.0000
vt 1.0500 0.6000 1.0000
vt 0.1500 0.6000 1.0000
vt 0.0500 0.6000 1.0000
vt 0.2500 0.6000 1.0000
vt 0.3500 0.6000 1.0000
vt 0.4500 0.6000 1.0000
vt 0.5500 0.6000 1.0000
vt 0.6500 0.6000 1.0000
vt 0.8500 0.8000 1.0000
vt 0.7500 0.8000 1.0000
vt 0.9500 0.8000 1.0000
vt 1.0500 0.8000 1.0000
vt 0.1500 0.8000 1.0000
vt 0.0500 0.8000 1.0000
vt 0.2500 0.8000 1.0000
vt 0.3500 0.8000 1.0000
vt 0.4500 0.8000 1.0000
vt 0.5500 0.8000 1.0000
vt 0.6500 0.8000 1.0000
vt 0.8500 1.0000 1.0000
vt 0.7500 1.0000 1.0000
vt 0.9500 1.0000 1.0000
vt 1.0500 1.0000 1.0000
vt 0.1500 1.0000 1.0000
vt 0.0500 1.0000 1.0000
vt 0.2500 1.0000 1.0000
vt 0.3500 1.0000 1.0000
vt 0.4500 1.0000 1.0000
vt 0.5500 1.0000 1.0000
vt 0.6500 1.0000 1.0000
vt 0.9755 0.6545 -0.2500
vt 0.9755 0.3455 -0.2500
vt 0.7939 0.0955 -0.2500
vt 0.5000 1.0000 -0.2500
vt 0.5000 0.0000 -0.2500
vt 0.2061 0.0955 -0.2500
vt 0.0245 0.3455 -0.2500
vt 0.0245 0.6545 -0.2500
vt 0.2061 0.9045 -0.2500
vt 0.7939 0.9045 -0.2500
vt 0.2061 0.9045 0.2500
vt 0.0245 0.6545 0.2500
vt 0.0245 0.3455 0.2500
vt 0.7939 0.9045 0.2500
vt 0.2061 0.0955 0.2500
vt 0.5000 0.0000 0.2500
vt 0.7939 0.0955 0.2500
vt 0.9755 0.3455 0.2500
vt 0.9755 0.6545 0.2500
vt 0.5000 1.0000 0.2500
# 86 texture coords

g Cylinder070
usemtl tfg
s 8
f 523/505/191 524/506/192 525/507/192 526/508/191 
f 524/506/192 527/509/193 528/510/193 525/507/192 
f 527/509/193 529/511/194 530/512/194 528/510/193 
f 529/513/194 531/514/195 532/515/195 530/516/194 
f 531/514/195 533/517/196 534/518/196 532/515/195 
f 533/517/196 535/519/197 536/520/197 534/518/196 
f 535/519/197 537/521/198 538/522/198 536/520/197 
f 537/521/198 539/523/199 540/524/199 538/522/198 
f 539/523/199 541/525/200 542/526/200 540/524/199 
f 541/525/200 523/505/191 526/508/191 542/526/200 
f 526/508/191 525/507/192 543/527/192 544/528/191 
f 525/507/192 528/510/193 545/529/193 543/527/192 
f 528/510/193 530/512/194 546/530/194 545/529/193 
f 530/516/194 532/515/195 547/531/195 546/532/194 
f 532/515/195 534/518/196 548/533/196 547/531/195 
f 534/518/196 536/520/197 549/534/197 548/533/196 
f 536/520/197 538/522/198 550/535/198 549/534/197 
f 538/522/198 540/524/199 551/536/199 550/535/198 
f 540/524/199 542/526/200 552/537/200 551/536/199 
f 542/526/200 526/508/191 544/528/191 552/537/200 
f 544/528/191 543/527/192 553/538/192 554/539/191 
f 543/527/192 545/529/193 555/540/193 553/538/192 
f 545/529/193 546/530/194 556/541/194 555/540/193 
f 546/532/194 547/531/195 557/542/195 556/543/194 
f 547/531/195 548/533/196 558/544/196 557/542/195 
f 548/533/196 549/534/197 559/545/197 558/544/196 
f 549/534/197 550/535/198 560/546/198 559/545/197 
f 550/535/198 551/536/199 561/547/199 560/546/198 
f 551/536/199 552/537/200 562/548/200 561/547/199 
f 552/537/200 544/528/191 554/539/191 562/548/200 
f 554/539/191 553/538/192 563/549/192 564/550/191 
f 553/538/192 555/540/193 565/551/193 563/549/192 
f 555/540/193 556/541/194 566/552/194 565/551/193 
f 556/543/194 557/542/195 567/553/195 566/554/194 
f 557/542/195 558/544/196 568/555/196 567/553/195 
f 558/544/196 559/545/197 569/556/197 568/555/196 
f 559/545/197 560/546/198 570/557/198 569/556/197 
f 560/546/198 561/547/199 571/558/199 570/557/198 
f 561/547/199 562/548/200 572/559/200 571/558/199 
f 562/548/200 554/539/191 564/550/191 572/559/200 
f 564/550/191 563/549/192 573/560/192 574/561/191 
f 563/549/192 565/551/193 575/562/193 573/560/192 
f 565/551/193 566/552/194 576/563/194 575/562/193 
f 566/554/194 567/553/195 577/564/195 576/565/194 
f 567/553/195 568/555/196 578/566/196 577/564/195 
f 568/555/196 569/556/197 579/567/197 578/566/196 
f 569/556/197 570/557/198 580/568/198 579/567/197 
f 570/557/198 571/558/199 581/569/199 580/568/198 
f 571/558/199 572/559/200 582/570/200 581/569/199 
f 572/559/200 564/550/191 574/561/191 582/570/200 
s 1
f 539/571/201 537/572/201 535/573/201 523/574/201 
f 535/573/201 533/575/201 531/576/201 523/574/201 
f 531/576/201 529/577/201 527/578/201 523/574/201 
f 527/578/201 524/579/201 523/574/201 
f 541/580/201 539/571/201 523/574/201 
usemtl 03___Defaulttyi
f 573/581/202 575/582/202 576/583/202 582/584/202 
f 576/583/202 577/585/202 578/586/202 582/584/202 
f 578/586/202 579/587/202 580/588/202 582/584/202 
f 580/588/202 581/589/202 582/584/202 
f 574/590/202 573/581/202 582/584/202 
# 56 polygons - 4 triangles

#
# object Box143
#

v  -1.4864 0.0090 34.2947
v  -1.4864 0.0090 0.1143
v  56.9257 0.0090 0.1143
v  56.9257 0.0090 34.2947
v  -1.4864 4.9235 34.2947
v  57.5899 4.9235 34.2947
v  56.9257 4.9235 0.1143
v  -1.4864 4.9235 0.1143
# 8 vertices

vn 0.0000 -1.0000 -0.0000
vn 0.0000 1.0000 -0.0000
vn 0.0000 0.0000 1.0000
vn 0.9976 -0.0671 -0.0164
vn 1.0000 0.0000 -0.0000
vn 0.9999 -0.0121 -0.0030
vn 0.9967 -0.0792 -0.0194
vn 0.0000 0.0000 -1.0000
vn -1.0000 0.0000 -0.0000
# 9 vertex normals

vt 1.0000 0.0000 0.0000
vt 1.0000 1.0000 0.0000
vt 0.0000 1.0000 0.0000
vt 0.0000 0.0000 0.0000
# 4 texture coords

g Box143
usemtl xdgh
s 2
f 583/591/203 584/592/203 585/593/203 586/594/203 
s 4
f 587/594/204 588/591/204 589/592/204 590/593/204 
s 8
f 583/594/205 586/591/205 588/592/205 587/593/205 
s 16
f 586/594/206 585/591/207 589/592/208 588/593/209 
usemtl tr76
s 32
f 585/594/210 584/591/210 590/592/210 589/593/210 
usemtl xdgh
s 64
f 584/594/211 583/591/211 587/592/211 590/593/211 
# 6 polygons

#
# object Box222
#

v  58.3814 0.8798 36.9336
v  58.3814 0.8798 35.4096
v  46.6854 0.8798 35.4096
v  46.6854 0.8798 36.9336
v  58.3814 28.3844 36.9336
v  46.6854 28.3844 36.9336
v  46.6854 28.3844 35.4096
v  58.3814 28.3844 35.4096
# 8 vertices

vn 0.0000 -1.0000 -0.0000
vn 0.0000 1.0000 -0.0000
vn 0.0000 0.0000 1.0000
vn -1.0000 0.0000 -0.0000
vn -0.0000 0.0000 -1.0000
vn 1.0000 0.0000 0.0000
# 6 vertex normals

vt 1.0000 0.0000 0.0000
vt 1.0000 1.0000 0.0000
vt 0.0000 1.0000 0.0000
vt 0.0000 0.0000 0.0000
# 4 texture coords

g Box222
usemtl Material__309
s 2
f 594/598/212 593/597/212 592/596/212 591/595/212 
usemtl xdgh
s 4
f 598/597/213 597/596/213 596/595/213 595/598/213 
s 8
f 595/597/214 596/596/214 594/595/214 591/598/214 
usemtl Material__309
s 16
f 596/597/215 597/596/215 593/595/215 594/598/215 
usemtl h
s 32
f 597/597/216 598/596/216 592/595/216 593/598/216 
usemtl xdgh
s 64
f 598/597/217 595/596/217 591/595/217 592/598/217 
# 6 polygons

#
# object Box220
#

v  10.7247 4.8296 20.8193
v  42.4905 4.8296 20.8193
v  42.4905 4.8296 25.8993
v  10.7247 4.8296 25.8993
v  10.7247 6.0996 20.8193
v  10.7247 6.0996 25.8993
v  42.4905 6.0996 25.8993
v  42.4905 6.0996 20.8193
# 8 vertices

vn 0.0000 -1.0000 -0.0000
vn 0.0000 1.0000 -0.0000
vn -1.0000 0.0000 0.0000
vn 0.0000 0.0000 1.0000
vn 1.0000 0.0000 -0.0000
vn -0.0000 0.0000 -1.0000
# 6 vertex normals

vt 1.0000 0.0000 0.0000
vt 1.0000 1.0000 0.0000
vt 0.0000 1.0000 0.0000
vt 0.0000 0.0000 0.0000
# 4 texture coords

g Box220
usemtl 03___Defaulttyi
s 2
f 599/599/218 600/600/218 601/601/218 602/602/218 
usemtl xdgh
s 4
f 603/602/219 604/599/219 605/600/219 606/601/219 
usemtl 03___Defaulttyi
s 8
f 599/602/220 602/599/220 604/600/220 603/601/220 
s 16
f 602/602/221 601/599/221 605/600/221 604/601/221 
s 32
f 601/602/222 600/599/222 606/600/222 605/601/222 
usemtl tfg
s 64
f 600/602/223 599/599/223 603/600/223 606/601/223 
# 6 polygons

#
# object Box239
#

v  10.7247 6.0649 23.4034
v  42.4905 6.0649 23.4034
v  42.4905 6.0649 25.9434
v  10.7247 6.0649 25.9434
v  10.7247 7.3349 23.4034
v  10.7247 7.3349 25.9434
v  42.4905 7.3349 25.9434
v  42.4905 7.3349 23.4034
# 8 vertices

vn 0.0000 -1.0000 -0.0000
vn 0.0000 1.0000 -0.0000
vn -1.0000 0.0000 0.0000
vn 0.0000 0.0000 1.0000
vn 1.0000 0.0000 -0.0000
vn -0.0000 0.0000 -1.0000
# 6 vertex normals

vt 1.0000 0.0000 0.0000
vt 1.0000 1.0000 0.0000
vt 0.0000 1.0000 0.0000
vt 0.0000 0.0000 0.0000
# 4 texture coords

g Box239
usemtl 03___Defaulttyi
s 2
f 607/603/224 608/604/224 609/605/224 610/606/224 
usemtl xdgh
s 4
f 611/606/225 612/603/225 613/604/225 614/605/225 
usemtl 03___Defaulttyi
s 8
f 607/606/226 610/603/226 612/604/226 611/605/226 
s 16
f 610/606/227 609/603/227 613/604/227 612/605/227 
s 32
f 609/606/228 608/603/228 614/604/228 613/605/228 
usemtl tfg
s 64
f 608/606/229 607/603/229 611/604/229 614/605/229 
# 6 polygons

#
# object Cylinder073
#

v  47.9970 1.1917 0.0517
v  44.1162 1.1917 -11.8921
v  44.1162 1.4457 -11.8921
v  47.9970 1.4457 0.0517
v  33.9562 1.1917 -19.2737
v  33.9562 1.4457 -19.2737
v  21.3978 1.1917 -19.2737
v  21.3978 1.4457 -19.2737
v  11.2378 1.1917 -11.8921
v  11.2378 1.4457 -11.8921
v  7.3570 1.1917 0.0517
v  7.3570 1.4457 0.0517
v  11.2378 1.1917 11.9955
v  11.2378 1.4457 11.9955
v  21.3978 1.1917 19.3772
v  21.3978 1.4457 19.3772
v  33.9562 1.1917 19.3772
v  33.9562 1.4457 19.3772
v  44.1162 1.1917 11.9955
v  44.1162 1.4457 11.9955
v  44.1162 1.6997 -11.8921
v  47.9970 1.6997 0.0517
v  33.9562 1.6997 -19.2737
v  21.3978 1.6997 -19.2737
v  11.2378 1.6997 -11.8921
v  7.3570 1.6997 0.0517
v  11.2378 1.6997 11.9955
v  21.3978 1.6997 19.3772
v  33.9562 1.6997 19.3772
v  44.1162 1.6997 11.9955
v  44.1162 1.9537 -11.8921
v  47.9970 1.9537 0.0517
v  33.9562 1.9537 -19.2737
v  21.3978 1.9537 -19.2737
v  11.2378 1.9537 -11.8921
v  7.3570 1.9537 0.0517
v  11.2378 1.9537 11.9955
v  21.3978 1.9537 19.3772
v  33.9562 1.9537 19.3772
v  44.1162 1.9537 11.9955
v  44.1162 2.2077 -11.8921
v  47.9970 2.2077 0.0517
v  33.9562 2.2077 -19.2737
v  21.3978 2.2077 -19.2737
v  11.2378 2.2077 -11.8921
v  7.3570 2.2077 0.0517
v  11.2378 2.2077 11.9955
v  21.3978 2.2077 19.3772
v  33.9562 2.2077 19.3772
v  44.1162 2.2077 11.9955
v  44.1162 2.4617 -11.8921
v  47.9970 2.4617 0.0517
v  33.9562 2.4617 -19.2737
v  21.3978 2.4617 -19.2737
v  11.2378 2.4617 -11.8921
v  7.3570 2.4617 0.0517
v  11.2378 2.4617 11.9955
v  21.3978 2.4617 19.3772
v  33.9562 2.4617 19.3772
v  44.1162 2.4617 11.9955
# 60 vertices

vn 1.0000 0.0000 -0.0000
vn 0.8090 0.0000 -0.5878
vn 0.3090 0.0000 -0.9511
vn -0.3090 0.0000 -0.9511
vn -0.8090 0.0000 -0.5878
vn -1.0000 0.0000 0.0000
vn -0.8090 0.0000 0.5878
vn -0.3090 0.0000 0.9511
vn 0.3090 0.0000 0.9511
vn 0.8090 0.0000 0.5878
vn 0.0000 -1.0000 -0.0000
vn 0.0000 1.0000 -0.0000
# 12 vertex normals

vt 0.7500 0.0000 1.0000
vt 0.8500 0.0000 1.0000
vt 0.8500 0.2000 1.0000
vt 0.7500 0.2000 1.0000
vt 0.9500 0.0000 1.0000
vt 0.9500 0.2000 1.0000
vt 1.0500 0.0000 1.0000
vt 1.0500 0.2000 1.0000
vt 0.0500 0.0000 1.0000
vt 0.1500 0.0000 1.0000
vt 0.1500 0.2000 1.0000
vt 0.0500 0.2000 1.0000
vt 0.2500 0.0000 1.0000
vt 0.2500 0.2000 1.0000
vt 0.3500 0.0000 1.0000
vt 0.3500 0.2000 1.0000
vt 0.4500 0.0000 1.0000
vt 0.4500 0.2000 1.0000
vt 0.5500 0.0000 1.0000
vt 0.5500 0.2000 1.0000
vt 0.6500 0.0000 1.0000
vt 0.6500 0.2000 1.0000
vt 0.8500 0.4000 1.0000
vt 0.7500 0.4000 1.0000
vt 0.9500 0.4000 1.0000
vt 1.0500 0.4000 1.0000
vt 0.1500 0.4000 1.0000
vt 0.0500 0.4000 1.0000
vt 0.2500 0.4000 1.0000
vt 0.3500 0.4000 1.0000
vt 0.4500 0.4000 1.0000
vt 0.5500 0.4000 1.0000
vt 0.6500 0.4000 1.0000
vt 0.8500 0.6000 1.0000
vt 0.7500 0.6000 1.0000
vt 0.9500 0.6000 1.0000
vt 1.0500 0.6000 1.0000
vt 0.1500 0.6000 1.0000
vt 0.0500 0.6000 1.0000
vt 0.2500 0.6000 1.0000
vt 0.3500 0.6000 1.0000
vt 0.4500 0.6000 1.0000
vt 0.5500 0.6000 1.0000
vt 0.6500 0.6000 1.0000
vt 0.8500 0.8000 1.0000
vt 0.7500 0.8000 1.0000
vt 0.9500 0.8000 1.0000
vt 1.0500 0.8000 1.0000
vt 0.1500 0.8000 1.0000
vt 0.0500 0.8000 1.0000
vt 0.2500 0.8000 1.0000
vt 0.3500 0.8000 1.0000
vt 0.4500 0.8000 1.0000
vt 0.5500 0.8000 1.0000
vt 0.6500 0.8000 1.0000
vt 0.8500 1.0000 1.0000
vt 0.7500 1.0000 1.0000
vt 0.9500 1.0000 1.0000
vt 1.0500 1.0000 1.0000
vt 0.1500 1.0000 1.0000
vt 0.0500 1.0000 1.0000
vt 0.2500 1.0000 1.0000
vt 0.3500 1.0000 1.0000
vt 0.4500 1.0000 1.0000
vt 0.5500 1.0000 1.0000
vt 0.6500 1.0000 1.0000
vt 0.9755 0.6545 -0.2500
vt 0.9755 0.3455 -0.2500
vt 0.7939 0.0955 -0.2500
vt 0.5000 1.0000 -0.2500
vt 0.5000 0.0000 -0.2500
vt 0.2061 0.0955 -0.2500
vt 0.0245 0.3455 -0.2500
vt 0.0245 0.6545 -0.2500
vt 0.2061 0.9045 -0.2500
vt 0.7939 0.9045 -0.2500
vt 0.2061 0.9045 0.2500
vt 0.0245 0.6545 0.2500
vt 0.0245 0.3455 0.2500
vt 0.7939 0.9045 0.2500
vt 0.2061 0.0955 0.2500
vt 0.5000 0.0000 0.2500
vt 0.7939 0.0955 0.2500
vt 0.9755 0.3455 0.2500
vt 0.9755 0.6545 0.2500
vt 0.5000 1.0000 0.2500
# 86 texture coords

g Cylinder073
usemtl tfg
s 8
f 615/607/230 616/608/231 617/609/231 618/610/230 
f 616/608/231 619/611/232 620/612/232 617/609/231 
f 619/611/232 621/613/233 622/614/233 620/612/232 
f 621/615/233 623/616/234 624/617/234 622/618/233 
f 623/616/234 625/619/235 626/620/235 624/617/234 
f 625/619/235 627/621/236 628/622/236 626/620/235 
f 627/621/236 629/623/237 630/624/237 628/622/236 
f 629/623/237 631/625/238 632/626/238 630/624/237 
f 631/625/238 633/627/239 634/628/239 632/626/238 
f 633/627/239 615/607/230 618/610/230 634/628/239 
f 618/610/230 617/609/231 635/629/231 636/630/230 
f 617/609/231 620/612/232 637/631/232 635/629/231 
f 620/612/232 622/614/233 638/632/233 637/631/232 
f 622/618/233 624/617/234 639/633/234 638/634/233 
f 624/617/234 626/620/235 640/635/235 639/633/234 
f 626/620/235 628/622/236 641/636/236 640/635/235 
f 628/622/236 630/624/237 642/637/237 641/636/236 
f 630/624/237 632/626/238 643/638/238 642/637/237 
f 632/626/238 634/628/239 644/639/239 643/638/238 
f 634/628/239 618/610/230 636/630/230 644/639/239 
f 636/630/230 635/629/231 645/640/231 646/641/230 
f 635/629/231 637/631/232 647/642/232 645/640/231 
f 637/631/232 638/632/233 648/643/233 647/642/232 
f 638/634/233 639/633/234 649/644/234 648/645/233 
f 639/633/234 640/635/235 650/646/235 649/644/234 
f 640/635/235 641/636/236 651/647/236 650/646/235 
f 641/636/236 642/637/237 652/648/237 651/647/236 
f 642/637/237 643/638/238 653/649/238 652/648/237 
f 643/638/238 644/639/239 654/650/239 653/649/238 
f 644/639/239 636/630/230 646/641/230 654/650/239 
f 646/641/230 645/640/231 655/651/231 656/652/230 
f 645/640/231 647/642/232 657/653/232 655/651/231 
f 647/642/232 648/643/233 658/654/233 657/653/232 
f 648/645/233 649/644/234 659/655/234 658/656/233 
f 649/644/234 650/646/235 660/657/235 659/655/234 
f 650/646/235 651/647/236 661/658/236 660/657/235 
f 651/647/236 652/648/237 662/659/237 661/658/236 
f 652/648/237 653/649/238 663/660/238 662/659/237 
f 653/649/238 654/650/239 664/661/239 663/660/238 
f 654/650/239 646/641/230 656/652/230 664/661/239 
f 656/652/230 655/651/231 665/662/231 666/663/230 
f 655/651/231 657/653/232 667/664/232 665/662/231 
f 657/653/232 658/654/233 668/665/233 667/664/232 
f 658/656/233 659/655/234 669/666/234 668/667/233 
f 659/655/234 660/657/235 670/668/235 669/666/234 
f 660/657/235 661/658/236 671/669/236 670/668/235 
f 661/658/236 662/659/237 672/670/237 671/669/236 
f 662/659/237 663/660/238 673/671/238 672/670/237 
f 663/660/238 664/661/239 674/672/239 673/671/238 
f 664/661/239 656/652/230 666/663/230 674/672/239 
s 1
f 631/673/240 629/674/240 627/675/240 615/676/240 
f 627/675/240 625/677/240 623/678/240 615/676/240 
f 623/678/240 621/679/240 619/680/240 615/676/240 
f 619/680/240 616/681/240 615/676/240 
f 633/682/240 631/673/240 615/676/240 
usemtl 03___Defaulttyi
f 665/683/241 667/684/241 668/685/241 674/686/241 
f 668/685/241 669/687/241 670/688/241 674/686/241 
f 670/688/241 671/689/241 672/690/241 674/686/241 
f 672/690/241 673/691/241 674/686/241 
f 666/692/241 665/683/241 674/686/241 
# 56 polygons - 4 triangles

#
# object Box249
#

v  -1.1694 9.6829 24.1711
v  -1.1694 9.6829 22.9011
v  -28.8584 9.6829 16.4282
v  -28.8584 9.6829 17.6982
v  -1.1694 24.9394 24.1711
v  -28.8584 24.9393 17.6982
v  -28.8584 24.9393 16.4282
v  -1.1694 24.9394 22.9011
# 8 vertices

vn 0.0000 -1.0000 -0.0000
vn -0.0000 1.0000 -0.0000
vn -0.2276 0.0000 0.9737
vn -1.0000 0.0000 -0.0000
vn 0.2276 0.0000 -0.9737
vn 1.0000 0.0000 0.0000
# 6 vertex normals

vt 1.0000 0.0000 0.0000
vt 1.0000 1.0000 0.0000
vt 0.0000 1.0000 0.0000
vt 0.0000 0.0000 0.0000
# 4 texture coords

g Box249
usemtl cfhdfjh
s 2
f 678/696/242 677/695/242 676/694/242 675/693/242 
s 4
f 682/695/243 681/694/243 680/693/243 679/696/243 
usemtl xdgh
s 8
f 679/695/244 680/694/244 678/693/244 675/696/244 
usemtl cfhdfjh
s 16
f 680/695/245 681/694/245 677/693/245 678/696/245 
s 32
f 681/695/246 682/694/246 676/693/246 677/696/246 
s 64
f 682/695/247 679/694/247 675/693/247 676/696/247 
# 6 polygons

#
# object Cylinder081
#

v  79.7463 4.0354 16.7855
v  79.7463 4.7393 17.4894
v  79.7463 5.4432 16.7855
v  79.7463 4.7393 16.0816
v  79.7971 4.7393 17.4894
v  79.7971 5.4432 16.7855
v  79.7971 4.0354 16.7855
v  79.7971 4.7393 16.0816
v  79.8479 4.7393 17.4894
v  79.8479 5.4432 16.7855
v  79.8479 4.0354 16.7855
v  79.8479 4.7393 16.0816
v  79.8987 4.7393 17.4894
v  79.8987 5.4432 16.7855
v  79.8987 4.0354 16.7855
v  79.8987 4.7393 16.0816
v  79.9495 4.7393 17.4894
v  79.9495 5.4432 16.7855
v  79.9495 4.0354 16.7855
v  79.9495 4.7393 16.0816
v  80.0003 4.7393 17.4894
v  80.0003 5.4432 16.7855
v  80.0003 4.0354 16.7855
v  80.0003 4.7393 16.0816
# 24 vertices

vn -1.0000 0.0000 0.0000
vn 0.0000 1.0000 -0.0000
vn 0.0000 0.0000 1.0000
vn -0.0000 -1.0000 0.0000
vn -0.0000 -0.0000 -1.0000
vn 1.0000 -0.0000 -0.0000
# 6 vertex normals

vt 0.2500 0.0000 1.0000
vt 0.0000 0.0000 1.0000
vt -0.2500 0.0000 1.0000
vt 0.7500 0.0000 1.0000
vt 0.5000 0.0000 1.0000
vt 0.0000 0.2000 1.0000
vt -0.2500 0.2000 1.0000
vt 0.2500 0.2000 1.0000
vt 0.5000 0.2000 1.0000
vt 0.7500 0.2000 1.0000
vt 0.0000 0.4000 1.0000
vt -0.2500 0.4000 1.0000
vt 0.2500 0.4000 1.0000
vt 0.5000 0.4000 1.0000
vt 0.7500 0.4000 1.0000
vt 0.0000 0.6000 1.0000
vt -0.2500 0.6000 1.0000
vt 0.2500 0.6000 1.0000
vt 0.5000 0.6000 1.0000
vt 0.7500 0.6000 1.0000
vt 0.0000 0.8000 1.0000
vt -0.2500 0.8000 1.0000
vt 0.2500 0.8000 1.0000
vt 0.5000 0.8000 1.0000
vt 0.7500 0.8000 1.0000
vt 0.0000 1.0000 1.0000
vt -0.2500 1.0000 1.0000
vt 0.2500 1.0000 1.0000
vt 0.5000 1.0000 1.0000
vt 0.7500 1.0000 1.0000
vt 1.0000 1.0000 -1.0000
# 31 texture coords

g Cylinder081
usemtl 03___Defaulttyi
s 1
f 683/697/248 684/698/248 685/699/248 
f 685/700/248 686/701/248 683/697/248 
s 8
f 685/699/249 684/698/250 687/702/250 688/703/249 
f 684/698/250 683/697/251 689/704/251 687/702/250 
f 683/697/251 686/701/252 690/705/252 689/704/251 
f 686/701/252 685/700/249 688/706/249 690/705/252 
f 688/703/249 687/702/250 691/707/250 692/708/249 
f 687/702/250 689/704/251 693/709/251 691/707/250 
f 689/704/251 690/705/252 694/710/252 693/709/251 
f 690/705/252 688/706/249 692/711/249 694/710/252 
f 692/708/249 691/707/250 695/712/250 696/713/249 
f 691/707/250 693/709/251 697/714/251 695/712/250 
f 693/709/251 694/710/252 698/715/252 697/714/251 
f 694/710/252 692/711/249 696/716/249 698/715/252 
f 696/713/249 695/712/250 699/717/250 700/718/249 
f 695/712/250 697/714/251 701/719/251 699/717/250 
f 697/714/251 698/715/252 702/720/252 701/719/251 
f 698/715/252 696/716/249 700/721/249 702/720/252 
f 700/718/249 699/717/250 703/722/250 704/723/249 
f 699/717/250 701/719/251 705/724/251 703/722/250 
f 701/719/251 702/720/252 706/725/252 705/724/251 
f 702/720/252 700/721/249 704/726/249 706/725/252 
s 1
f 706/727/253 704/723/253 703/722/253 
f 703/722/253 705/724/253 706/725/253 
# 20 polygons - 4 triangles

#
# object Box280
#

v  -31.9082 9.7792 18.6765
v  -30.6513 9.7792 18.6765
v  -30.6513 9.7792 17.4196
v  -31.9082 9.7792 17.4196
v  -30.6513 9.7792 16.1627
v  -31.9082 9.7792 16.1627
v  -30.6513 9.7792 14.9058
v  -31.9082 9.7792 14.9058
v  -29.3944 9.7792 18.6765
v  -29.3944 9.7792 17.4196
v  -29.3944 9.7792 16.1627
v  -29.3944 9.7792 14.9058
v  -28.1375 9.7792 18.6765
v  -28.1375 9.7792 17.4196
v  -28.1375 9.7792 16.1627
v  -28.1375 9.7792 14.9058
v  -31.9082 25.1617 18.6765
v  -31.9082 25.1617 17.4196
v  -30.6513 25.1617 17.4196
v  -30.6513 25.1617 18.6765
v  -31.9082 25.1617 16.1627
v  -30.6513 25.1617 16.1627
v  -31.9082 25.1617 14.9058
v  -30.6513 25.1617 14.9058
v  -29.3944 25.1617 17.4196
v  -29.3944 25.1617 18.6765
v  -29.3944 25.1617 16.1627
v  -29.3944 25.1617 14.9058
v  -28.1375 25.1617 17.4196
v  -28.1375 25.1617 18.6765
v  -28.1375 25.1617 16.1627
v  -28.1375 25.1617 14.9058
v  -31.9082 17.1156 17.4196
v  -31.9082 17.1156 18.6765
v  -32.3519 9.7792 17.4196
v  -32.3519 9.7792 16.1627
v  -32.3519 17.1156 16.1627
v  -32.3519 17.1156 17.4196
v  -31.9082 17.1156 14.9058
v  -31.9082 17.1156 16.1627
v  -32.3519 25.1617 16.1627
v  -32.3519 25.1617 17.4196
v  -30.6513 17.1156 14.9058
v  -30.6513 9.7792 14.4621
v  -29.3944 9.7792 14.4621
v  -29.3944 17.1156 14.4621
v  -30.6513 17.1156 14.4621
v  -28.1375 17.1156 14.9058
v  -29.3944 17.1156 14.9058
v  -29.3944 25.1617 14.4621
v  -30.6513 25.1617 14.4621
v  -28.1375 17.1156 16.1627
v  -27.6938 9.7792 16.1627
v  -27.6938 9.7792 17.4196
v  -27.6938 17.1156 17.4196
v  -27.6938 17.1156 16.1627
v  -28.1375 17.1156 18.6765
v  -28.1375 17.1156 17.4196
v  -27.6938 25.1617 17.4196
v  -27.6938 25.1617 16.1627
v  -29.3944 17.1156 18.6765
v  -29.3944 9.7792 19.1202
v  -30.6513 9.7792 19.1202
v  -30.6513 17.1156 19.1202
v  -29.3944 17.1156 19.1202
v  -30.6513 17.1156 18.6765
v  -30.6513 25.1617 19.1202
v  -29.3944 25.1617 19.1202
# 68 vertices

vn -0.0000 -1.0000 0.0000
vn 0.0000 1.0000 -0.0000
vn -1.0000 0.0000 0.0000
vn -0.0000 -0.0000 -1.0000
vn -0.0000 0.0000 -1.0000
vn 1.0000 -0.0000 -0.0000
vn 0.0000 -0.0000 1.0000
vn 0.0000 0.0000 1.0000
# 8 vertex normals

vt 1.0000 0.0000 0.0000
vt 1.0000 0.3333 0.0000
vt 0.6667 0.3333 0.0000
vt 0.6667 0.0000 0.0000
vt 0.3333 0.3333 0.0000
vt 0.3333 0.0000 0.0000
vt -0.0000 0.3333 0.0000
vt -0.0000 0.0000 0.0000
vt 1.0000 0.6667 0.0000
vt 0.6667 0.6667 0.0000
vt 0.3333 0.6667 0.0000
vt -0.0000 0.6667 0.0000
vt 1.0000 1.0000 0.0000
vt 0.6667 1.0000 0.0000
vt 0.3333 1.0000 0.0000
vt -0.0000 1.0000 0.0000
vt 0.0000 0.0000 0.0000
vt 0.0000 0.3333 0.0000
vt 0.0000 0.6667 0.0000
vt 0.0000 1.0000 0.0000
vt 0.3333 0.5000 0.0000
vt 0.0000 0.5000 0.0000
vt 0.6667 0.5000 0.0000
vt 1.0000 0.5000 0.0000
# 24 texture coords

g Box280
usemtl xdgh
s 2
f 710/731/254 709/730/254 708/729/254 707/728/254 
f 712/733/254 711/732/254 709/730/254 710/731/254 
f 714/735/254 713/734/254 711/732/254 712/733/254 
f 709/730/254 716/737/254 715/736/254 708/729/254 
f 711/732/254 717/738/254 716/737/254 709/730/254 
f 713/734/254 718/739/254 717/738/254 711/732/254 
f 716/737/254 720/741/254 719/740/254 715/736/254 
f 717/738/254 721/742/254 720/741/254 716/737/254 
f 718/739/254 722/743/254 721/742/254 717/738/254 
s 4
f 726/745/255 725/732/255 724/733/255 723/744/255 
f 725/732/255 728/730/255 727/731/255 724/733/255 
f 728/730/255 730/729/255 729/728/255 727/731/255 
f 732/746/255 731/738/255 725/732/255 726/745/255 
f 731/738/255 733/737/255 728/730/255 725/732/255 
f 733/737/255 734/736/255 730/729/255 728/730/255 
f 736/747/255 735/742/255 731/738/255 732/746/255 
f 735/742/255 737/741/255 733/737/255 731/738/255 
f 737/741/255 738/740/255 734/736/255 733/737/255 
s 8
f 740/749/256 739/748/256 710/733/256 707/744/256 
f 744/748/256 743/750/256 742/731/256 741/733/256 
f 746/750/256 745/751/256 714/728/256 712/731/256 
f 723/747/256 724/742/256 739/748/256 740/749/256 
f 748/742/256 747/741/256 743/750/256 744/748/256 
f 727/741/256 729/740/256 745/751/256 746/750/256 
s 16
f 745/749/257 749/748/257 713/733/257 714/744/257 
f 753/748/257 752/750/257 751/731/257 750/733/257 
f 755/750/257 754/751/257 722/728/257 718/731/257 
f 729/747/258 730/742/258 749/748/257 745/749/257 
f 757/742/258 756/741/258 752/750/257 753/748/257 
f 734/741/258 738/740/258 754/751/257 755/750/257 
s 32
f 754/749/259 758/748/259 721/733/259 722/744/259 
f 762/748/259 761/750/259 760/731/259 759/733/259 
f 764/750/259 763/751/259 719/728/259 720/731/259 
f 738/747/259 737/742/259 758/748/259 754/749/259 
f 766/742/259 765/741/259 761/750/259 762/748/259 
f 735/741/259 736/740/259 763/751/259 764/750/259 
s 64
f 763/749/260 767/748/260 715/733/260 719/744/260 
f 771/748/260 770/750/260 769/731/260 768/733/260 
f 772/750/260 740/751/260 707/728/260 708/731/260 
f 736/747/261 732/742/261 767/748/260 763/749/260 
f 774/742/261 773/741/261 770/750/260 771/748/260 
f 726/741/261 723/740/261 740/751/260 772/750/260 
s off
f 741/733/254 742/731/254 712/733/254 710/731/254 
usemtl 03___Defaulttyi
f 742/731/257 743/750/257 746/750/257 712/731/257 
f 743/750/258 747/741/258 727/741/258 746/750/258 
usemtl xdgh
f 747/741/255 748/742/255 724/733/255 727/731/255 
usemtl 03___Defaulttyi
f 748/742/261 744/748/261 739/748/261 724/742/261 
f 744/748/261 741/733/261 710/733/261 739/748/261 
usemtl xdgh
f 750/733/254 751/731/254 718/739/254 713/734/254 
usemtl 03___Defaulttyi
f 751/731/259 752/750/259 755/750/259 718/731/259 
f 752/750/259 756/741/259 734/741/259 755/750/259 
usemtl xdgh
f 756/741/255 757/742/255 730/729/255 734/736/255 
usemtl 03___Defaulttyi
f 757/742/256 753/748/256 749/748/256 730/742/256 
f 753/748/256 750/733/256 713/733/256 749/748/256 
usemtl xdgh
f 759/733/254 760/731/254 720/741/254 721/742/254 
usemtl 03___Defaulttyi
f 760/731/261 761/750/261 764/750/261 720/731/261 
f 761/750/260 765/741/260 735/741/260 764/750/260 
usemtl xdgh
f 765/741/255 766/742/255 737/741/255 735/742/255 
usemtl 03___Defaulttyi
f 766/742/258 762/748/258 758/748/258 737/742/258 
f 762/748/257 759/733/257 721/733/257 758/748/257 
usemtl xdgh
f 768/733/254 769/731/254 708/729/254 715/736/254 
usemtl 03___Defaulttyi
f 769/731/256 770/750/256 772/750/256 708/731/256 
f 770/750/256 773/741/256 726/741/256 772/750/256 
usemtl xdgh
f 773/741/255 774/742/255 732/746/255 726/745/255 
usemtl 03___Defaulttyi
f 774/742/259 771/748/259 767/748/259 732/742/259 
f 771/748/259 768/733/259 715/733/259 767/748/259 
# 66 polygons

#
# object Cylinder099
#

v  -30.0011 4.0354 13.9118
v  -29.2972 4.7393 13.9118
v  -30.0011 5.4432 13.9118
v  -30.7050 4.7393 13.9118
v  -29.2972 4.7393 13.9626
v  -30.0011 5.4432 13.9626
v  -30.0011 4.0354 13.9626
v  -30.7050 4.7393 13.9626
v  -29.2972 4.7393 14.0134
v  -30.0011 5.4432 14.0134
v  -30.0011 4.0354 14.0134
v  -30.7050 4.7393 14.0134
v  -29.2972 4.7393 14.0642
v  -30.0011 5.4432 14.0642
v  -30.0011 4.0354 14.0642
v  -30.7050 4.7393 14.0642
v  -29.2972 4.7393 14.1150
v  -30.0011 5.4432 14.1150
v  -30.0011 4.0354 14.1150
v  -30.7050 4.7393 14.1150
v  -29.2972 4.7393 14.1658
v  -30.0011 5.4432 14.1658
v  -30.0011 4.0354 14.1658
v  -30.7050 4.7393 14.1658
# 24 vertices

vn 0.0000 0.0000 -1.0000
vn -0.0000 1.0000 0.0000
vn 1.0000 -0.0000 0.0000
vn -0.0000 -1.0000 -0.0000
vn -1.0000 0.0000 -0.0000
vn -0.0000 -0.0000 1.0000
# 6 vertex normals

vt 0.2500 0.0000 1.0000
vt 0.0000 0.0000 1.0000
vt -0.2500 0.0000 1.0000
vt 0.7500 0.0000 1.0000
vt 0.5000 0.0000 1.0000
vt 0.0000 0.2000 1.0000
vt -0.2500 0.2000 1.0000
vt 0.2500 0.2000 1.0000
vt 0.5000 0.2000 1.0000
vt 0.7500 0.2000 1.0000
vt 0.0000 0.4000 1.0000
vt -0.2500 0.4000 1.0000
vt 0.2500 0.4000 1.0000
vt 0.5000 0.4000 1.0000
vt 0.7500 0.4000 1.0000
vt 0.0000 0.6000 1.0000
vt -0.2500 0.6000 1.0000
vt 0.2500 0.6000 1.0000
vt 0.5000 0.6000 1.0000
vt 0.7500 0.6000 1.0000
vt 0.0000 0.8000 1.0000
vt -0.2500 0.8000 1.0000
vt 0.2500 0.8000 1.0000
vt 0.5000 0.8000 1.0000
vt 0.7500 0.8000 1.0000
vt 0.0000 1.0000 1.0000
vt -0.2500 1.0000 1.0000
vt 0.2500 1.0000 1.0000
vt 0.5000 1.0000 1.0000
vt 0.7500 1.0000 1.0000
vt 1.0000 1.0000 -1.0000
# 31 texture coords

g Cylinder099
usemtl 03___Defaulttyi
s 1
f 777/754/262 776/753/262 775/752/262 
f 775/752/262 778/756/262 777/755/262 
s 8
f 780/758/263 779/757/264 776/753/264 777/754/263 
f 779/757/264 781/759/265 775/752/265 776/753/264 
f 781/759/265 782/760/266 778/756/266 775/752/265 
f 782/760/266 780/761/263 777/755/263 778/756/266 
f 784/763/263 783/762/264 779/757/264 780/758/263 
f 783/762/264 785/764/265 781/759/265 779/757/264 
f 785/764/265 786/765/266 782/760/266 781/759/265 
f 786/765/266 784/766/263 780/761/263 782/760/266 
f 788/768/263 787/767/264 783/762/264 784/763/263 
f 787/767/264 789/769/265 785/764/265 783/762/264 
f 789/769/265 790/770/266 786/765/266 785/764/265 
f 790/770/266 788/771/263 784/766/263 786/765/266 
f 792/773/263 791/772/264 787/767/264 788/768/263 
f 791/772/264 793/774/265 789/769/265 787/767/264 
f 793/774/265 794/775/266 790/770/266 789/769/265 
f 794/775/266 792/776/263 788/771/263 790/770/266 
f 796/778/263 795/777/264 791/772/264 792/773/263 
f 795/777/264 797/779/265 793/774/265 791/772/264 
f 797/779/265 798/780/266 794/775/266 793/774/265 
f 798/780/266 796/781/263 792/776/263 794/775/266 
s 1
f 795/777/267 796/778/267 798/782/267 
f 798/780/267 797/779/267 795/777/267 
# 20 polygons - 4 triangles

#
# object Cylinder100
#

v  -32.5398 4.0354 16.7855
v  -32.5398 4.7393 17.4894
v  -32.5398 5.4432 16.7855
v  -32.5398 4.7393 16.0816
v  -32.5906 4.7393 17.4894
v  -32.5906 5.4432 16.7855
v  -32.5906 4.0354 16.7855
v  -32.5906 4.7393 16.0816
v  -32.6414 4.7393 17.4894
v  -32.6414 5.4432 16.7855
v  -32.6414 4.0354 16.7855
v  -32.6414 4.7393 16.0816
v  -32.6922 4.7393 17.4894
v  -32.6922 5.4432 16.7855
v  -32.6922 4.0354 16.7855
v  -32.6922 4.7393 16.0816
v  -32.7430 4.7393 17.4894
v  -32.7430 5.4432 16.7855
v  -32.7430 4.0354 16.7855
v  -32.7430 4.7393 16.0816
v  -32.7938 4.7393 17.4894
v  -32.7938 5.4432 16.7855
v  -32.7938 4.0354 16.7855
v  -32.7938 4.7393 16.0816
# 24 vertices

vn 1.0000 -0.0000 0.0000
vn 0.0000 1.0000 0.0000
vn -0.0000 -0.0000 1.0000
vn 0.0000 -1.0000 -0.0000
vn 0.0000 0.0000 -1.0000
vn -1.0000 0.0000 -0.0000
# 6 vertex normals

vt 0.2500 0.0000 1.0000
vt 0.0000 0.0000 1.0000
vt -0.2500 0.0000 1.0000
vt 0.7500 0.0000 1.0000
vt 0.5000 0.0000 1.0000
vt 0.0000 0.2000 1.0000
vt -0.2500 0.2000 1.0000
vt 0.2500 0.2000 1.0000
vt 0.5000 0.2000 1.0000
vt 0.7500 0.2000 1.0000
vt 0.0000 0.4000 1.0000
vt -0.2500 0.4000 1.0000
vt 0.2500 0.4000 1.0000
vt 0.5000 0.4000 1.0000
vt 0.7500 0.4000 1.0000
vt 0.0000 0.6000 1.0000
vt -0.2500 0.6000 1.0000
vt 0.2500 0.6000 1.0000
vt 0.5000 0.6000 1.0000
vt 0.7500 0.6000 1.0000
vt 0.0000 0.8000 1.0000
vt -0.2500 0.8000 1.0000
vt 0.2500 0.8000 1.0000
vt 0.5000 0.8000 1.0000
vt 0.7500 0.8000 1.0000
vt 0.0000 1.0000 1.0000
vt -0.2500 1.0000 1.0000
vt 0.2500 1.0000 1.0000
vt 0.5000 1.0000 1.0000
vt 0.7500 1.0000 1.0000
vt 1.0000 1.0000 -1.0000
# 31 texture coords

g Cylinder100
usemtl 03___Defaulttyi
s 1
f 801/785/268 800/784/268 799/783/268 
f 799/783/268 802/787/268 801/786/268 
s 8
f 804/789/269 803/788/270 800/784/270 801/785/269 
f 803/788/270 805/790/271 799/783/271 800/784/270 
f 805/790/271 806/791/272 802/787/272 799/783/271 
f 806/791/272 804/792/269 801/786/269 802/787/272 
f 808/794/269 807/793/270 803/788/270 804/789/269 
f 807/793/270 809/795/271 805/790/271 803/788/270 
f 809/795/271 810/796/272 806/791/272 805/790/271 
f 810/796/272 808/797/269 804/792/269 806/791/272 
f 812/799/269 811/798/270 807/793/270 808/794/269 
f 811/798/270 813/800/271 809/795/271 807/793/270 
f 813/800/271 814/801/272 810/796/272 809/795/271 
f 814/801/272 812/802/269 808/797/269 810/796/272 
f 816/804/269 815/803/270 811/798/270 812/799/269 
f 815/803/270 817/805/271 813/800/271 811/798/270 
f 817/805/271 818/806/272 814/801/272 813/800/271 
f 818/806/272 816/807/269 812/802/269 814/801/272 
f 820/809/269 819/808/270 815/803/270 816/804/269 
f 819/808/270 821/810/271 817/805/271 815/803/270 
f 821/810/271 822/811/272 818/806/272 817/805/271 
f 822/811/272 820/812/269 816/807/269 818/806/272 
s 1
f 819/808/273 820/809/273 822/813/273 
f 822/811/273 821/810/273 819/808/273 
# 20 polygons - 4 triangles

#
# object Cylinder101
#

v  -30.0011 4.0354 19.3704
v  -29.2972 4.7393 19.3704
v  -30.0011 5.4432 19.3704
v  -30.7050 4.7393 19.3704
v  -29.2972 4.7393 19.4212
v  -30.0011 5.4432 19.4212
v  -30.0011 4.0354 19.4212
v  -30.7050 4.7393 19.4212
v  -29.2972 4.7393 19.4720
v  -30.0011 5.4432 19.4720
v  -30.0011 4.0354 19.4720
v  -30.7050 4.7393 19.4720
v  -29.2972 4.7393 19.5228
v  -30.0011 5.4432 19.5228
v  -30.0011 4.0354 19.5228
v  -30.7050 4.7393 19.5228
v  -29.2972 4.7393 19.5736
v  -30.0011 5.4432 19.5736
v  -30.0011 4.0354 19.5736
v  -30.7050 4.7393 19.5736
v  -29.2972 4.7393 19.6244
v  -30.0011 5.4432 19.6244
v  -30.0011 4.0354 19.6244
v  -30.7050 4.7393 19.6244
# 24 vertices

vn 0.0000 0.0000 -1.0000
vn -0.0000 1.0000 0.0000
vn 1.0000 -0.0000 0.0000
vn -0.0000 -1.0000 -0.0000
vn -1.0000 0.0000 -0.0000
vn -0.0000 -0.0000 1.0000
# 6 vertex normals

vt 0.2500 0.0000 1.0000
vt 0.0000 0.0000 1.0000
vt -0.2500 0.0000 1.0000
vt 0.7500 0.0000 1.0000
vt 0.5000 0.0000 1.0000
vt 0.0000 0.2000 1.0000
vt -0.2500 0.2000 1.0000
vt 0.2500 0.2000 1.0000
vt 0.5000 0.2000 1.0000
vt 0.7500 0.2000 1.0000
vt 0.0000 0.4000 1.0000
vt -0.2500 0.4000 1.0000
vt 0.2500 0.4000 1.0000
vt 0.5000 0.4000 1.0000
vt 0.7500 0.4000 1.0000
vt 0.0000 0.6000 1.0000
vt -0.2500 0.6000 1.0000
vt 0.2500 0.6000 1.0000
vt 0.5000 0.6000 1.0000
vt 0.7500 0.6000 1.0000
vt 0.0000 0.8000 1.0000
vt -0.2500 0.8000 1.0000
vt 0.2500 0.8000 1.0000
vt 0.5000 0.8000 1.0000
vt 0.7500 0.8000 1.0000
vt 0.0000 1.0000 1.0000
vt -0.2500 1.0000 1.0000
vt 0.2500 1.0000 1.0000
vt 0.5000 1.0000 1.0000
vt 0.7500 1.0000 1.0000
vt 1.0000 1.0000 -1.0000
# 31 texture coords

g Cylinder101
usemtl 03___Defaulttyi
s 1
f 825/816/274 824/815/274 823/814/274 
f 823/814/274 826/818/274 825/817/274 
s 8
f 828/820/275 827/819/276 824/815/276 825/816/275 
f 827/819/276 829/821/277 823/814/277 824/815/276 
f 829/821/277 830/822/278 826/818/278 823/814/277 
f 830/822/278 828/823/275 825/817/275 826/818/278 
f 832/825/275 831/824/276 827/819/276 828/820/275 
f 831/824/276 833/826/277 829/821/277 827/819/276 
f 833/826/277 834/827/278 830/822/278 829/821/277 
f 834/827/278 832/828/275 828/823/275 830/822/278 
f 836/830/275 835/829/276 831/824/276 832/825/275 
f 835/829/276 837/831/277 833/826/277 831/824/276 
f 837/831/277 838/832/278 834/827/278 833/826/277 
f 838/832/278 836/833/275 832/828/275 834/827/278 
f 840/835/275 839/834/276 835/829/276 836/830/275 
f 839/834/276 841/836/277 837/831/277 835/829/276 
f 841/836/277 842/837/278 838/832/278 837/831/277 
f 842/837/278 840/838/275 836/833/275 838/832/278 
f 844/840/275 843/839/276 839/834/276 840/835/275 
f 843/839/276 845/841/277 841/836/277 839/834/276 
f 845/841/277 846/842/278 842/837/278 841/836/277 
f 846/842/278 844/843/275 840/838/275 842/837/278 
s 1
f 843/839/279 844/840/279 846/844/279 
f 846/842/279 845/841/279 843/839/279 
# 20 polygons - 4 triangles

#
# object Box238
#

v  66.6553 0.0095 19.5936
v  66.6553 0.0095 0.2273
v  56.4953 0.0095 0.2273
v  56.4953 0.0095 19.5936
v  66.6553 1.2795 19.5936
v  56.4953 1.2795 19.5936
v  56.4953 1.2795 0.2273
v  66.6553 1.2795 0.2273
# 8 vertices

vn 0.0000 -1.0000 0.0000
vn 0.0000 1.0000 -0.0000
vn 0.0000 0.0000 1.0000
vn -1.0000 0.0000 -0.0000
vn 0.0000 -0.0000 -1.0000
vn 1.0000 0.0000 -0.0000
# 6 vertex normals

vt 1.0000 0.0000 0.0000
vt 1.0000 1.0000 0.0000
vt 0.0000 1.0000 0.0000
vt 0.0000 0.0000 0.0000
# 4 texture coords

g Box238
usemtl cvj
s 2
f 850/848/280 849/847/280 848/846/280 847/845/280 
usemtl tfg
s 4
f 854/847/281 853/846/281 852/845/281 851/848/281 
usemtl cvj
s 8
f 851/847/282 852/846/282 850/845/282 847/848/282 
s 16
f 852/847/283 853/846/283 849/845/283 850/848/283 
usemtl tfg
s 32
f 853/847/284 854/846/284 848/845/284 849/848/284 
usemtl cvj
s 64
f 854/847/285 851/846/285 847/845/285 848/848/285 
# 6 polygons

#
# object Box237
#

v  64.2252 1.1801 19.6391
v  64.2252 1.1801 0.2728
v  56.6052 1.1801 0.2728
v  56.6052 1.1801 19.6391
v  64.2252 2.4501 19.6391
v  56.6052 2.4501 19.6391
v  56.6052 2.4501 0.2728
v  64.2252 2.4501 0.2728
# 8 vertices

vn 0.0000 -1.0000 0.0000
vn 0.0000 1.0000 -0.0000
vn 0.0000 0.0000 1.0000
vn -1.0000 0.0000 -0.0000
vn 0.0000 -0.0000 -1.0000
vn 1.0000 0.0000 -0.0000
# 6 vertex normals

vt 1.0000 0.0000 0.0000
vt 1.0000 1.0000 0.0000
vt 0.0000 1.0000 0.0000
vt 0.0000 0.0000 0.0000
# 4 texture coords

g Box237
usemtl cvj
s 2
f 858/852/286 857/851/286 856/850/286 855/849/286 
usemtl tfg
s 4
f 862/851/287 861/850/287 860/849/287 859/852/287 
usemtl cvj
s 8
f 859/851/288 860/850/288 858/849/288 855/852/288 
s 16
f 860/851/289 861/850/289 857/849/289 858/852/289 
usemtl tfg
s 32
f 861/851/290 862/850/290 856/849/290 857/852/290 
usemtl cvj
s 64
f 862/851/291 859/850/291 855/849/291 856/852/291 
# 6 polygons

#
# object Box235
#

v  61.7073 2.4315 19.6391
v  61.7073 2.4315 0.2728
v  56.6273 2.4315 0.2728
v  56.6273 2.4315 19.6391
v  61.7073 3.7015 19.6391
v  56.6273 3.7015 19.6391
v  56.6273 3.7015 0.2728
v  61.7073 3.7015 0.2728
# 8 vertices

vn 0.0000 -1.0000 0.0000
vn 0.0000 1.0000 -0.0000
vn 0.0000 0.0000 1.0000
vn -1.0000 0.0000 -0.0000
vn 0.0000 -0.0000 -1.0000
vn 1.0000 0.0000 -0.0000
# 6 vertex normals

vt 1.0000 0.0000 0.0000
vt 1.0000 1.0000 0.0000
vt 0.0000 1.0000 0.0000
vt 0.0000 0.0000 0.0000
# 4 texture coords

g Box235
usemtl cvj
s 2
f 866/856/292 865/855/292 864/854/292 863/853/292 
usemtl tfg
s 4
f 870/855/293 869/854/293 868/853/293 867/856/293 
usemtl cvj
s 8
f 867/855/294 868/854/294 866/853/294 863/856/294 
s 16
f 868/855/295 869/854/295 865/853/295 866/856/295 
usemtl tfg
s 32
f 869/855/296 870/854/296 864/853/296 865/856/296 
usemtl cvj
s 64
f 870/855/297 867/854/297 863/853/297 864/856/297 
# 6 polygons

#
# object Box236
#

v  59.3002 3.6165 19.6391
v  59.3002 3.6165 0.2728
v  54.2202 3.6165 0.2728
v  54.2202 3.6165 19.6391
v  59.3002 4.8865 19.6391
v  54.2202 4.8865 19.6391
v  54.2202 4.8865 0.2728
v  59.3002 4.8865 0.2728
# 8 vertices

vn 0.0000 -1.0000 0.0000
vn 0.0000 1.0000 -0.0000
vn 0.0000 0.0000 1.0000
vn -1.0000 0.0000 -0.0000
vn 0.0000 -0.0000 -1.0000
vn 1.0000 0.0000 -0.0000
# 6 vertex normals

vt 1.0000 0.0000 0.0000
vt 1.0000 1.0000 0.0000
vt 0.0000 1.0000 0.0000
vt 0.0000 0.0000 0.0000
# 4 texture coords

g Box236
usemtl cvj
s 2
f 874/860/298 873/859/298 872/858/298 871/857/298 
usemtl tfg
s 4
f 878/859/299 877/858/299 876/857/299 875/860/299 
usemtl cvj
s 8
f 875/859/300 876/858/300 874/857/300 871/860/300 
s 16
f 876/859/301 877/858/301 873/857/301 874/860/301 
usemtl tfg
s 32
f 877/859/302 878/858/302 872/857/302 873/860/302 
usemtl cvj
s 64
f 878/859/303 875/858/303 871/857/303 872/860/303 
# 6 polygons

#
# object Box285
#

v  -11.3643 0.0095 19.5936
v  -11.3643 0.0095 0.2273
v  -1.2043 0.0095 0.2273
v  -1.2043 0.0095 19.5936
v  -11.3643 1.2795 19.5936
v  -1.2043 1.2795 19.5936
v  -1.2043 1.2795 0.2273
v  -11.3643 1.2795 0.2273
# 8 vertices

vn 0.0000 -1.0000 0.0000
vn 0.0000 1.0000 -0.0000
vn 0.0000 0.0000 1.0000
vn 1.0000 0.0000 -0.0000
vn 0.0000 -0.0000 -1.0000
vn -1.0000 0.0000 -0.0000
# 6 vertex normals

vt 1.0000 0.0000 0.0000
vt 1.0000 1.0000 0.0000
vt 0.0000 1.0000 0.0000
vt 0.0000 0.0000 0.0000
# 4 texture coords

g Box285
usemtl cvj
s 2
f 879/861/304 880/862/304 881/863/304 882/864/304 
usemtl tfg
s 4
f 883/864/305 884/861/305 885/862/305 886/863/305 
usemtl cvj
s 8
f 879/864/306 882/861/306 884/862/306 883/863/306 
s 16
f 882/864/307 881/861/307 885/862/307 884/863/307 
usemtl tfg
s 32
f 881/864/308 880/861/308 886/862/308 885/863/308 
usemtl cvj
s 64
f 880/864/309 879/861/309 883/862/309 886/863/309 
# 6 polygons

#
# object Box286
#

v  -8.9342 1.1801 19.6391
v  -8.9342 1.1801 0.2728
v  -1.3142 1.1801 0.2728
v  -1.3142 1.1801 19.6391
v  -8.9342 2.4501 19.6391
v  -1.3142 2.4501 19.6391
v  -1.3142 2.4501 0.2728
v  -8.9342 2.4501 0.2728
# 8 vertices

vn 0.0000 -1.0000 0.0000
vn 0.0000 1.0000 -0.0000
vn 0.0000 0.0000 1.0000
vn 1.0000 0.0000 -0.0000
vn 0.0000 -0.0000 -1.0000
vn -1.0000 0.0000 -0.0000
# 6 vertex normals

vt 1.0000 0.0000 0.0000
vt 1.0000 1.0000 0.0000
vt 0.0000 1.0000 0.0000
vt 0.0000 0.0000 0.0000
# 4 texture coords

g Box286
usemtl cvj
s 2
f 887/865/310 888/866/310 889/867/310 890/868/310 
usemtl tfg
s 4
f 891/868/311 892/865/311 893/866/311 894/867/311 
usemtl cvj
s 8
f 887/868/312 890/865/312 892/866/312 891/867/312 
s 16
f 890/868/313 889/865/313 893/866/313 892/867/313 
usemtl tfg
s 32
f 889/868/314 888/865/314 894/866/314 893/867/314 
usemtl cvj
s 64
f 888/868/315 887/865/315 891/866/315 894/867/315 
# 6 polygons

#
# object Box287
#

v  -6.4164 2.4315 19.6391
v  -6.4164 2.4315 0.2728
v  -1.3364 2.4315 0.2728
v  -1.3364 2.4315 19.6391
v  -6.4164 3.7015 19.6391
v  -1.3364 3.7015 19.6391
v  -1.3364 3.7015 0.2728
v  -6.4164 3.7015 0.2728
# 8 vertices

vn 0.0000 -1.0000 0.0000
vn 0.0000 1.0000 -0.0000
vn 0.0000 0.0000 1.0000
vn 1.0000 0.0000 -0.0000
vn 0.0000 -0.0000 -1.0000
vn -1.0000 0.0000 -0.0000
# 6 vertex normals

vt 1.0000 0.0000 0.0000
vt 1.0000 1.0000 0.0000
vt 0.0000 1.0000 0.0000
vt 0.0000 0.0000 0.0000
# 4 texture coords

g Box287
usemtl cvj
s 2
f 895/869/316 896/870/316 897/871/316 898/872/316 
usemtl tfg
s 4
f 899/872/317 900/869/317 901/870/317 902/871/317 
usemtl cvj
s 8
f 895/872/318 898/869/318 900/870/318 899/871/318 
s 16
f 898/872/319 897/869/319 901/870/319 900/871/319 
usemtl tfg
s 32
f 897/872/320 896/869/320 902/870/320 901/871/320 
usemtl cvj
s 64
f 896/872/321 895/869/321 899/870/321 902/871/321 
# 6 polygons

#
# object Box288
#

v  -4.0092 3.6165 19.6391
v  -4.0092 3.6165 0.2728
v  1.0708 3.6165 0.2728
v  1.0708 3.6165 19.6391
v  -4.0092 4.8865 19.6391
v  1.0708 4.8865 19.6391
v  1.0708 4.8865 0.2728
v  -4.0092 4.8865 0.2728
# 8 vertices

vn 0.0000 -1.0000 0.0000
vn 0.0000 1.0000 -0.0000
vn 0.0000 0.0000 1.0000
vn 1.0000 0.0000 -0.0000
vn 0.0000 -0.0000 -1.0000
vn -1.0000 0.0000 -0.0000
# 6 vertex normals

vt 1.0000 0.0000 0.0000
vt 1.0000 1.0000 0.0000
vt 0.0000 1.0000 0.0000
vt 0.0000 0.0000 0.0000
# 4 texture coords

g Box288
usemtl cvj
s 2
f 903/873/322 904/874/322 905/875/322 906/876/322 
usemtl tfg
s 4
f 907/876/323 908/873/323 909/874/323 910/875/323 
usemtl cvj
s 8
f 903/876/324 906/873/324 908/874/324 907/875/324 
s 16
f 906/876/325 905/873/325 909/874/325 908/875/325 
usemtl tfg
s 32
f 905/876/326 904/873/326 910/874/326 909/875/326 
usemtl cvj
s 64
f 904/876/327 903/873/327 907/874/327 910/875/327 
# 6 polygons

#
# object Box290
#

v  46.0993 8.1294 47.6042
v  46.0993 8.1294 44.3368
v  8.3114 8.1294 44.3368
v  8.3114 8.1294 47.6042
v  46.0993 11.4042 47.6042
v  8.3114 11.4042 47.6042
v  8.3114 11.4042 44.3368
v  46.0993 11.4042 44.3368
# 8 vertices

vn 0.0000 -1.0000 -0.0000
vn 0.0000 1.0000 -0.0000
vn -0.0000 0.0000 1.0000
vn -1.0000 0.0000 -0.0000
vn 0.0000 0.0000 -1.0000
vn 1.0000 0.0000 0.0000
# 6 vertex normals

vt 1.0000 0.0000 0.0000
vt 1.0000 1.0000 0.0000
vt 0.0000 1.0000 0.0000
vt 0.0000 0.0000 0.0000
# 4 texture coords

g Box290
usemtl tr76
s 2
f 914/880/328 913/879/328 912/878/328 911/877/328 
s 4
f 918/879/329 917/878/329 916/877/329 915/880/329 
s 8
f 915/879/330 916/878/330 914/877/330 911/880/330 
s 16
f 916/879/331 917/878/331 913/877/331 914/880/331 
s 32
f 917/879/332 918/878/332 912/877/332 913/880/332 
s 64
f 918/879/333 915/878/333 911/877/333 912/880/333 
# 6 polygons

#
# object Box318
#

v  110.8545 15.0982 0.9835
v  108.3145 15.0982 0.9835
v  108.3145 15.0982 -14.2565
v  110.8545 15.0982 -14.2565
v  110.8545 18.9082 0.9835
v  110.8545 18.9082 -14.2565
v  108.3145 18.9082 -14.2565
v  108.3145 18.9082 0.9835
# 8 vertices

vn 0.0000 -1.0000 -0.0000
vn 0.0000 1.0000 -0.0000
vn 1.0000 0.0000 -0.0000
vn -0.0000 0.0000 -1.0000
vn -1.0000 0.0000 0.0000
vn 0.0000 0.0000 1.0000
# 6 vertex normals

vt 1.0000 0.0000 0.0000
vt 1.0000 1.0000 0.0000
vt 0.0000 1.0000 0.0000
vt 0.0000 0.0000 0.0000
# 4 texture coords

g Box318
usemtl cvj
s 2
f 919/881/334 920/882/334 921/883/334 922/884/334 
usemtl xdgh
s 4
f 923/884/335 924/881/335 925/882/335 926/883/335 
s 8
f 919/884/336 922/881/336 924/882/336 923/883/336 
s 16
f 922/884/337 921/881/337 925/882/337 924/883/337 
s 32
f 921/884/338 920/881/338 926/882/338 925/883/338 
s 64
f 920/884/339 919/881/339 923/882/339 926/883/339 
# 6 polygons

#
# object Box325
#

v  111.6165 -0.3273 4.8670
v  110.1771 -0.3273 4.8670
v  110.1771 -0.3273 3.4277
v  111.6165 -0.3273 3.4277
v  110.1771 -0.3273 1.9884
v  111.6165 -0.3273 1.9884
v  110.1771 -0.3273 0.5490
v  111.6165 -0.3273 0.5490
v  108.7378 -0.3273 4.8670
v  108.7378 -0.3273 3.4277
v  108.7378 -0.3273 1.9884
v  108.7378 -0.3273 0.5490
v  107.2985 -0.3273 4.8670
v  107.2985 -0.3273 3.4277
v  107.2985 -0.3273 1.9884
v  107.2985 -0.3273 0.5490
v  111.6165 9.8327 4.8670
v  111.6165 9.8327 3.4277
v  110.1771 9.8327 3.4277
v  110.1771 9.8327 4.8670
v  111.6165 9.8327 1.9884
v  110.1771 9.8327 1.9884
v  111.6165 9.8327 0.5490
v  110.1771 9.8327 0.5490
v  108.7378 9.8327 3.4277
v  108.7378 9.8327 4.8670
v  108.7378 9.8327 1.9884
v  108.7378 9.8327 0.5490
v  107.2985 9.8327 3.4277
v  107.2985 9.8327 4.8670
v  107.2985 9.8327 1.9884
v  107.2985 9.8327 0.5490
v  111.6165 4.7527 3.4277
v  111.6165 4.7527 4.8670
v  115.3545 -0.3273 3.4277
v  115.3545 -0.3273 1.9884
v  115.3545 4.7527 1.9884
v  115.3545 4.7527 3.4277
v  111.6165 4.7527 0.5490
v  111.6165 4.7527 1.9884
v  112.1245 9.8327 1.9884
v  112.1245 9.8327 3.4277
v  110.1771 4.7527 0.5490
v  110.1771 -0.3273 0.0410
v  108.7378 -0.3273 0.0410
v  108.7378 4.7527 0.0410
v  110.1771 4.7527 0.0410
v  107.2985 4.7527 0.5490
v  108.7378 4.7527 0.5490
v  108.7378 9.8327 0.0410
v  110.1771 9.8327 0.0410
v  107.2985 4.7527 1.9884
v  106.7905 -0.3273 1.9884
v  106.7905 -0.3273 3.4277
v  106.7905 4.7527 3.4277
v  106.7905 4.7527 1.9884
v  107.2985 4.7527 4.8670
v  107.2985 4.7527 3.4277
v  106.7905 9.8327 3.4277
v  106.7905 9.8327 1.9884
v  108.7378 4.7527 4.8670
v  108.7378 -0.3273 9.4053
v  110.1771 -0.3273 9.4053
v  110.1771 4.7527 9.4053
v  108.7378 4.7527 9.4053
v  110.1771 4.7527 4.8670
v  110.1771 9.8327 5.3251
v  108.7378 9.8327 5.3251
# 68 vertices

vn 0.0000 -1.0000 -0.0000
vn 0.0000 1.0000 -0.0000
vn 1.0000 0.0000 -0.0000
vn 0.9602 0.2794 -0.0000
vn 0.8439 0.5366 -0.0000
vn -0.0000 0.0000 -1.0000
vn -0.0000 -0.0000 -1.0000
vn -1.0000 0.0000 0.0000
vn -1.0000 -0.0000 0.0000
vn 0.0000 0.0000 1.0000
vn 0.0000 0.3319 0.9433
vn 0.0000 0.6262 0.7796
vn 0.0000 0.0000 -1.0000
vn -0.0000 0.0000 1.0000
vn 0.0000 -0.0000 1.0000
vn 1.0000 0.0000 0.0000
vn 1.0000 -0.0000 -0.0000
vn -1.0000 -0.0000 -0.0000
# 18 vertex normals

vt 1.0000 0.0000 0.0000
vt 1.0000 0.3333 0.0000
vt 0.6667 0.3333 0.0000
vt 0.6667 0.0000 0.0000
vt 0.3333 0.3333 0.0000
vt 0.3333 0.0000 0.0000
vt -0.0000 0.3333 0.0000
vt -0.0000 0.0000 0.0000
vt 1.0000 0.6667 0.0000
vt 0.6667 0.6667 0.0000
vt 0.3333 0.6667 0.0000
vt -0.0000 0.6667 0.0000
vt 1.0000 1.0000 0.0000
vt 0.6667 1.0000 0.0000
vt 0.3333 1.0000 0.0000
vt -0.0000 1.0000 0.0000
vt 0.0000 0.0000 0.0000
vt 0.0000 0.3333 0.0000
vt 0.0000 0.6667 0.0000
vt 0.0000 1.0000 0.0000
vt 0.3333 0.5000 0.0000
vt 0.0000 0.5000 0.0000
vt 0.6667 0.5000 0.0000
vt 1.0000 0.5000 0.0000
# 24 texture coords

g Box325
usemtl xdgh
s 2
f 927/885/340 928/886/340 929/887/340 930/888/340 
f 930/888/340 929/887/340 931/889/340 932/890/340 
f 932/890/340 931/889/340 933/891/340 934/892/340 
f 928/886/340 935/893/340 936/894/340 929/887/340 
f 929/887/340 936/894/340 937/895/340 931/889/340 
f 931/889/340 937/895/340 938/896/340 933/891/340 
f 935/893/340 939/897/340 940/898/340 936/894/340 
f 936/894/340 940/898/340 941/899/340 937/895/340 
f 937/895/340 941/899/340 942/900/340 938/896/340 
usemtl tfg
s 4
f 943/901/341 944/890/341 945/889/341 946/902/341 
usemtl 03___Defaulttyi
f 944/890/341 947/888/341 948/887/341 945/889/341 
usemtl tfg
f 947/888/341 949/885/341 950/886/341 948/887/341 
usemtl 03___Defaulttyi
f 946/902/341 945/889/341 951/895/341 952/903/341 
f 945/889/341 948/887/341 953/894/341 951/895/341 
f 948/887/341 950/886/341 954/893/341 953/894/341 
usemtl tfg
f 952/903/341 951/895/341 955/899/341 956/904/341 
usemtl 03___Defaulttyi
f 951/895/341 953/894/341 957/898/341 955/899/341 
usemtl tfg
f 953/894/341 954/893/341 958/897/341 957/898/341 
usemtl xdgh
s 8
f 927/901/342 930/890/342 959/905/342 960/906/342 
f 961/890/342 962/888/342 963/907/343 964/905/343 
f 932/888/342 934/885/342 965/908/342 966/907/342 
usemtl tfg
f 960/906/342 959/905/342 944/899/342 943/904/342 
usemtl xdgh
f 964/905/343 963/907/343 967/898/344 968/899/344 
usemtl tfg
f 966/907/342 965/908/342 949/897/342 947/898/342 
usemtl xdgh
s 16
f 934/901/345 933/890/345 969/905/345 965/906/345 
f 970/890/346 971/888/346 972/907/345 973/905/345 
f 938/888/345 942/885/345 974/908/345 975/907/345 
usemtl tfg
f 965/906/345 969/905/345 950/899/345 949/904/345 
usemtl xdgh
f 973/905/345 972/907/345 976/898/345 977/899/345 
usemtl tfg
f 975/907/345 974/908/345 958/897/345 954/898/345 
usemtl xdgh
s 32
f 942/901/347 941/890/347 978/905/347 974/906/347 
f 979/890/348 980/888/348 981/907/347 982/905/347 
f 940/888/347 939/885/347 983/908/347 984/907/347 
usemtl tfg
f 974/906/347 978/905/347 957/899/347 958/904/347 
usemtl xdgh
f 982/905/347 981/907/347 985/898/347 986/899/347 
usemtl tfg
f 984/907/347 983/908/347 956/897/347 955/898/347 
usemtl xdgh
s 64
f 939/901/349 935/890/349 987/905/349 983/906/349 
f 988/890/349 989/888/349 990/907/350 991/905/350 
f 928/888/349 927/885/349 960/908/349 992/907/349 
usemtl tfg
f 983/906/349 987/905/349 952/899/349 956/904/349 
usemtl xdgh
f 991/905/350 990/907/350 993/898/351 994/899/351 
usemtl tfg
f 992/907/349 960/908/349 943/897/349 946/898/349 
usemtl xdgh
s off
f 930/888/340 932/890/340 962/888/340 961/890/340 
usemtl tfg
f 932/888/352 966/907/352 963/907/352 962/888/352 
f 966/907/346 947/898/346 967/898/346 963/907/346 
f 947/888/341 944/890/341 968/899/341 967/898/341 
f 944/899/349 959/905/349 964/905/349 968/899/349 
f 959/905/353 930/890/353 961/890/353 964/905/353 
usemtl xdgh
f 933/891/340 938/896/340 971/888/340 970/890/340 
usemtl tfg
f 938/888/347 975/907/347 972/907/347 971/888/347 
f 975/907/347 954/898/347 976/898/347 972/907/347 
f 954/893/341 950/886/341 977/899/341 976/898/341 
f 950/899/342 969/905/342 973/905/342 977/899/342 
f 969/905/342 933/890/342 970/890/342 973/905/342 
usemtl xdgh
f 941/899/340 940/898/340 980/888/340 979/890/340 
usemtl 03___Defaulttyi
f 940/888/349 984/907/349 981/907/349 980/888/349 
f 984/907/354 955/898/354 985/898/354 981/907/354 
usemtl tfg
f 955/899/341 957/898/341 986/899/341 985/898/341 
usemtl 03___Defaulttyi
f 957/899/345 978/905/345 982/905/345 986/899/345 
f 978/905/346 941/890/346 979/890/346 982/905/346 
usemtl tfg
f 935/893/340 928/886/340 989/888/340 988/890/340 
f 928/888/355 992/907/355 990/907/355 989/888/355 
f 992/907/356 946/898/356 993/898/356 990/907/356 
usemtl xdgh
f 946/902/341 952/903/341 994/899/341 993/898/341 
f 952/899/347 987/905/347 991/905/347 994/899/347 
f 987/905/357 935/890/357 988/890/357 991/905/357 
# 66 polygons

#
# object Cylinder105
#

v  109.4998 4.0354 5.2776
v  108.7959 4.7393 5.2776
v  109.4998 5.4432 5.2776
v  110.2037 4.7393 5.2776
v  108.7959 4.7393 5.3284
v  109.4998 5.4432 5.3284
v  109.4998 4.0354 5.3284
v  110.2037 4.7393 5.3284
v  108.7959 4.7393 5.3792
v  109.4998 5.4432 5.3792
v  109.4998 4.0354 5.3792
v  110.2037 4.7393 5.3792
v  108.7959 4.7393 5.4300
v  109.4998 5.4432 5.4300
v  109.4998 4.0354 5.4300
v  110.2037 4.7393 5.4300
v  108.7959 4.7393 5.4808
v  109.4998 5.4432 5.4808
v  109.4998 4.0354 5.4808
v  110.2037 4.7393 5.4808
v  108.7959 4.7393 5.5316
v  109.4998 5.4432 5.5316
v  109.4998 4.0354 5.5316
v  110.2037 4.7393 5.5316
# 24 vertices

vn -0.0000 -0.0000 -1.0000
vn 0.0000 1.0000 -0.0000
vn -1.0000 0.0000 0.0000
vn -0.0000 -1.0000 0.0000
vn 1.0000 -0.0000 -0.0000
vn 0.0000 0.0000 1.0000
# 6 vertex normals

vt 0.2500 0.0000 1.0000
vt 0.0000 0.0000 1.0000
vt -0.2500 0.0000 1.0000
vt 0.7500 0.0000 1.0000
vt 0.5000 0.0000 1.0000
vt 0.0000 0.2000 1.0000
vt -0.2500 0.2000 1.0000
vt 0.2500 0.2000 1.0000
vt 0.5000 0.2000 1.0000
vt 0.7500 0.2000 1.0000
vt 0.0000 0.4000 1.0000
vt -0.2500 0.4000 1.0000
vt 0.2500 0.4000 1.0000
vt 0.5000 0.4000 1.0000
vt 0.7500 0.4000 1.0000
vt 0.0000 0.6000 1.0000
vt -0.2500 0.6000 1.0000
vt 0.2500 0.6000 1.0000
vt 0.5000 0.6000 1.0000
vt 0.7500 0.6000 1.0000
vt 0.0000 0.8000 1.0000
vt -0.2500 0.8000 1.0000
vt 0.2500 0.8000 1.0000
vt 0.5000 0.8000 1.0000
vt 0.7500 0.8000 1.0000
vt 0.0000 1.0000 1.0000
vt -0.2500 1.0000 1.0000
vt 0.2500 1.0000 1.0000
vt 0.5000 1.0000 1.0000
vt 0.7500 1.0000 1.0000
vt 1.0000 1.0000 -1.0000
# 31 texture coords

g Cylinder105
usemtl 03___Defaulttyi
s 1
f 995/909/358 996/910/358 997/911/358 
f 997/912/358 998/913/358 995/909/358 
s 8
f 997/911/359 996/910/360 999/914/360 1000/915/359 
f 996/910/360 995/909/361 1001/916/361 999/914/360 
f 995/909/361 998/913/362 1002/917/362 1001/916/361 
f 998/913/362 997/912/359 1000/918/359 1002/917/362 
f 1000/915/359 999/914/360 1003/919/360 1004/920/359 
f 999/914/360 1001/916/361 1005/921/361 1003/919/360 
f 1001/916/361 1002/917/362 1006/922/362 1005/921/361 
f 1002/917/362 1000/918/359 1004/923/359 1006/922/362 
f 1004/920/359 1003/919/360 1007/924/360 1008/925/359 
f 1003/919/360 1005/921/361 1009/926/361 1007/924/360 
f 1005/921/361 1006/922/362 1010/927/362 1009/926/361 
f 1006/922/362 1004/923/359 1008/928/359 1010/927/362 
f 1008/925/359 1007/924/360 1011/929/360 1012/930/359 
f 1007/924/360 1009/926/361 1013/931/361 1011/929/360 
f 1009/926/361 1010/927/362 1014/932/362 1013/931/361 
f 1010/927/362 1008/928/359 1012/933/359 1014/932/362 
f 1012/930/359 1011/929/360 1015/934/360 1016/935/359 
f 1011/929/360 1013/931/361 1017/936/361 1015/934/360 
f 1013/931/361 1014/932/362 1018/937/362 1017/936/361 
f 1014/932/362 1012/933/359 1016/938/359 1018/937/362 
s 1
f 1018/939/363 1016/935/363 1015/934/363 
f 1015/934/363 1017/936/363 1018/937/363 
# 20 polygons - 4 triangles

#
# object Box326
#

v  111.9975 4.5718 5.2480
v  106.9175 4.5718 5.2480
v  106.9175 4.5718 0.1680
v  111.9975 4.5718 0.1680
v  111.9975 4.8258 5.2480
v  111.9975 4.8258 0.1680
v  106.9175 4.8258 0.1680
v  106.9175 4.8258 5.2480
# 8 vertices

vn 0.0000 -1.0000 -0.0000
vn 0.0000 1.0000 -0.0000
vn 1.0000 0.0000 -0.0000
vn -0.0000 0.0000 -1.0000
vn -1.0000 0.0000 0.0000
vn 0.0000 0.0000 1.0000
# 6 vertex normals

vt 1.0000 0.0000 0.0000
vt 1.0000 1.0000 0.0000
vt 0.0000 1.0000 0.0000
vt 0.0000 0.0000 0.0000
# 4 texture coords

g Box326
usemtl cvj
s 2
f 1019/940/364 1020/941/364 1021/942/364 1022/943/364 
s 4
f 1023/943/365 1024/940/365 1025/941/365 1026/942/365 
s 8
f 1019/943/366 1022/940/366 1024/941/366 1023/942/366 
s 16
f 1022/943/367 1021/940/367 1025/941/367 1024/942/367 
s 32
f 1021/943/368 1020/940/368 1026/941/368 1025/942/368 
s 64
f 1020/943/369 1019/940/369 1023/941/369 1026/942/369 
# 6 polygons

#
# object Box327
#

v  111.8705 -0.3273 5.1210
v  107.0445 -0.3273 5.1210
v  107.0445 -0.3273 0.2950
v  111.8705 -0.3273 0.2950
v  111.8705 0.9427 5.1210
v  111.8705 0.9427 0.2950
v  107.0445 0.9427 0.2950
v  107.0445 0.9427 5.1210
# 8 vertices

vn 0.0000 -1.0000 -0.0000
vn 0.0000 1.0000 -0.0000
vn 1.0000 0.0000 -0.0000
vn -0.0000 0.0000 -1.0000
vn -1.0000 0.0000 0.0000
vn 0.0000 0.0000 1.0000
# 6 vertex normals

vt 1.0000 0.0000 0.0000
vt 1.0000 1.0000 0.0000
vt 0.0000 1.0000 0.0000
vt 0.0000 0.0000 0.0000
# 4 texture coords

g Box327
usemtl tfg
s 2
f 1027/944/370 1028/945/370 1029/946/370 1030/947/370 
s 4
f 1031/947/371 1032/944/371 1033/945/371 1034/946/371 
s 8
f 1027/947/372 1030/944/372 1032/945/372 1031/946/372 
s 16
f 1030/947/373 1029/944/373 1033/945/373 1032/946/373 
s 32
f 1029/947/374 1028/944/374 1034/945/374 1033/946/374 
s 64
f 1028/947/375 1027/944/375 1031/945/375 1034/946/375 
# 6 polygons

#
# object Cylinder106
#

v  109.4998 4.0354 -0.1811
v  108.7959 4.7393 -0.1811
v  109.4998 5.4432 -0.1811
v  110.2037 4.7393 -0.1811
v  108.7959 4.7393 -0.1303
v  109.4998 5.4432 -0.1303
v  109.4998 4.0354 -0.1303
v  110.2037 4.7393 -0.1303
v  108.7959 4.7393 -0.0795
v  109.4998 5.4432 -0.0795
v  109.4998 4.0354 -0.0795
v  110.2037 4.7393 -0.0795
v  108.7959 4.7393 -0.0287
v  109.4998 5.4432 -0.0287
v  109.4998 4.0354 -0.0287
v  110.2037 4.7393 -0.0287
v  108.7959 4.7393 0.0221
v  109.4998 5.4432 0.0221
v  109.4998 4.0354 0.0221
v  110.2037 4.7393 0.0221
v  108.7959 4.7393 0.0729
v  109.4998 5.4432 0.0729
v  109.4998 4.0354 0.0729
v  110.2037 4.7393 0.0729
# 24 vertices

vn -0.0000 -0.0000 -1.0000
vn 0.0000 1.0000 -0.0000
vn -1.0000 0.0000 0.0000
vn -0.0000 -1.0000 0.0000
vn 1.0000 -0.0000 -0.0000
vn 0.0000 0.0000 1.0000
# 6 vertex normals

vt 0.2500 0.0000 1.0000
vt 0.0000 0.0000 1.0000
vt -0.2500 0.0000 1.0000
vt 0.7500 0.0000 1.0000
vt 0.5000 0.0000 1.0000
vt 0.0000 0.2000 1.0000
vt -0.2500 0.2000 1.0000
vt 0.2500 0.2000 1.0000
vt 0.5000 0.2000 1.0000
vt 0.7500 0.2000 1.0000
vt 0.0000 0.4000 1.0000
vt -0.2500 0.4000 1.0000
vt 0.2500 0.4000 1.0000
vt 0.5000 0.4000 1.0000
vt 0.7500 0.4000 1.0000
vt 0.0000 0.6000 1.0000
vt -0.2500 0.6000 1.0000
vt 0.2500 0.6000 1.0000
vt 0.5000 0.6000 1.0000
vt 0.7500 0.6000 1.0000
vt 0.0000 0.8000 1.0000
vt -0.2500 0.8000 1.0000
vt 0.2500 0.8000 1.0000
vt 0.5000 0.8000 1.0000
vt 0.7500 0.8000 1.0000
vt 0.0000 1.0000 1.0000
vt -0.2500 1.0000 1.0000
vt 0.2500 1.0000 1.0000
vt 0.5000 1.0000 1.0000
vt 0.7500 1.0000 1.0000
vt 1.0000 1.0000 -1.0000
# 31 texture coords

g Cylinder106
usemtl 03___Defaulttyi
s 1
f 1035/948/376 1036/949/376 1037/950/376 
f 1037/951/376 1038/952/376 1035/948/376 
s 8
f 1037/950/377 1036/949/378 1039/953/378 1040/954/377 
f 1036/949/378 1035/948/379 1041/955/379 1039/953/378 
f 1035/948/379 1038/952/380 1042/956/380 1041/955/379 
f 1038/952/380 1037/951/377 1040/957/377 1042/956/380 
f 1040/954/377 1039/953/378 1043/958/378 1044/959/377 
f 1039/953/378 1041/955/379 1045/960/379 1043/958/378 
f 1041/955/379 1042/956/380 1046/961/380 1045/960/379 
f 1042/956/380 1040/957/377 1044/962/377 1046/961/380 
f 1044/959/377 1043/958/378 1047/963/378 1048/964/377 
f 1043/958/378 1045/960/379 1049/965/379 1047/963/378 
f 1045/960/379 1046/961/380 1050/966/380 1049/965/379 
f 1046/961/380 1044/962/377 1048/967/377 1050/966/380 
f 1048/964/377 1047/963/378 1051/968/378 1052/969/377 
f 1047/963/378 1049/965/379 1053/970/379 1051/968/378 
f 1049/965/379 1050/966/380 1054/971/380 1053/970/379 
f 1050/966/380 1048/967/377 1052/972/377 1054/971/380 
f 1052/969/377 1051/968/378 1055/973/378 1056/974/377 
f 1051/968/378 1053/970/379 1057/975/379 1055/973/378 
f 1053/970/379 1054/971/380 1058/976/380 1057/975/379 
f 1054/971/380 1052/972/377 1056/977/377 1058/976/380 
s 1
f 1058/978/381 1056/974/381 1055/973/381 
f 1055/973/381 1057/975/381 1058/976/381 
# 20 polygons - 4 triangles

#
# object Cylinder107
#

v  106.5574 4.0354 2.6926
v  106.5574 4.7393 3.3965
v  106.5574 5.4432 2.6926
v  106.5574 4.7393 1.9887
v  106.6083 4.7393 3.3965
v  106.6082 5.4432 2.6926
v  106.6082 4.0354 2.6926
v  106.6082 4.7393 1.9887
v  106.6590 4.7393 3.3965
v  106.6590 5.4432 2.6926
v  106.6590 4.0354 2.6926
v  106.6590 4.7393 1.9887
v  106.7098 4.7393 3.3965
v  106.7098 5.4432 2.6926
v  106.7098 4.0354 2.6926
v  106.7098 4.7393 1.9887
v  106.7607 4.7393 3.3965
v  106.7607 5.4432 2.6926
v  106.7607 4.0354 2.6926
v  106.7607 4.7393 1.9887
v  106.8114 4.7393 3.3965
v  106.8114 5.4432 2.6926
v  106.8114 4.0354 2.6926
v  106.8114 4.7393 1.9887
# 24 vertices

vn -1.0000 0.0000 0.0000
vn 0.0000 1.0000 -0.0000
vn 0.0000 0.0000 1.0000
vn -0.0000 -1.0000 0.0000
vn -0.0000 -0.0000 -1.0000
vn 1.0000 -0.0000 -0.0000
# 6 vertex normals

vt 0.2500 0.0000 1.0000
vt 0.0000 0.0000 1.0000
vt -0.2500 0.0000 1.0000
vt 0.7500 0.0000 1.0000
vt 0.5000 0.0000 1.0000
vt 0.0000 0.2000 1.0000
vt -0.2500 0.2000 1.0000
vt 0.2500 0.2000 1.0000
vt 0.5000 0.2000 1.0000
vt 0.7500 0.2000 1.0000
vt 0.0000 0.4000 1.0000
vt -0.2500 0.4000 1.0000
vt 0.2500 0.4000 1.0000
vt 0.5000 0.4000 1.0000
vt 0.7500 0.4000 1.0000
vt 0.0000 0.6000 1.0000
vt -0.2500 0.6000 1.0000
vt 0.2500 0.6000 1.0000
vt 0.5000 0.6000 1.0000
vt 0.7500 0.6000 1.0000
vt 0.0000 0.8000 1.0000
vt -0.2500 0.8000 1.0000
vt 0.2500 0.8000 1.0000
vt 0.5000 0.8000 1.0000
vt 0.7500 0.8000 1.0000
vt 0.0000 1.0000 1.0000
vt -0.2500 1.0000 1.0000
vt 0.2500 1.0000 1.0000
vt 0.5000 1.0000 1.0000
vt 0.7500 1.0000 1.0000
vt 1.0000 1.0000 -1.0000
# 31 texture coords

g Cylinder107
usemtl 03___Defaulttyi
s 1
f 1059/979/382 1060/980/382 1061/981/382 
f 1061/982/382 1062/983/382 1059/979/382 
s 8
f 1061/981/383 1060/980/384 1063/984/384 1064/985/383 
f 1060/980/384 1059/979/385 1065/986/385 1063/984/384 
f 1059/979/385 1062/983/386 1066/987/386 1065/986/385 
f 1062/983/386 1061/982/383 1064/988/383 1066/987/386 
f 1064/985/383 1063/984/384 1067/989/384 1068/990/383 
f 1063/984/384 1065/986/385 1069/991/385 1067/989/384 
f 1065/986/385 1066/987/386 1070/992/386 1069/991/385 
f 1066/987/386 1064/988/383 1068/993/383 1070/992/386 
f 1068/990/383 1067/989/384 1071/994/384 1072/995/383 
f 1067/989/384 1069/991/385 1073/996/385 1071/994/384 
f 1069/991/385 1070/992/386 1074/997/386 1073/996/385 
f 1070/992/386 1068/993/383 1072/998/383 1074/997/386 
f 1072/995/383 1071/994/384 1075/999/384 1076/1000/383 
f 1071/994/384 1073/996/385 1077/1001/385 1075/999/384 
f 1073/996/385 1074/997/386 1078/1002/386 1077/1001/385 
f 1074/997/386 1072/998/383 1076/1003/383 1078/1002/386 
f 1076/1000/383 1075/999/384 1079/1004/384 1080/1005/383 
f 1075/999/384 1077/1001/385 1081/1006/385 1079/1004/384 
f 1077/1001/385 1078/1002/386 1082/1007/386 1081/1006/385 
f 1078/1002/386 1076/1003/383 1080/1008/383 1082/1007/386 
s 1
f 1082/1009/387 1080/1005/387 1079/1004/387 
f 1079/1004/387 1081/1006/387 1082/1007/387 
# 20 polygons - 4 triangles

#
# object Box328
#

v  59.3476 0.8798 23.8944
v  57.8236 0.8798 23.8944
v  57.8236 0.8798 35.5903
v  59.3476 0.8798 35.5903
v  59.3476 28.3844 23.8944
v  59.3476 28.3844 35.5903
v  57.8236 28.3844 35.5903
v  57.8236 28.3844 23.8944
# 8 vertices

vn 0.0000 -1.0000 -0.0000
vn 0.0000 1.0000 -0.0000
vn 1.0000 0.0000 -0.0000
vn 0.0000 0.0000 1.0000
vn -1.0000 0.0000 0.0000
vn -0.0000 0.0000 -1.0000
# 6 vertex normals

vt 1.0000 0.0000 0.0000
vt 1.0000 1.0000 0.0000
vt 0.0000 1.0000 0.0000
vt 0.0000 0.0000 0.0000
# 4 texture coords

g Box328
usemtl Material__309
s 2
f 1086/1013/388 1085/1012/388 1084/1011/388 1083/1010/388 
usemtl xdgh
s 4
f 1090/1012/389 1089/1011/389 1088/1010/389 1087/1013/389 
s 8
f 1087/1012/390 1088/1011/390 1086/1010/390 1083/1013/390 
s 16
f 1088/1012/391 1089/1011/391 1085/1010/391 1086/1013/391 
usemtl h
s 32
f 1089/1012/392 1090/1011/392 1084/1010/392 1085/1013/392 
usemtl Material__309
s 64
f 1090/1012/393 1087/1011/393 1083/1010/393 1084/1013/393 
# 6 polygons

#
# object Box329
#

v  -3.0193 0.8798 36.9336
v  -3.0193 0.8798 35.4096
v  8.6767 0.8798 35.4096
v  8.6767 0.8798 36.9336
v  -3.0193 28.3844 36.9336
v  8.6767 28.3844 36.9336
v  8.6767 28.3844 35.4096
v  -3.0193 28.3844 35.4096
# 8 vertices

vn 0.0000 -1.0000 -0.0000
vn 0.0000 1.0000 -0.0000
vn -0.0000 0.0000 1.0000
vn 1.0000 0.0000 0.0000
vn 0.0000 0.0000 -1.0000
vn -1.0000 0.0000 -0.0000
# 6 vertex normals

vt 1.0000 0.0000 0.0000
vt 1.0000 1.0000 0.0000
vt 0.0000 1.0000 0.0000
vt 0.0000 0.0000 0.0000
# 4 texture coords

g Box329
usemtl Material__309
s 2
f 1091/1014/394 1092/1015/394 1093/1016/394 1094/1017/394 
usemtl xdgh
s 4
f 1095/1017/395 1096/1014/395 1097/1015/395 1098/1016/395 
s 8
f 1091/1017/396 1094/1014/396 1096/1015/396 1095/1016/396 
usemtl Material__309
s 16
f 1094/1017/397 1093/1014/397 1097/1015/397 1096/1016/397 
usemtl h
s 32
f 1093/1017/398 1092/1014/398 1098/1015/398 1097/1016/398 
usemtl xdgh
s 64
f 1092/1017/399 1091/1014/399 1095/1015/399 1098/1016/399 
# 6 polygons

#
# object Box330
#

v  -3.9855 0.8798 23.8944
v  -2.4615 0.8798 23.8944
v  -2.4615 0.8798 35.5903
v  -3.9855 0.8798 35.5903
v  -3.9855 28.3844 23.8944
v  -3.9855 28.3844 35.5903
v  -2.4615 28.3844 35.5903
v  -2.4615 28.3844 23.8944
# 8 vertices

vn 0.0000 -1.0000 -0.0000
vn 0.0000 1.0000 -0.0000
vn -1.0000 0.0000 -0.0000
vn 0.0000 0.0000 1.0000
vn 1.0000 0.0000 0.0000
vn -0.0000 0.0000 -1.0000
# 6 vertex normals

vt 1.0000 0.0000 0.0000
vt 1.0000 1.0000 0.0000
vt 0.0000 1.0000 0.0000
vt 0.0000 0.0000 0.0000
# 4 texture coords

g Box330
usemtl Material__309
s 2
f 1099/1018/400 1100/1019/400 1101/1020/400 1102/1021/400 
usemtl xdgh
s 4
f 1103/1021/401 1104/1018/401 1105/1019/401 1106/1020/401 
s 8
f 1099/1021/402 1102/1018/402 1104/1019/402 1103/1020/402 
s 16
f 1102/1021/403 1101/1018/403 1105/1019/403 1104/1020/403 
usemtl h
s 32
f 1101/1021/404 1100/1018/404 1106/1019/404 1105/1020/404 
usemtl Material__309
s 64
f 1100/1021/405 1099/1018/405 1103/1019/405 1106/1020/405 
# 6 polygons

#
# object Box332
#

v  46.0993 31.1786 47.6042
v  46.0993 31.1786 44.3368
v  7.4511 31.1786 44.3368
v  7.4511 31.1786 47.6042
v  46.0993 34.4534 47.6042
v  7.4511 34.4534 47.6042
v  7.4511 34.4534 44.3368
v  46.0993 34.4534 44.3368
# 8 vertices

vn 0.0000 -1.0000 -0.0000
vn 0.0000 1.0000 -0.0000
vn -0.0000 0.0000 1.0000
vn -1.0000 0.0000 -0.0000
vn 0.0000 0.0000 -1.0000
vn 1.0000 0.0000 0.0000
# 6 vertex normals

vt 1.0000 0.0000 0.0000
vt 1.0000 1.0000 0.0000
vt 0.0000 1.0000 0.0000
vt 0.0000 0.0000 0.0000
# 4 texture coords

g Box332
usemtl xdgh
s 2
f 1110/1025/406 1109/1024/406 1108/1023/406 1107/1022/406 
usemtl tr76
s 4
f 1114/1024/407 1113/1023/407 1112/1022/407 1111/1025/407 
usemtl xdgh
s 8
f 1111/1024/408 1112/1023/408 1110/1022/408 1107/1025/408 
s 16
f 1112/1024/409 1113/1023/409 1109/1022/409 1110/1025/409 
usemtl tr76
s 32
f 1113/1024/410 1114/1023/410 1108/1022/410 1109/1025/410 
s 64
f 1114/1024/411 1111/1023/411 1107/1022/411 1108/1025/411 
# 6 polygons

#
# object Box270
#

v  46.0590 18.7082 36.6089
v  44.8021 18.7082 36.6089
v  44.8021 18.7082 35.3519
v  46.0590 18.7082 35.3519
v  44.8021 18.7082 34.0950
v  46.0590 18.7082 34.0950
v  44.8021 18.7082 32.8381
v  46.0590 18.7082 32.8381
v  43.5452 18.7082 36.6089
v  43.5452 18.7082 35.3519
v  43.5452 18.7082 34.0950
v  43.5452 18.7082 32.8381
v  42.2883 18.7082 36.6089
v  42.2883 18.7082 35.3519
v  42.2883 18.7082 34.0950
v  42.2883 18.7082 32.8381
v  46.0590 35.7566 36.6089
v  46.0590 35.7566 35.3519
v  44.8021 35.7566 35.3519
v  44.8021 35.7566 36.6089
v  46.0590 35.7566 34.0950
v  44.8021 35.7566 34.0950
v  46.0590 35.7566 32.8381
v  44.8021 35.7566 32.8381
v  43.5452 35.7566 35.3519
v  43.5452 35.7566 36.6089
v  43.5452 35.7566 34.0950
v  43.5452 35.7566 32.8381
v  42.2883 35.7566 35.3519
v  42.2883 35.7566 36.6089
v  42.2883 35.7566 34.0950
v  42.2883 35.7566 32.8381
v  46.0590 26.0446 35.3519
v  46.0590 26.0446 36.6089
v  46.5027 18.7082 35.3519
v  46.5027 18.7082 34.0950
v  46.5027 26.0446 34.0950
v  46.5027 26.0446 35.3519
v  46.0590 26.0446 32.8381
v  46.0590 26.0446 34.0950
v  46.5027 35.7566 34.0950
v  46.5027 35.7566 35.3519
v  44.8021 26.0446 32.8381
v  44.8021 18.7082 32.3945
v  43.5452 18.7082 32.3945
v  43.5452 26.0446 32.3945
v  44.8021 26.0446 32.3945
v  42.2883 26.0446 32.8381
v  43.5452 26.0446 32.8381
v  43.5452 35.7566 32.3945
v  44.8021 35.7566 32.3945
v  42.2883 26.0446 34.0950
v  41.8447 18.7082 34.0950
v  41.8447 18.7082 35.3519
v  41.8447 26.0446 35.3519
v  41.8447 26.0446 34.0950
v  42.2883 26.0446 36.6089
v  42.2883 26.0446 35.3519
v  41.8447 35.7566 35.3519
v  41.8447 35.7566 34.0950
v  43.5452 26.0446 36.6089
v  43.5452 18.7082 37.0525
v  44.8021 18.7082 37.0525
v  44.8021 26.0446 37.0525
v  43.5452 26.0446 37.0525
v  44.8021 26.0446 36.6089
v  44.8021 35.7566 37.0525
v  43.5452 35.7566 37.0525
# 68 vertices

vn 0.0000 -1.0000 -0.0000
vn 0.0000 1.0000 -0.0000
vn 1.0000 -0.0000 -0.0000
vn 1.0000 0.0000 -0.0000
vn -0.0000 -0.0000 -1.0000
vn -0.0000 0.0000 -1.0000
vn -1.0000 -0.0000 0.0000
vn -1.0000 0.0000 0.0000
vn 0.0000 -0.0000 1.0000
vn 0.0000 0.0000 1.0000
vn -0.0000 -0.0000 1.0000
vn 1.0000 -0.0000 0.0000
# 12 vertex normals

vt 1.0000 0.0000 0.0000
vt 1.0000 0.3333 0.0000
vt 0.6667 0.3333 0.0000
vt 0.6667 0.0000 0.0000
vt 0.3333 0.3333 0.0000
vt 0.3333 0.0000 0.0000
vt -0.0000 0.3333 0.0000
vt -0.0000 0.0000 0.0000
vt 1.0000 0.6667 0.0000
vt 0.6667 0.6667 0.0000
vt 0.3333 0.6667 0.0000
vt -0.0000 0.6667 0.0000
vt 1.0000 1.0000 0.0000
vt 0.6667 1.0000 0.0000
vt 0.3333 1.0000 0.0000
vt -0.0000 1.0000 0.0000
vt 0.0000 0.0000 0.0000
vt 0.0000 0.3333 0.0000
vt 0.0000 0.6667 0.0000
vt 0.0000 1.0000 0.0000
vt 0.3333 0.5000 0.0000
vt 0.0000 0.5000 0.0000
vt 0.6667 0.5000 0.0000
vt 1.0000 0.5000 0.0000
# 24 texture coords

g Box270
usemtl xdgh
s 2
f 1115/1026/412 1116/1027/412 1117/1028/412 1118/1029/412 
f 1118/1029/412 1117/1028/412 1119/1030/412 1120/1031/412 
f 1120/1031/412 1119/1030/412 1121/1032/412 1122/1033/412 
f 1116/1027/412 1123/1034/412 1124/1035/412 1117/1028/412 
f 1117/1028/412 1124/1035/412 1125/1036/412 1119/1030/412 
f 1119/1030/412 1125/1036/412 1126/1037/412 1121/1032/412 
f 1123/1034/412 1127/1038/412 1128/1039/412 1124/1035/412 
f 1124/1035/412 1128/1039/412 1129/1040/412 1125/1036/412 
f 1125/1036/412 1129/1040/412 1130/1041/412 1126/1037/412 
s 4
f 1131/1042/413 1132/1031/413 1133/1030/413 1134/1043/413 
f 1132/1031/413 1135/1029/413 1136/1028/413 1133/1030/413 
f 1135/1029/413 1137/1026/413 1138/1027/413 1136/1028/413 
f 1134/1043/413 1133/1030/413 1139/1036/413 1140/1044/413 
f 1133/1030/413 1136/1028/413 1141/1035/413 1139/1036/413 
f 1136/1028/413 1138/1027/413 1142/1034/413 1141/1035/413 
f 1140/1044/413 1139/1036/413 1143/1040/413 1144/1045/413 
f 1139/1036/413 1141/1035/413 1145/1039/413 1143/1040/413 
f 1141/1035/413 1142/1034/413 1146/1038/413 1145/1039/413 
s 8
f 1115/1042/414 1118/1031/414 1147/1046/414 1148/1047/414 
f 1149/1031/414 1150/1029/414 1151/1048/414 1152/1046/414 
f 1120/1029/414 1122/1026/414 1153/1049/414 1154/1048/414 
f 1148/1047/414 1147/1046/414 1132/1040/414 1131/1045/414 
f 1152/1046/414 1151/1048/414 1155/1039/415 1156/1040/415 
f 1154/1048/414 1153/1049/414 1137/1038/414 1135/1039/414 
s 16
f 1122/1042/416 1121/1031/416 1157/1046/416 1153/1047/416 
f 1158/1031/416 1159/1029/416 1160/1048/416 1161/1046/416 
f 1126/1029/416 1130/1026/416 1162/1049/416 1163/1048/416 
f 1153/1047/416 1157/1046/416 1138/1040/416 1137/1045/416 
f 1161/1046/416 1160/1048/416 1164/1039/417 1165/1040/417 
f 1163/1048/416 1162/1049/416 1146/1038/416 1142/1039/416 
s 32
f 1130/1042/418 1129/1031/418 1166/1046/418 1162/1047/418 
f 1167/1031/418 1168/1029/418 1169/1048/418 1170/1046/418 
f 1128/1029/418 1127/1026/418 1171/1049/418 1172/1048/418 
f 1162/1047/418 1166/1046/418 1145/1040/418 1146/1045/418 
f 1170/1046/418 1169/1048/418 1173/1039/419 1174/1040/419 
f 1172/1048/418 1171/1049/418 1144/1038/418 1143/1039/418 
s 64
f 1127/1042/420 1123/1031/420 1175/1046/420 1171/1047/420 
f 1176/1031/420 1177/1029/420 1178/1048/420 1179/1046/420 
f 1116/1029/420 1115/1026/420 1148/1049/420 1180/1048/420 
f 1171/1047/420 1175/1046/420 1140/1040/420 1144/1045/420 
f 1179/1046/420 1178/1048/420 1181/1039/421 1182/1040/421 
f 1180/1048/420 1148/1049/420 1131/1038/420 1134/1039/420 
s off
f 1118/1029/412 1120/1031/412 1150/1029/412 1149/1031/412 
usemtl 03___Defaulttyi
f 1120/1029/416 1154/1048/416 1151/1048/416 1150/1029/416 
f 1154/1048/417 1135/1039/417 1155/1039/417 1151/1048/417 
usemtl xdgh
f 1135/1029/413 1132/1031/413 1156/1040/413 1155/1039/413 
usemtl 03___Defaulttyi
f 1132/1040/422 1147/1046/422 1152/1046/422 1156/1040/422 
f 1147/1046/421 1118/1031/421 1149/1031/421 1152/1046/421 
usemtl xdgh
f 1121/1032/412 1126/1037/412 1159/1029/412 1158/1031/412 
usemtl 03___Defaulttyi
f 1126/1029/418 1163/1048/418 1160/1048/418 1159/1029/418 
f 1163/1048/419 1142/1039/419 1164/1039/419 1160/1048/419 
usemtl xdgh
f 1142/1034/413 1138/1027/413 1165/1040/413 1164/1039/413 
usemtl 03___Defaulttyi
f 1138/1040/423 1157/1046/423 1161/1046/423 1165/1040/423 
f 1157/1046/415 1121/1031/415 1158/1031/415 1161/1046/415 
usemtl xdgh
f 1129/1040/412 1128/1039/412 1168/1029/412 1167/1031/412 
usemtl 03___Defaulttyi
f 1128/1029/421 1172/1048/421 1169/1048/421 1168/1029/421 
f 1172/1048/420 1143/1039/420 1173/1039/420 1169/1048/420 
usemtl xdgh
f 1143/1040/413 1145/1039/413 1174/1040/413 1173/1039/413 
usemtl 03___Defaulttyi
f 1145/1040/417 1166/1046/417 1170/1046/417 1174/1040/417 
f 1166/1046/416 1129/1031/416 1167/1031/416 1170/1046/416 
usemtl xdgh
f 1123/1034/412 1116/1027/412 1177/1029/412 1176/1031/412 
usemtl 03___Defaulttyi
f 1116/1029/415 1180/1048/415 1178/1048/415 1177/1029/415 
f 1180/1048/414 1134/1039/414 1181/1039/414 1178/1048/414 
usemtl xdgh
f 1134/1043/413 1140/1044/413 1182/1040/413 1181/1039/413 
usemtl 03___Defaulttyi
f 1140/1040/419 1175/1046/419 1179/1046/419 1182/1040/419 
f 1175/1046/418 1123/1031/418 1176/1031/418 1179/1046/418 
# 66 polygons

#
# object Box271
#

v  45.4437 37.2009 35.9935
v  42.9037 37.2009 35.9935
v  42.9037 37.2009 33.4535
v  45.4437 37.2009 33.4535
v  45.4437 37.7089 35.9935
v  45.4437 37.7089 33.4535
v  42.9037 37.7089 33.4535
v  42.9037 37.7089 35.9935
v  45.8247 36.7056 36.3745
v  42.5227 36.7056 36.3745
v  42.5227 36.7056 33.0725
v  45.8247 36.7056 33.0725
v  45.8247 37.2136 36.3745
v  45.8247 37.2136 33.0725
v  42.5227 37.2136 33.0725
v  42.5227 37.2136 36.3745
v  46.2057 36.2173 36.7555
v  42.1417 36.2173 36.7555
v  42.1417 36.2173 32.6915
v  46.2057 36.2173 32.6915
v  46.2057 36.7253 36.7555
v  46.2057 36.7253 32.6915
v  42.1417 36.7253 32.6915
v  42.1417 36.7253 36.7555
v  46.5867 35.7475 37.1365
v  41.7607 35.7475 37.1365
v  41.7607 35.7475 32.3105
v  46.5867 35.7475 32.3105
v  46.5867 36.2555 37.1365
v  46.5867 36.2555 32.3105
v  41.7607 36.2555 32.3105
v  41.7607 36.2555 37.1365
# 32 vertices

vn 0.0000 -1.0000 -0.0000
vn 0.0000 1.0000 -0.0000
vn 1.0000 0.0000 -0.0000
vn -0.0000 0.0000 -1.0000
vn -1.0000 0.0000 0.0000
vn 0.0000 0.0000 1.0000
# 6 vertex normals

vt 1.0000 0.0000 0.0000
vt 1.0000 1.0000 0.0000
vt 0.0000 1.0000 0.0000
vt 0.0000 0.0000 0.0000
# 4 texture coords

g Box271
usemtl 03___Defaulttyi
s 2
f 1183/1050/424 1184/1051/424 1185/1052/424 1186/1053/424 
s 4
f 1187/1053/425 1188/1050/425 1189/1051/425 1190/1052/425 
s 8
f 1183/1053/426 1186/1050/426 1188/1051/426 1187/1052/426 
s 16
f 1186/1053/427 1185/1050/427 1189/1051/427 1188/1052/427 
s 32
f 1185/1053/428 1184/1050/428 1190/1051/428 1189/1052/428 
s 64
f 1184/1053/429 1183/1050/429 1187/1051/429 1190/1052/429 
s 2
f 1191/1050/424 1192/1051/424 1193/1052/424 1194/1053/424 
s 4
f 1195/1053/425 1196/1050/425 1197/1051/425 1198/1052/425 
s 8
f 1191/1053/426 1194/1050/426 1196/1051/426 1195/1052/426 
s 16
f 1194/1053/427 1193/1050/427 1197/1051/427 1196/1052/427 
s 32
f 1193/1053/428 1192/1050/428 1198/1051/428 1197/1052/428 
s 64
f 1192/1053/429 1191/1050/429 1195/1051/429 1198/1052/429 
s 2
f 1199/1050/424 1200/1051/424 1201/1052/424 1202/1053/424 
s 4
f 1203/1053/425 1204/1050/425 1205/1051/425 1206/1052/425 
s 8
f 1199/1053/426 1202/1050/426 1204/1051/426 1203/1052/426 
s 16
f 1202/1053/427 1201/1050/427 1205/1051/427 1204/1052/427 
s 32
f 1201/1053/428 1200/1050/428 1206/1051/428 1205/1052/428 
s 64
f 1200/1053/429 1199/1050/429 1203/1051/429 1206/1052/429 
s 2
f 1207/1050/424 1208/1051/424 1209/1052/424 1210/1053/424 
s 4
f 1211/1053/425 1212/1050/425 1213/1051/425 1214/1052/425 
s 8
f 1207/1053/426 1210/1050/426 1212/1051/426 1211/1052/426 
s 16
f 1210/1053/427 1209/1050/427 1213/1051/427 1212/1052/427 
s 32
f 1209/1053/428 1208/1050/428 1214/1051/428 1213/1052/428 
s 64
f 1208/1053/429 1207/1050/429 1211/1051/429 1214/1052/429 
# 24 polygons

#
# object Box272
#

v  46.2686 8.6017 36.8922
v  44.8292 8.6017 36.8922
v  44.8292 8.6017 35.4529
v  46.2686 8.6017 35.4529
v  44.8292 8.6017 34.0136
v  46.2686 8.6017 34.0136
v  44.8292 8.6017 32.5742
v  46.2686 8.6017 32.5742
v  43.3899 8.6017 36.8922
v  43.3899 8.6017 35.4529
v  43.3899 8.6017 34.0136
v  43.3899 8.6017 32.5742
v  41.9506 8.6017 36.8922
v  41.9506 8.6017 35.4529
v  41.9506 8.6017 34.0136
v  41.9506 8.6017 32.5742
v  46.2686 18.7617 36.8922
v  46.2686 18.7617 35.4529
v  44.8292 18.7617 35.4529
v  44.8292 18.7617 36.8922
v  46.2686 18.7617 34.0136
v  44.8292 18.7617 34.0136
v  46.2686 18.7617 32.5742
v  44.8292 18.7617 32.5742
v  43.3899 18.7617 35.4529
v  43.3899 18.7617 36.8922
v  43.3899 18.7617 34.0136
v  43.3899 18.7617 32.5742
v  41.9506 18.7617 35.4529
v  41.9506 18.7617 36.8922
v  41.9506 18.7617 34.0136
v  41.9506 18.7617 32.5742
v  46.2686 13.6817 35.4529
v  46.2686 13.6817 36.8922
v  46.7766 8.6017 35.4529
v  46.7766 8.6017 34.0136
v  46.7766 13.6817 34.0136
v  46.7766 13.6817 35.4529
v  46.2686 13.6817 32.5742
v  46.2686 13.6817 34.0136
v  46.7766 18.7617 34.0136
v  46.7766 18.7617 35.4529
v  44.8292 13.6817 32.5742
v  44.8292 8.6017 32.0662
v  43.3899 8.6017 32.0662
v  43.3899 13.6817 32.0662
v  44.8292 13.6817 32.0662
v  41.9506 13.6817 32.5742
v  43.3899 13.6817 32.5742
v  43.3899 18.7617 32.0662
v  44.8292 18.7617 32.0662
v  41.9506 13.6817 34.0136
v  41.4426 8.6017 34.0136
v  41.4426 8.6017 35.4529
v  41.4426 13.6817 35.4529
v  41.4426 13.6817 34.0136
v  41.9506 13.6817 36.8922
v  41.9506 13.6817 35.4529
v  41.4426 18.7617 35.4529
v  41.4426 18.7617 34.0136
v  43.3899 13.6817 36.8922
v  43.3899 8.6017 37.4002
v  44.8292 8.6017 37.4002
v  44.8292 13.6817 37.4002
v  43.3899 13.6817 37.4002
v  44.8292 13.6817 36.8922
v  44.8292 18.7617 37.4002
v  43.3899 18.7617 37.4002
# 68 vertices

vn 0.0000 -1.0000 -0.0000
vn 0.0000 1.0000 -0.0000
vn 1.0000 0.0000 -0.0000
vn -0.0000 0.0000 -1.0000
vn -0.0000 -0.0000 -1.0000
vn -1.0000 0.0000 0.0000
vn -1.0000 -0.0000 0.0000
vn 0.0000 0.0000 1.0000
vn 0.0000 -0.0000 1.0000
vn 1.0000 -0.0000 -0.0000
# 10 vertex normals

vt 1.0000 0.0000 0.0000
vt 1.0000 0.3333 0.0000
vt 0.6667 0.3333 0.0000
vt 0.6667 0.0000 0.0000
vt 0.3333 0.3333 0.0000
vt 0.3333 0.0000 0.0000
vt -0.0000 0.3333 0.0000
vt -0.0000 0.0000 0.0000
vt 1.0000 0.6667 0.0000
vt 0.6667 0.6667 0.0000
vt 0.3333 0.6667 0.0000
vt -0.0000 0.6667 0.0000
vt 1.0000 1.0000 0.0000
vt 0.6667 1.0000 0.0000
vt 0.3333 1.0000 0.0000
vt -0.0000 1.0000 0.0000
vt 0.0000 0.0000 0.0000
vt 0.0000 0.3333 0.0000
vt 0.0000 0.6667 0.0000
vt 0.0000 1.0000 0.0000
vt 0.3333 0.5000 0.0000
vt 0.0000 0.5000 0.0000
vt 0.6667 0.5000 0.0000
vt 1.0000 0.5000 0.0000
# 24 texture coords

g Box272
usemtl xdgh
s 2
f 1215/1054/430 1216/1055/430 1217/1056/430 1218/1057/430 
f 1218/1057/430 1217/1056/430 1219/1058/430 1220/1059/430 
f 1220/1059/430 1219/1058/430 1221/1060/430 1222/1061/430 
f 1216/1055/430 1223/1062/430 1224/1063/430 1217/1056/430 
f 1217/1056/430 1224/1063/430 1225/1064/430 1219/1058/430 
f 1219/1058/430 1225/1064/430 1226/1065/430 1221/1060/430 
f 1223/1062/430 1227/1066/430 1228/1067/430 1224/1063/430 
f 1224/1063/430 1228/1067/430 1229/1068/430 1225/1064/430 
f 1225/1064/430 1229/1068/430 1230/1069/430 1226/1065/430 
usemtl 03___Defaulttyi
s 4
f 1231/1070/431 1232/1059/431 1233/1058/431 1234/1071/431 
f 1232/1059/431 1235/1057/431 1236/1056/431 1233/1058/431 
f 1235/1057/431 1237/1054/431 1238/1055/431 1236/1056/431 
f 1234/1071/431 1233/1058/431 1239/1064/431 1240/1072/431 
f 1233/1058/431 1236/1056/431 1241/1063/431 1239/1064/431 
f 1236/1056/431 1238/1055/431 1242/1062/431 1241/1063/431 
f 1240/1072/431 1239/1064/431 1243/1068/431 1244/1073/431 
f 1239/1064/431 1241/1063/431 1245/1067/431 1243/1068/431 
f 1241/1063/431 1242/1062/431 1246/1066/431 1245/1067/431 
usemtl xdgh
s 8
f 1215/1070/432 1218/1059/432 1247/1074/432 1248/1075/432 
f 1249/1059/432 1250/1057/432 1251/1076/432 1252/1074/432 
f 1220/1057/432 1222/1054/432 1253/1077/432 1254/1076/432 
f 1248/1075/432 1247/1074/432 1232/1068/432 1231/1073/432 
f 1252/1074/432 1251/1076/432 1255/1067/432 1256/1068/432 
f 1254/1076/432 1253/1077/432 1237/1066/432 1235/1067/432 
s 16
f 1222/1070/433 1221/1059/433 1257/1074/433 1253/1075/433 
f 1258/1059/434 1259/1057/434 1260/1076/433 1261/1074/433 
f 1226/1057/433 1230/1054/433 1262/1077/433 1263/1076/433 
f 1253/1075/433 1257/1074/433 1238/1068/433 1237/1073/433 
f 1261/1074/433 1260/1076/433 1264/1067/433 1265/1068/433 
f 1263/1076/433 1262/1077/433 1246/1066/433 1242/1067/433 
s 32
f 1230/1070/435 1229/1059/435 1266/1074/435 1262/1075/435 
f 1267/1059/436 1268/1057/436 1269/1076/435 1270/1074/435 
f 1228/1057/435 1227/1054/435 1271/1077/435 1272/1076/435 
f 1262/1075/435 1266/1074/435 1245/1068/435 1246/1073/435 
f 1270/1074/435 1269/1076/435 1273/1067/435 1274/1068/435 
f 1272/1076/435 1271/1077/435 1244/1066/435 1243/1067/435 
s 64
f 1227/1070/437 1223/1059/437 1275/1074/437 1271/1075/437 
f 1276/1059/437 1277/1057/437 1278/1076/437 1279/1074/437 
f 1216/1057/437 1215/1054/437 1248/1077/437 1280/1076/437 
f 1271/1075/437 1275/1074/437 1240/1068/437 1244/1073/437 
f 1279/1074/437 1278/1076/437 1281/1067/437 1282/1068/437 
f 1280/1076/437 1248/1077/437 1231/1066/437 1234/1067/437 
s off
f 1218/1057/430 1220/1059/430 1250/1057/430 1249/1059/430 
usemtl 03___Defaulttyi
f 1220/1057/433 1254/1076/433 1251/1076/433 1250/1057/433 
f 1254/1076/433 1235/1067/433 1255/1067/433 1251/1076/433 
f 1235/1057/431 1232/1059/431 1256/1068/431 1255/1067/431 
f 1232/1068/437 1247/1074/437 1252/1074/437 1256/1068/437 
f 1247/1074/437 1218/1059/437 1249/1059/437 1252/1074/437 
usemtl xdgh
f 1221/1060/430 1226/1065/430 1259/1057/430 1258/1059/430 
usemtl 03___Defaulttyi
f 1226/1057/435 1263/1076/435 1260/1076/435 1259/1057/435 
f 1263/1076/435 1242/1067/435 1264/1067/435 1260/1076/435 
f 1242/1062/431 1238/1055/431 1265/1068/431 1264/1067/431 
f 1238/1068/432 1257/1074/432 1261/1074/432 1265/1068/432 
f 1257/1074/432 1221/1059/432 1258/1059/432 1261/1074/432 
usemtl xdgh
f 1229/1068/430 1228/1067/430 1268/1057/430 1267/1059/430 
usemtl 03___Defaulttyi
f 1228/1057/437 1272/1076/437 1269/1076/437 1268/1057/437 
f 1272/1076/438 1243/1067/438 1273/1067/438 1269/1076/438 
f 1243/1068/431 1245/1067/431 1274/1068/431 1273/1067/431 
f 1245/1068/433 1266/1074/433 1270/1074/433 1274/1068/433 
f 1266/1074/434 1229/1059/434 1267/1059/434 1270/1074/434 
usemtl xdgh
f 1223/1062/430 1216/1055/430 1277/1057/430 1276/1059/430 
usemtl 03___Defaulttyi
f 1216/1057/432 1280/1076/432 1278/1076/432 1277/1057/432 
f 1280/1076/439 1234/1067/439 1281/1067/439 1278/1076/439 
f 1234/1071/431 1240/1072/431 1282/1068/431 1281/1067/431 
f 1240/1068/435 1275/1074/435 1279/1074/435 1282/1068/435 
f 1275/1074/436 1223/1059/436 1276/1059/436 1279/1074/436 
# 66 polygons

#
# object Box273
#

v  46.6496 13.5008 37.2732
v  41.5696 13.5008 37.2732
v  41.5696 13.5008 32.1932
v  46.6496 13.5008 32.1932
v  46.6496 13.7548 37.2732
v  46.6496 13.7548 32.1932
v  41.5696 13.7548 32.1932
v  41.5696 13.7548 37.2732
# 8 vertices

vn 0.0000 -1.0000 -0.0000
vn 0.0000 1.0000 -0.0000
vn 1.0000 0.0000 -0.0000
vn -0.0000 0.0000 -1.0000
vn -1.0000 0.0000 0.0000
vn 0.0000 0.0000 1.0000
# 6 vertex normals

vt 1.0000 0.0000 0.0000
vt 1.0000 1.0000 0.0000
vt 0.0000 1.0000 0.0000
vt 0.0000 0.0000 0.0000
# 4 texture coords

g Box273
usemtl 03___Defaulttyi
s 2
f 1283/1078/440 1284/1079/440 1285/1080/440 1286/1081/440 
s 4
f 1287/1081/441 1288/1078/441 1289/1079/441 1290/1080/441 
s 8
f 1283/1081/442 1286/1078/442 1288/1079/442 1287/1080/442 
s 16
f 1286/1081/443 1285/1078/443 1289/1079/443 1288/1080/443 
s 32
f 1285/1081/444 1284/1078/444 1290/1079/444 1289/1080/444 
s 64
f 1284/1081/445 1283/1078/445 1287/1079/445 1290/1080/445 
# 6 polygons

#
# object Box274
#

v  46.5226 8.6017 37.1462
v  41.6966 8.6017 37.1462
v  41.6966 8.6017 32.3202
v  46.5226 8.6017 32.3202
v  46.5226 9.8717 37.1462
v  46.5226 9.8717 32.3202
v  41.6966 9.8717 32.3202
v  41.6966 9.8717 37.1462
# 8 vertices

vn 0.0000 -1.0000 -0.0000
vn 0.0000 1.0000 -0.0000
vn 1.0000 0.0000 -0.0000
vn -0.0000 0.0000 -1.0000
vn -1.0000 0.0000 0.0000
vn 0.0000 0.0000 1.0000
# 6 vertex normals

vt 1.0000 0.0000 0.0000
vt 1.0000 1.0000 0.0000
vt 0.0000 1.0000 0.0000
vt 0.0000 0.0000 0.0000
# 4 texture coords

g Box274
usemtl 03___Defaulttyi
s 2
f 1291/1082/446 1292/1083/446 1293/1084/446 1294/1085/446 
s 4
f 1295/1085/447 1296/1082/447 1297/1083/447 1298/1084/447 
s 8
f 1291/1085/448 1294/1082/448 1296/1083/448 1295/1084/448 
s 16
f 1294/1085/449 1293/1082/449 1297/1083/449 1296/1084/449 
s 32
f 1293/1085/450 1292/1082/450 1298/1083/450 1297/1084/450 
s 64
f 1292/1085/451 1291/1082/451 1295/1083/451 1298/1084/451 
# 6 polygons

#
# object Cylinder091
#

v  44.1519 12.9644 37.3028
v  43.4480 13.6683 37.3028
v  44.1519 14.3722 37.3028
v  44.8558 13.6683 37.3028
v  43.4480 13.6683 37.3536
v  44.1519 14.3722 37.3536
v  44.1519 12.9644 37.3536
v  44.8558 13.6683 37.3536
v  43.4480 13.6683 37.4044
v  44.1519 14.3722 37.4044
v  44.1519 12.9644 37.4044
v  44.8558 13.6683 37.4044
v  43.4480 13.6683 37.4552
v  44.1519 14.3722 37.4552
v  44.1519 12.9644 37.4552
v  44.8558 13.6683 37.4552
v  43.4480 13.6683 37.5060
v  44.1519 14.3722 37.5060
v  44.1519 12.9644 37.5060
v  44.8558 13.6683 37.5060
v  43.4480 13.6683 37.5568
v  44.1519 14.3722 37.5568
v  44.1519 12.9644 37.5568
v  44.8558 13.6683 37.5568
# 24 vertices

vn -0.0000 -0.0000 -1.0000
vn 0.0000 1.0000 -0.0000
vn -1.0000 0.0000 0.0000
vn -0.0000 -1.0000 0.0000
vn 1.0000 -0.0000 -0.0000
vn 0.0000 0.0000 1.0000
# 6 vertex normals

vt 0.2500 0.0000 1.0000
vt 0.0000 0.0000 1.0000
vt -0.2500 0.0000 1.0000
vt 0.7500 0.0000 1.0000
vt 0.5000 0.0000 1.0000
vt 0.0000 0.2000 1.0000
vt -0.2500 0.2000 1.0000
vt 0.2500 0.2000 1.0000
vt 0.5000 0.2000 1.0000
vt 0.7500 0.2000 1.0000
vt 0.0000 0.4000 1.0000
vt -0.2500 0.4000 1.0000
vt 0.2500 0.4000 1.0000
vt 0.5000 0.4000 1.0000
vt 0.7500 0.4000 1.0000
vt 0.0000 0.6000 1.0000
vt -0.2500 0.6000 1.0000
vt 0.2500 0.6000 1.0000
vt 0.5000 0.6000 1.0000
vt 0.7500 0.6000 1.0000
vt 0.0000 0.8000 1.0000
vt -0.2500 0.8000 1.0000
vt 0.2500 0.8000 1.0000
vt 0.5000 0.8000 1.0000
vt 0.7500 0.8000 1.0000
vt 0.0000 1.0000 1.0000
vt -0.2500 1.0000 1.0000
vt 0.2500 1.0000 1.0000
vt 0.5000 1.0000 1.0000
vt 0.7500 1.0000 1.0000
vt 1.0000 1.0000 -1.0000
# 31 texture coords

g Cylinder091
usemtl 03___Defaulttyi
s 1
f 1299/1086/452 1300/1087/452 1301/1088/452 
f 1301/1089/452 1302/1090/452 1299/1086/452 
s 8
f 1301/1088/453 1300/1087/454 1303/1091/454 1304/1092/453 
f 1300/1087/454 1299/1086/455 1305/1093/455 1303/1091/454 
f 1299/1086/455 1302/1090/456 1306/1094/456 1305/1093/455 
f 1302/1090/456 1301/1089/453 1304/1095/453 1306/1094/456 
f 1304/1092/453 1303/1091/454 1307/1096/454 1308/1097/453 
f 1303/1091/454 1305/1093/455 1309/1098/455 1307/1096/454 
f 1305/1093/455 1306/1094/456 1310/1099/456 1309/1098/455 
f 1306/1094/456 1304/1095/453 1308/1100/453 1310/1099/456 
f 1308/1097/453 1307/1096/454 1311/1101/454 1312/1102/453 
f 1307/1096/454 1309/1098/455 1313/1103/455 1311/1101/454 
f 1309/1098/455 1310/1099/456 1314/1104/456 1313/1103/455 
f 1310/1099/456 1308/1100/453 1312/1105/453 1314/1104/456 
f 1312/1102/453 1311/1101/454 1315/1106/454 1316/1107/453 
f 1311/1101/454 1313/1103/455 1317/1108/455 1315/1106/454 
f 1313/1103/455 1314/1104/456 1318/1109/456 1317/1108/455 
f 1314/1104/456 1312/1105/453 1316/1110/453 1318/1109/456 
f 1316/1107/453 1315/1106/454 1319/1111/454 1320/1112/453 
f 1315/1106/454 1317/1108/455 1321/1113/455 1319/1111/454 
f 1317/1108/455 1318/1109/456 1322/1114/456 1321/1113/455 
f 1318/1109/456 1316/1110/453 1320/1115/453 1322/1114/456 
s 1
f 1322/1116/457 1320/1112/457 1319/1111/457 
f 1319/1111/457 1321/1113/457 1322/1114/457 
# 20 polygons - 4 triangles

#
# object Cylinder092
#

v  44.1519 12.9644 31.8441
v  43.4480 13.6683 31.8441
v  44.1519 14.3722 31.8441
v  44.8558 13.6683 31.8441
v  43.4480 13.6683 31.8949
v  44.1519 14.3722 31.8949
v  44.1519 12.9644 31.8949
v  44.8558 13.6683 31.8949
v  43.4480 13.6683 31.9457
v  44.1519 14.3722 31.9457
v  44.1519 12.9644 31.9457
v  44.8558 13.6683 31.9457
v  43.4480 13.6683 31.9965
v  44.1519 14.3722 31.9965
v  44.1519 12.9644 31.9965
v  44.8558 13.6683 31.9965
v  43.4480 13.6683 32.0473
v  44.1519 14.3722 32.0473
v  44.1519 12.9644 32.0473
v  44.8558 13.6683 32.0473
v  43.4480 13.6683 32.0981
v  44.1519 14.3722 32.0981
v  44.1519 12.9644 32.0981
v  44.8558 13.6683 32.0981
# 24 vertices

vn -0.0000 -0.0000 -1.0000
vn 0.0000 1.0000 -0.0000
vn -1.0000 0.0000 0.0000
vn -0.0000 -1.0000 0.0000
vn 1.0000 -0.0000 -0.0000
vn 0.0000 0.0000 1.0000
# 6 vertex normals

vt 0.2500 0.0000 1.0000
vt 0.0000 0.0000 1.0000
vt -0.2500 0.0000 1.0000
vt 0.7500 0.0000 1.0000
vt 0.5000 0.0000 1.0000
vt 0.0000 0.2000 1.0000
vt -0.2500 0.2000 1.0000
vt 0.2500 0.2000 1.0000
vt 0.5000 0.2000 1.0000
vt 0.7500 0.2000 1.0000
vt 0.0000 0.4000 1.0000
vt -0.2500 0.4000 1.0000
vt 0.2500 0.4000 1.0000
vt 0.5000 0.4000 1.0000
vt 0.7500 0.4000 1.0000
vt 0.0000 0.6000 1.0000
vt -0.2500 0.6000 1.0000
vt 0.2500 0.6000 1.0000
vt 0.5000 0.6000 1.0000
vt 0.7500 0.6000 1.0000
vt 0.0000 0.8000 1.0000
vt -0.2500 0.8000 1.0000
vt 0.2500 0.8000 1.0000
vt 0.5000 0.8000 1.0000
vt 0.7500 0.8000 1.0000
vt 0.0000 1.0000 1.0000
vt -0.2500 1.0000 1.0000
vt 0.2500 1.0000 1.0000
vt 0.5000 1.0000 1.0000
vt 0.7500 1.0000 1.0000
vt 1.0000 1.0000 -1.0000
# 31 texture coords

g Cylinder092
usemtl 03___Defaulttyi
s 1
f 1323/1117/458 1324/1118/458 1325/1119/458 
f 1325/1120/458 1326/1121/458 1323/1117/458 
s 8
f 1325/1119/459 1324/1118/460 1327/1122/460 1328/1123/459 
f 1324/1118/460 1323/1117/461 1329/1124/461 1327/1122/460 
f 1323/1117/461 1326/1121/462 1330/1125/462 1329/1124/461 
f 1326/1121/462 1325/1120/459 1328/1126/459 1330/1125/462 
f 1328/1123/459 1327/1122/460 1331/1127/460 1332/1128/459 
f 1327/1122/460 1329/1124/461 1333/1129/461 1331/1127/460 
f 1329/1124/461 1330/1125/462 1334/1130/462 1333/1129/461 
f 1330/1125/462 1328/1126/459 1332/1131/459 1334/1130/462 
f 1332/1128/459 1331/1127/460 1335/1132/460 1336/1133/459 
f 1331/1127/460 1333/1129/461 1337/1134/461 1335/1132/460 
f 1333/1129/461 1334/1130/462 1338/1135/462 1337/1134/461 
f 1334/1130/462 1332/1131/459 1336/1136/459 1338/1135/462 
f 1336/1133/459 1335/1132/460 1339/1137/460 1340/1138/459 
f 1335/1132/460 1337/1134/461 1341/1139/461 1339/1137/460 
f 1337/1134/461 1338/1135/462 1342/1140/462 1341/1139/461 
f 1338/1135/462 1336/1136/459 1340/1141/459 1342/1140/462 
f 1340/1138/459 1339/1137/460 1343/1142/460 1344/1143/459 
f 1339/1137/460 1341/1139/461 1345/1144/461 1343/1142/460 
f 1341/1139/461 1342/1140/462 1346/1145/462 1345/1144/461 
f 1342/1140/462 1340/1141/459 1344/1146/459 1346/1145/462 
s 1
f 1346/1147/463 1344/1143/463 1343/1142/463 
f 1343/1142/463 1345/1144/463 1346/1145/463 
# 20 polygons - 4 triangles

#
# object Cylinder093
#

v  41.2095 12.9644 34.7178
v  41.2095 13.6683 35.4217
v  41.2095 14.3722 34.7178
v  41.2095 13.6683 34.0139
v  41.2603 13.6683 35.4217
v  41.2603 14.3722 34.7178
v  41.2603 12.9644 34.7178
v  41.2603 13.6683 34.0139
v  41.3111 13.6683 35.4217
v  41.3111 14.3722 34.7178
v  41.3111 12.9644 34.7178
v  41.3111 13.6683 34.0139
v  41.3619 13.6683 35.4217
v  41.3619 14.3722 34.7178
v  41.3619 12.9644 34.7178
v  41.3619 13.6683 34.0139
v  41.4128 13.6683 35.4217
v  41.4128 14.3722 34.7178
v  41.4128 12.9644 34.7178
v  41.4127 13.6683 34.0139
v  41.4636 13.6683 35.4217
v  41.4636 14.3722 34.7178
v  41.4636 12.9644 34.7178
v  41.4635 13.6683 34.0139
# 24 vertices

vn -1.0000 0.0000 0.0000
vn 0.0000 1.0000 -0.0000
vn 0.0000 0.0000 1.0000
vn -0.0000 -1.0000 0.0000
vn -0.0000 -0.0000 -1.0000
vn 1.0000 -0.0000 -0.0000
# 6 vertex normals

vt 0.2500 0.0000 1.0000
vt 0.0000 0.0000 1.0000
vt -0.2500 0.0000 1.0000
vt 0.7500 0.0000 1.0000
vt 0.5000 0.0000 1.0000
vt 0.0000 0.2000 1.0000
vt -0.2500 0.2000 1.0000
vt 0.2500 0.2000 1.0000
vt 0.5000 0.2000 1.0000
vt 0.7500 0.2000 1.0000
vt 0.0000 0.4000 1.0000
vt -0.2500 0.4000 1.0000
vt 0.2500 0.4000 1.0000
vt 0.5000 0.4000 1.0000
vt 0.7500 0.4000 1.0000
vt 0.0000 0.6000 1.0000
vt -0.2500 0.6000 1.0000
vt 0.2500 0.6000 1.0000
vt 0.5000 0.6000 1.0000
vt 0.7500 0.6000 1.0000
vt 0.0000 0.8000 1.0000
vt -0.2500 0.8000 1.0000
vt 0.2500 0.8000 1.0000
vt 0.5000 0.8000 1.0000
vt 0.7500 0.8000 1.0000
vt 0.0000 1.0000 1.0000
vt -0.2500 1.0000 1.0000
vt 0.2500 1.0000 1.0000
vt 0.5000 1.0000 1.0000
vt 0.7500 1.0000 1.0000
vt 1.0000 1.0000 -1.0000
# 31 texture coords

g Cylinder093
usemtl 03___Defaulttyi
s 1
f 1347/1148/464 1348/1149/464 1349/1150/464 
f 1349/1151/464 1350/1152/464 1347/1148/464 
s 8
f 1349/1150/465 1348/1149/466 1351/1153/466 1352/1154/465 
f 1348/1149/466 1347/1148/467 1353/1155/467 1351/1153/466 
f 1347/1148/467 1350/1152/468 1354/1156/468 1353/1155/467 
f 1350/1152/468 1349/1151/465 1352/1157/465 1354/1156/468 
f 1352/1154/465 1351/1153/466 1355/1158/466 1356/1159/465 
f 1351/1153/466 1353/1155/467 1357/1160/467 1355/1158/466 
f 1353/1155/467 1354/1156/468 1358/1161/468 1357/1160/467 
f 1354/1156/468 1352/1157/465 1356/1162/465 1358/1161/468 
f 1356/1159/465 1355/1158/466 1359/1163/466 1360/1164/465 
f 1355/1158/466 1357/1160/467 1361/1165/467 1359/1163/466 
f 1357/1160/467 1358/1161/468 1362/1166/468 1361/1165/467 
f 1358/1161/468 1356/1162/465 1360/1167/465 1362/1166/468 
f 1360/1164/465 1359/1163/466 1363/1168/466 1364/1169/465 
f 1359/1163/466 1361/1165/467 1365/1170/467 1363/1168/466 
f 1361/1165/467 1362/1166/468 1366/1171/468 1365/1170/467 
f 1362/1166/468 1360/1167/465 1364/1172/465 1366/1171/468 
f 1364/1169/465 1363/1168/466 1367/1173/466 1368/1174/465 
f 1363/1168/466 1365/1170/467 1369/1175/467 1367/1173/466 
f 1365/1170/467 1366/1171/468 1370/1176/468 1369/1175/467 
f 1366/1171/468 1364/1172/465 1368/1177/465 1370/1176/468 
s 1
f 1370/1178/469 1368/1174/469 1367/1173/469 
f 1367/1173/469 1369/1175/469 1370/1176/469 
# 20 polygons - 4 triangles

#
# object Cylinder094
#

v  46.6906 12.9644 34.7178
v  46.6906 13.6683 35.4217
v  46.6906 14.3722 34.7178
v  46.6906 13.6683 34.0139
v  46.7414 13.6683 35.4217
v  46.7414 14.3722 34.7178
v  46.7414 12.9644 34.7178
v  46.7414 13.6683 34.0139
v  46.7922 13.6683 35.4217
v  46.7922 14.3722 34.7178
v  46.7922 12.9644 34.7178
v  46.7922 13.6683 34.0139
v  46.8430 13.6683 35.4217
v  46.8430 14.3722 34.7178
v  46.8430 12.9644 34.7178
v  46.8430 13.6683 34.0139
v  46.8938 13.6683 35.4217
v  46.8938 14.3722 34.7178
v  46.8938 12.9644 34.7178
v  46.8938 13.6683 34.0139
v  46.9446 13.6683 35.4217
v  46.9446 14.3722 34.7178
v  46.9446 12.9644 34.7178
v  46.9446 13.6683 34.0139
# 24 vertices

vn -1.0000 0.0000 0.0000
vn 0.0000 1.0000 -0.0000
vn 0.0000 0.0000 1.0000
vn -0.0000 -1.0000 0.0000
vn -0.0000 -0.0000 -1.0000
vn 1.0000 -0.0000 -0.0000
# 6 vertex normals

vt 0.2500 0.0000 1.0000
vt 0.0000 0.0000 1.0000
vt -0.2500 0.0000 1.0000
vt 0.7500 0.0000 1.0000
vt 0.5000 0.0000 1.0000
vt 0.0000 0.2000 1.0000
vt -0.2500 0.2000 1.0000
vt 0.2500 0.2000 1.0000
vt 0.5000 0.2000 1.0000
vt 0.7500 0.2000 1.0000
vt 0.0000 0.4000 1.0000
vt -0.2500 0.4000 1.0000
vt 0.2500 0.4000 1.0000
vt 0.5000 0.4000 1.0000
vt 0.7500 0.4000 1.0000
vt 0.0000 0.6000 1.0000
vt -0.2500 0.6000 1.0000
vt 0.2500 0.6000 1.0000
vt 0.5000 0.6000 1.0000
vt 0.7500 0.6000 1.0000
vt 0.0000 0.8000 1.0000
vt -0.2500 0.8000 1.0000
vt 0.2500 0.8000 1.0000
vt 0.5000 0.8000 1.0000
vt 0.7500 0.8000 1.0000
vt 0.0000 1.0000 1.0000
vt -0.2500 1.0000 1.0000
vt 0.2500 1.0000 1.0000
vt 0.5000 1.0000 1.0000
vt 0.7500 1.0000 1.0000
vt 1.0000 1.0000 -1.0000
# 31 texture coords

g Cylinder094
usemtl 03___Defaulttyi
s 1
f 1371/1179/470 1372/1180/470 1373/1181/470 
f 1373/1182/470 1374/1183/470 1371/1179/470 
s 8
f 1373/1181/471 1372/1180/472 1375/1184/472 1376/1185/471 
f 1372/1180/472 1371/1179/473 1377/1186/473 1375/1184/472 
f 1371/1179/473 1374/1183/474 1378/1187/474 1377/1186/473 
f 1374/1183/474 1373/1182/471 1376/1188/471 1378/1187/474 
f 1376/1185/471 1375/1184/472 1379/1189/472 1380/1190/471 
f 1375/1184/472 1377/1186/473 1381/1191/473 1379/1189/472 
f 1377/1186/473 1378/1187/474 1382/1192/474 1381/1191/473 
f 1378/1187/474 1376/1188/471 1380/1193/471 1382/1192/474 
f 1380/1190/471 1379/1189/472 1383/1194/472 1384/1195/471 
f 1379/1189/472 1381/1191/473 1385/1196/473 1383/1194/472 
f 1381/1191/473 1382/1192/474 1386/1197/474 1385/1196/473 
f 1382/1192/474 1380/1193/471 1384/1198/471 1386/1197/474 
f 1384/1195/471 1383/1194/472 1387/1199/472 1388/1200/471 
f 1383/1194/472 1385/1196/473 1389/1201/473 1387/1199/472 
f 1385/1196/473 1386/1197/474 1390/1202/474 1389/1201/473 
f 1386/1197/474 1384/1198/471 1388/1203/471 1390/1202/474 
f 1388/1200/471 1387/1199/472 1391/1204/472 1392/1205/471 
f 1387/1199/472 1389/1201/473 1393/1206/473 1391/1204/472 
f 1389/1201/473 1390/1202/474 1394/1207/474 1393/1206/473 
f 1390/1202/474 1388/1203/471 1392/1208/471 1394/1207/474 
s 1
f 1394/1209/475 1392/1205/475 1391/1204/475 
f 1391/1204/475 1393/1206/475 1394/1207/475 
# 20 polygons - 4 triangles

#
# object Box333
#

v  12.2860 37.2009 35.9935
v  9.7460 37.2009 35.9935
v  9.7460 37.2009 33.4535
v  12.2860 37.2009 33.4535
v  12.2860 37.7089 35.9935
v  12.2860 37.7089 33.4535
v  9.7460 37.7089 33.4535
v  9.7460 37.7089 35.9935
v  12.6670 36.7056 36.3745
v  9.3650 36.7056 36.3745
v  9.3650 36.7056 33.0725
v  12.6670 36.7056 33.0725
v  12.6670 37.2136 36.3745
v  12.6670 37.2136 33.0725
v  9.3650 37.2136 33.0725
v  9.3650 37.2136 36.3745
v  13.0480 36.2173 36.7555
v  8.9840 36.2173 36.7555
v  8.9840 36.2173 32.6915
v  13.0480 36.2173 32.6915
v  13.0480 36.7253 36.7555
v  13.0480 36.7253 32.6915
v  8.9840 36.7253 32.6915
v  8.9840 36.7253 36.7555
v  13.4290 35.7475 37.1365
v  8.6030 35.7475 37.1365
v  8.6030 35.7475 32.3105
v  13.4290 35.7475 32.3105
v  13.4290 36.2555 37.1365
v  13.4290 36.2555 32.3105
v  8.6030 36.2555 32.3105
v  8.6030 36.2555 37.1365
# 32 vertices

vn 0.0000 -1.0000 -0.0000
vn 0.0000 1.0000 -0.0000
vn 1.0000 0.0000 -0.0000
vn -0.0000 0.0000 -1.0000
vn -1.0000 0.0000 0.0000
vn 0.0000 0.0000 1.0000
# 6 vertex normals

vt 1.0000 0.0000 0.0000
vt 1.0000 1.0000 0.0000
vt 0.0000 1.0000 0.0000
vt 0.0000 0.0000 0.0000
# 4 texture coords

g Box333
usemtl 03___Defaulttyi
s 2
f 1395/1210/476 1396/1211/476 1397/1212/476 1398/1213/476 
s 4
f 1399/1213/477 1400/1210/477 1401/1211/477 1402/1212/477 
s 8
f 1395/1213/478 1398/1210/478 1400/1211/478 1399/1212/478 
s 16
f 1398/1213/479 1397/1210/479 1401/1211/479 1400/1212/479 
s 32
f 1397/1213/480 1396/1210/480 1402/1211/480 1401/1212/480 
s 64
f 1396/1213/481 1395/1210/481 1399/1211/481 1402/1212/481 
s 2
f 1403/1210/476 1404/1211/476 1405/1212/476 1406/1213/476 
s 4
f 1407/1213/477 1408/1210/477 1409/1211/477 1410/1212/477 
s 8
f 1403/1213/478 1406/1210/478 1408/1211/478 1407/1212/478 
s 16
f 1406/1213/479 1405/1210/479 1409/1211/479 1408/1212/479 
s 32
f 1405/1213/480 1404/1210/480 1410/1211/480 1409/1212/480 
s 64
f 1404/1213/481 1403/1210/481 1407/1211/481 1410/1212/481 
s 2
f 1411/1210/476 1412/1211/476 1413/1212/476 1414/1213/476 
s 4
f 1415/1213/477 1416/1210/477 1417/1211/477 1418/1212/477 
s 8
f 1411/1213/478 1414/1210/478 1416/1211/478 1415/1212/478 
s 16
f 1414/1213/479 1413/1210/479 1417/1211/479 1416/1212/479 
s 32
f 1413/1213/480 1412/1210/480 1418/1211/480 1417/1212/480 
s 64
f 1412/1213/481 1411/1210/481 1415/1211/481 1418/1212/481 
s 2
f 1419/1210/476 1420/1211/476 1421/1212/476 1422/1213/476 
s 4
f 1423/1213/477 1424/1210/477 1425/1211/477 1426/1212/477 
s 8
f 1419/1213/478 1422/1210/478 1424/1211/478 1423/1212/478 
s 16
f 1422/1213/479 1421/1210/479 1425/1211/479 1424/1212/479 
s 32
f 1421/1213/480 1420/1210/480 1426/1211/480 1425/1212/480 
s 64
f 1420/1213/481 1419/1210/481 1423/1211/481 1426/1212/481 
# 24 polygons

#
# object Box334
#

v  12.9014 18.7082 36.6089
v  11.6444 18.7082 36.6089
v  11.6444 18.7082 35.3519
v  12.9014 18.7082 35.3519
v  11.6444 18.7082 34.0950
v  12.9014 18.7082 34.0950
v  11.6444 18.7082 32.8381
v  12.9014 18.7082 32.8381
v  10.3875 18.7082 36.6089
v  10.3875 18.7082 35.3519
v  10.3875 18.7082 34.0950
v  10.3875 18.7082 32.8381
v  9.1306 18.7082 36.6089
v  9.1306 18.7082 35.3519
v  9.1306 18.7082 34.0950
v  9.1306 18.7082 32.8381
v  12.9014 35.7566 36.6089
v  12.9014 35.7566 35.3519
v  11.6444 35.7566 35.3519
v  11.6444 35.7566 36.6089
v  12.9014 35.7566 34.0950
v  11.6444 35.7566 34.0950
v  12.9014 35.7566 32.8381
v  11.6444 35.7566 32.8381
v  10.3875 35.7566 35.3519
v  10.3875 35.7566 36.6089
v  10.3875 35.7566 34.0950
v  10.3875 35.7566 32.8381
v  9.1306 35.7566 35.3519
v  9.1306 35.7566 36.6089
v  9.1306 35.7566 34.0950
v  9.1306 35.7566 32.8381
v  12.9014 26.0446 35.3519
v  12.9014 26.0446 36.6089
v  13.3450 18.7082 35.3519
v  13.3450 18.7082 34.0950
v  13.3450 26.0446 34.0950
v  13.3450 26.0446 35.3519
v  12.9014 26.0446 32.8381
v  12.9014 26.0446 34.0950
v  13.3450 35.7566 34.0950
v  13.3450 35.7566 35.3519
v  11.6444 26.0446 32.8381
v  11.6444 18.7082 32.3945
v  10.3875 18.7082 32.3945
v  10.3875 26.0446 32.3945
v  11.6444 26.0446 32.3945
v  9.1306 26.0446 32.8381
v  10.3875 26.0446 32.8381
v  10.3875 35.7566 32.3945
v  11.6444 35.7566 32.3945
v  9.1306 26.0446 34.0950
v  8.6870 18.7082 34.0950
v  8.6870 18.7082 35.3519
v  8.6870 26.0446 35.3519
v  8.6870 26.0446 34.0950
v  9.1306 26.0446 36.6089
v  9.1306 26.0446 35.3519
v  8.6870 35.7566 35.3519
v  8.6870 35.7566 34.0950
v  10.3875 26.0446 36.6089
v  10.3875 18.7082 37.0525
v  11.6444 18.7082 37.0525
v  11.6444 26.0446 37.0525
v  10.3875 26.0446 37.0525
v  11.6444 26.0446 36.6089
v  11.6444 35.7566 37.0525
v  10.3875 35.7566 37.0525
# 68 vertices

vn 0.0000 -1.0000 -0.0000
vn 0.0000 1.0000 -0.0000
vn 1.0000 -0.0000 -0.0000
vn 1.0000 0.0000 -0.0000
vn -0.0000 -0.0000 -1.0000
vn -0.0000 0.0000 -1.0000
vn -1.0000 -0.0000 0.0000
vn -1.0000 0.0000 0.0000
vn 0.0000 -0.0000 1.0000
vn 0.0000 0.0000 1.0000
vn -0.0000 -0.0000 1.0000
vn 1.0000 -0.0000 0.0000
# 12 vertex normals

vt 1.0000 0.0000 0.0000
vt 1.0000 0.3333 0.0000
vt 0.6667 0.3333 0.0000
vt 0.6667 0.0000 0.0000
vt 0.3333 0.3333 0.0000
vt 0.3333 0.0000 0.0000
vt -0.0000 0.3333 0.0000
vt -0.0000 0.0000 0.0000
vt 1.0000 0.6667 0.0000
vt 0.6667 0.6667 0.0000
vt 0.3333 0.6667 0.0000
vt -0.0000 0.6667 0.0000
vt 1.0000 1.0000 0.0000
vt 0.6667 1.0000 0.0000
vt 0.3333 1.0000 0.0000
vt -0.0000 1.0000 0.0000
vt 0.0000 0.0000 0.0000
vt 0.0000 0.3333 0.0000
vt 0.0000 0.6667 0.0000
vt 0.0000 1.0000 0.0000
vt 0.3333 0.5000 0.0000
vt 0.0000 0.5000 0.0000
vt 0.6667 0.5000 0.0000
vt 1.0000 0.5000 0.0000
# 24 texture coords

g Box334
usemtl xdgh
s 2
f 1427/1214/482 1428/1215/482 1429/1216/482 1430/1217/482 
f 1430/1217/482 1429/1216/482 1431/1218/482 1432/1219/482 
f 1432/1219/482 1431/1218/482 1433/1220/482 1434/1221/482 
f 1428/1215/482 1435/1222/482 1436/1223/482 1429/1216/482 
f 1429/1216/482 1436/1223/482 1437/1224/482 1431/1218/482 
f 1431/1218/482 1437/1224/482 1438/1225/482 1433/1220/482 
f 1435/1222/482 1439/1226/482 1440/1227/482 1436/1223/482 
f 1436/1223/482 1440/1227/482 1441/1228/482 1437/1224/482 
f 1437/1224/482 1441/1228/482 1442/1229/482 1438/1225/482 
s 4
f 1443/1230/483 1444/1219/483 1445/1218/483 1446/1231/483 
f 1444/1219/483 1447/1217/483 1448/1216/483 1445/1218/483 
f 1447/1217/483 1449/1214/483 1450/1215/483 1448/1216/483 
f 1446/1231/483 1445/1218/483 1451/1224/483 1452/1232/483 
f 1445/1218/483 1448/1216/483 1453/1223/483 1451/1224/483 
f 1448/1216/483 1450/1215/483 1454/1222/483 1453/1223/483 
f 1452/1232/483 1451/1224/483 1455/1228/483 1456/1233/483 
f 1451/1224/483 1453/1223/483 1457/1227/483 1455/1228/483 
f 1453/1223/483 1454/1222/483 1458/1226/483 1457/1227/483 
s 8
f 1427/1230/484 1430/1219/484 1459/1234/484 1460/1235/484 
f 1461/1219/484 1462/1217/484 1463/1236/484 1464/1234/484 
f 1432/1217/484 1434/1214/484 1465/1237/484 1466/1236/484 
f 1460/1235/484 1459/1234/484 1444/1228/484 1443/1233/484 
f 1464/1234/484 1463/1236/484 1467/1227/485 1468/1228/485 
f 1466/1236/484 1465/1237/484 1449/1226/484 1447/1227/484 
s 16
f 1434/1230/486 1433/1219/486 1469/1234/486 1465/1235/486 
f 1470/1219/486 1471/1217/486 1472/1236/486 1473/1234/486 
f 1438/1217/486 1442/1214/486 1474/1237/486 1475/1236/486 
f 1465/1235/486 1469/1234/486 1450/1228/486 1449/1233/486 
f 1473/1234/486 1472/1236/486 1476/1227/487 1477/1228/487 
f 1475/1236/486 1474/1237/486 1458/1226/486 1454/1227/486 
s 32
f 1442/1230/488 1441/1219/488 1478/1234/488 1474/1235/488 
f 1479/1219/488 1480/1217/488 1481/1236/488 1482/1234/488 
f 1440/1217/488 1439/1214/488 1483/1237/488 1484/1236/488 
f 1474/1235/488 1478/1234/488 1457/1228/488 1458/1233/488 
f 1482/1234/488 1481/1236/488 1485/1227/489 1486/1228/489 
f 1484/1236/488 1483/1237/488 1456/1226/488 1455/1227/488 
s 64
f 1439/1230/490 1435/1219/490 1487/1234/490 1483/1235/490 
f 1488/1219/490 1489/1217/490 1490/1236/490 1491/1234/490 
f 1428/1217/490 1427/1214/490 1460/1237/490 1492/1236/490 
f 1483/1235/490 1487/1234/490 1452/1228/490 1456/1233/490 
f 1491/1234/490 1490/1236/490 1493/1227/491 1494/1228/491 
f 1492/1236/490 1460/1237/490 1443/1226/490 1446/1227/490 
s off
f 1430/1217/482 1432/1219/482 1462/1217/482 1461/1219/482 
usemtl 03___Defaulttyi
f 1432/1217/486 1466/1236/486 1463/1236/486 1462/1217/486 
f 1466/1236/487 1447/1227/487 1467/1227/487 1463/1236/487 
usemtl xdgh
f 1447/1217/483 1444/1219/483 1468/1228/483 1467/1227/483 
usemtl 03___Defaulttyi
f 1444/1228/492 1459/1234/492 1464/1234/492 1468/1228/492 
f 1459/1234/491 1430/1219/491 1461/1219/491 1464/1234/491 
usemtl xdgh
f 1433/1220/482 1438/1225/482 1471/1217/482 1470/1219/482 
usemtl 03___Defaulttyi
f 1438/1217/488 1475/1236/488 1472/1236/488 1471/1217/488 
f 1475/1236/489 1454/1227/489 1476/1227/489 1472/1236/489 
usemtl xdgh
f 1454/1222/483 1450/1215/483 1477/1228/483 1476/1227/483 
usemtl 03___Defaulttyi
f 1450/1228/493 1469/1234/493 1473/1234/493 1477/1228/493 
f 1469/1234/485 1433/1219/485 1470/1219/485 1473/1234/485 
usemtl xdgh
f 1441/1228/482 1440/1227/482 1480/1217/482 1479/1219/482 
usemtl 03___Defaulttyi
f 1440/1217/491 1484/1236/491 1481/1236/491 1480/1217/491 
f 1484/1236/490 1455/1227/490 1485/1227/490 1481/1236/490 
usemtl xdgh
f 1455/1228/483 1457/1227/483 1486/1228/483 1485/1227/483 
usemtl 03___Defaulttyi
f 1457/1228/487 1478/1234/487 1482/1234/487 1486/1228/487 
f 1478/1234/486 1441/1219/486 1479/1219/486 1482/1234/486 
usemtl xdgh
f 1435/1222/482 1428/1215/482 1489/1217/482 1488/1219/482 
usemtl 03___Defaulttyi
f 1428/1217/485 1492/1236/485 1490/1236/485 1489/1217/485 
f 1492/1236/484 1446/1227/484 1493/1227/484 1490/1236/484 
usemtl xdgh
f 1446/1231/483 1452/1232/483 1494/1228/483 1493/1227/483 
usemtl 03___Defaulttyi
f 1452/1228/489 1487/1234/489 1491/1234/489 1494/1228/489 
f 1487/1234/488 1435/1219/488 1488/1219/488 1491/1234/488 
# 66 polygons

#
# object Box335
#

v  13.1109 8.6017 36.8922
v  11.6716 8.6017 36.8922
v  11.6716 8.6017 35.4529
v  13.1109 8.6017 35.4529
v  11.6716 8.6017 34.0136
v  13.1109 8.6017 34.0136
v  11.6716 8.6017 32.5742
v  13.1109 8.6017 32.5742
v  10.2322 8.6017 36.8922
v  10.2322 8.6017 35.4529
v  10.2322 8.6017 34.0136
v  10.2322 8.6017 32.5742
v  8.7929 8.6017 36.8922
v  8.7929 8.6017 35.4529
v  8.7929 8.6017 34.0136
v  8.7929 8.6017 32.5742
v  13.1109 18.7617 36.8922
v  13.1109 18.7617 35.4529
v  11.6716 18.7617 35.4529
v  11.6716 18.7617 36.8922
v  13.1109 18.7617 34.0136
v  11.6716 18.7617 34.0136
v  13.1109 18.7617 32.5742
v  11.6716 18.7617 32.5742
v  10.2322 18.7617 35.4529
v  10.2322 18.7617 36.8922
v  10.2322 18.7617 34.0136
v  10.2322 18.7617 32.5742
v  8.7929 18.7617 35.4529
v  8.7929 18.7617 36.8922
v  8.7929 18.7617 34.0136
v  8.7929 18.7617 32.5742
v  13.1109 13.6817 35.4529
v  13.1109 13.6817 36.8922
v  13.6189 8.6017 35.4529
v  13.6189 8.6017 34.0136
v  13.6189 13.6817 34.0136
v  13.6189 13.6817 35.4529
v  13.1109 13.6817 32.5742
v  13.1109 13.6817 34.0136
v  13.6189 18.7617 34.0136
v  13.6189 18.7617 35.4529
v  11.6716 13.6817 32.5742
v  11.6716 8.6017 32.0662
v  10.2322 8.6017 32.0662
v  10.2322 13.6817 32.0662
v  11.6716 13.6817 32.0662
v  8.7929 13.6817 32.5742
v  10.2322 13.6817 32.5742
v  10.2322 18.7617 32.0662
v  11.6716 18.7617 32.0662
v  8.7929 13.6817 34.0136
v  8.2849 8.6017 34.0136
v  8.2849 8.6017 35.4529
v  8.2849 13.6817 35.4529
v  8.2849 13.6817 34.0136
v  8.7929 13.6817 36.8922
v  8.7929 13.6817 35.4529
v  8.2849 18.7617 35.4529
v  8.2849 18.7617 34.0136
v  10.2322 13.6817 36.8922
v  10.2322 8.6017 37.4002
v  11.6716 8.6017 37.4002
v  11.6716 13.6817 37.4002
v  10.2322 13.6817 37.4002
v  11.6716 13.6817 36.8922
v  11.6716 18.7617 37.4002
v  10.2322 18.7617 37.4002
# 68 vertices

vn 0.0000 -1.0000 -0.0000
vn 0.0000 1.0000 -0.0000
vn 1.0000 0.0000 -0.0000
vn -0.0000 0.0000 -1.0000
vn -0.0000 -0.0000 -1.0000
vn -1.0000 0.0000 0.0000
vn -1.0000 -0.0000 0.0000
vn 0.0000 0.0000 1.0000
vn 0.0000 -0.0000 1.0000
vn 1.0000 -0.0000 -0.0000
# 10 vertex normals

vt 1.0000 0.0000 0.0000
vt 1.0000 0.3333 0.0000
vt 0.6667 0.3333 0.0000
vt 0.6667 0.0000 0.0000
vt 0.3333 0.3333 0.0000
vt 0.3333 0.0000 0.0000
vt -0.0000 0.3333 0.0000
vt -0.0000 0.0000 0.0000
vt 1.0000 0.6667 0.0000
vt 0.6667 0.6667 0.0000
vt 0.3333 0.6667 0.0000
vt -0.0000 0.6667 0.0000
vt 1.0000 1.0000 0.0000
vt 0.6667 1.0000 0.0000
vt 0.3333 1.0000 0.0000
vt -0.0000 1.0000 0.0000
vt 0.0000 0.0000 0.0000
vt 0.0000 0.3333 0.0000
vt 0.0000 0.6667 0.0000
vt 0.0000 1.0000 0.0000
vt 0.3333 0.5000 0.0000
vt 0.0000 0.5000 0.0000
vt 0.6667 0.5000 0.0000
vt 1.0000 0.5000 0.0000
# 24 texture coords

g Box335
usemtl xdgh
s 2
f 1495/1238/494 1496/1239/494 1497/1240/494 1498/1241/494 
f 1498/1241/494 1497/1240/494 1499/1242/494 1500/1243/494 
f 1500/1243/494 1499/1242/494 1501/1244/494 1502/1245/494 
f 1496/1239/494 1503/1246/494 1504/1247/494 1497/1240/494 
f 1497/1240/494 1504/1247/494 1505/1248/494 1499/1242/494 
f 1499/1242/494 1505/1248/494 1506/1249/494 1501/1244/494 
f 1503/1246/494 1507/1250/494 1508/1251/494 1504/1247/494 
f 1504/1247/494 1508/1251/494 1509/1252/494 1505/1248/494 
f 1505/1248/494 1509/1252/494 1510/1253/494 1506/1249/494 
usemtl 03___Defaulttyi
s 4
f 1511/1254/495 1512/1243/495 1513/1242/495 1514/1255/495 
f 1512/1243/495 1515/1241/495 1516/1240/495 1513/1242/495 
f 1515/1241/495 1517/1238/495 1518/1239/495 1516/1240/495 
f 1514/1255/495 1513/1242/495 1519/1248/495 1520/1256/495 
f 1513/1242/495 1516/1240/495 1521/1247/495 1519/1248/495 
f 1516/1240/495 1518/1239/495 1522/1246/495 1521/1247/495 
f 1520/1256/495 1519/1248/495 1523/1252/495 1524/1257/495 
f 1519/1248/495 1521/1247/495 1525/1251/495 1523/1252/495 
f 1521/1247/495 1522/1246/495 1526/1250/495 1525/1251/495 
usemtl xdgh
s 8
f 1495/1254/496 1498/1243/496 1527/1258/496 1528/1259/496 
f 1529/1243/496 1530/1241/496 1531/1260/496 1532/1258/496 
f 1500/1241/496 1502/1238/496 1533/1261/496 1534/1260/496 
f 1528/1259/496 1527/1258/496 1512/1252/496 1511/1257/496 
f 1532/1258/496 1531/1260/496 1535/1251/496 1536/1252/496 
f 1534/1260/496 1533/1261/496 1517/1250/496 1515/1251/496 
s 16
f 1502/1254/497 1501/1243/497 1537/1258/497 1533/1259/497 
f 1538/1243/498 1539/1241/498 1540/1260/497 1541/1258/497 
f 1506/1241/497 1510/1238/497 1542/1261/497 1543/1260/497 
f 1533/1259/497 1537/1258/497 1518/1252/497 1517/1257/497 
f 1541/1258/497 1540/1260/497 1544/1251/497 1545/1252/497 
f 1543/1260/497 1542/1261/497 1526/1250/497 1522/1251/497 
s 32
f 1510/1254/499 1509/1243/499 1546/1258/499 1542/1259/499 
f 1547/1243/500 1548/1241/500 1549/1260/499 1550/1258/499 
f 1508/1241/499 1507/1238/499 1551/1261/499 1552/1260/499 
f 1542/1259/499 1546/1258/499 1525/1252/499 1526/1257/499 
f 1550/1258/499 1549/1260/499 1553/1251/499 1554/1252/499 
f 1552/1260/499 1551/1261/499 1524/1250/499 1523/1251/499 
s 64
f 1507/1254/501 1503/1243/501 1555/1258/501 1551/1259/501 
f 1556/1243/501 1557/1241/501 1558/1260/501 1559/1258/501 
f 1496/1241/501 1495/1238/501 1528/1261/501 1560/1260/501 
f 1551/1259/501 1555/1258/501 1520/1252/501 1524/1257/501 
f 1559/1258/501 1558/1260/501 1561/1251/501 1562/1252/501 
f 1560/1260/501 1528/1261/501 1511/1250/501 1514/1251/501 
s off
f 1498/1241/494 1500/1243/494 1530/1241/494 1529/1243/494 
usemtl 03___Defaulttyi
f 1500/1241/497 1534/1260/497 1531/1260/497 1530/1241/497 
f 1534/1260/497 1515/1251/497 1535/1251/497 1531/1260/497 
f 1515/1241/495 1512/1243/495 1536/1252/495 1535/1251/495 
f 1512/1252/501 1527/1258/501 1532/1258/501 1536/1252/501 
f 1527/1258/501 1498/1243/501 1529/1243/501 1532/1258/501 
usemtl xdgh
f 1501/1244/494 1506/1249/494 1539/1241/494 1538/1243/494 
usemtl 03___Defaulttyi
f 1506/1241/499 1543/1260/499 1540/1260/499 1539/1241/499 
f 1543/1260/499 1522/1251/499 1544/1251/499 1540/1260/499 
f 1522/1246/495 1518/1239/495 1545/1252/495 1544/1251/495 
f 1518/1252/496 1537/1258/496 1541/1258/496 1545/1252/496 
f 1537/1258/496 1501/1243/496 1538/1243/496 1541/1258/496 
usemtl xdgh
f 1509/1252/494 1508/1251/494 1548/1241/494 1547/1243/494 
usemtl 03___Defaulttyi
f 1508/1241/501 1552/1260/501 1549/1260/501 1548/1241/501 
f 1552/1260/502 1523/1251/502 1553/1251/502 1549/1260/502 
f 1523/1252/495 1525/1251/495 1554/1252/495 1553/1251/495 
f 1525/1252/497 1546/1258/497 1550/1258/497 1554/1252/497 
f 1546/1258/498 1509/1243/498 1547/1243/498 1550/1258/498 
usemtl xdgh
f 1503/1246/494 1496/1239/494 1557/1241/494 1556/1243/494 
usemtl 03___Defaulttyi
f 1496/1241/496 1560/1260/496 1558/1260/496 1557/1241/496 
f 1560/1260/503 1514/1251/503 1561/1251/503 1558/1260/503 
f 1514/1255/495 1520/1256/495 1562/1252/495 1561/1251/495 
f 1520/1252/499 1555/1258/499 1559/1258/499 1562/1252/499 
f 1555/1258/500 1503/1243/500 1556/1243/500 1559/1258/500 
# 66 polygons

#
# object Box336
#

v  13.4919 13.5008 37.2732
v  8.4119 13.5008 37.2732
v  8.4119 13.5008 32.1932
v  13.4919 13.5008 32.1932
v  13.4919 13.7548 37.2732
v  13.4919 13.7548 32.1932
v  8.4119 13.7548 32.1932
v  8.4119 13.7548 37.2732
# 8 vertices

vn 0.0000 -1.0000 -0.0000
vn 0.0000 1.0000 -0.0000
vn 1.0000 0.0000 -0.0000
vn -0.0000 0.0000 -1.0000
vn -1.0000 0.0000 0.0000
vn 0.0000 0.0000 1.0000
# 6 vertex normals

vt 1.0000 0.0000 0.0000
vt 1.0000 1.0000 0.0000
vt 0.0000 1.0000 0.0000
vt 0.0000 0.0000 0.0000
# 4 texture coords

g Box336
usemtl 03___Defaulttyi
s 2
f 1563/1262/504 1564/1263/504 1565/1264/504 1566/1265/504 
s 4
f 1567/1265/505 1568/1262/505 1569/1263/505 1570/1264/505 
s 8
f 1563/1265/506 1566/1262/506 1568/1263/506 1567/1264/506 
s 16
f 1566/1265/507 1565/1262/507 1569/1263/507 1568/1264/507 
s 32
f 1565/1265/508 1564/1262/508 1570/1263/508 1569/1264/508 
s 64
f 1564/1265/509 1563/1262/509 1567/1263/509 1570/1264/509 
# 6 polygons

#
# object Box337
#

v  13.3649 8.6017 37.1462
v  8.5389 8.6017 37.1462
v  8.5389 8.6017 32.3202
v  13.3649 8.6017 32.3202
v  13.3649 9.8717 37.1462
v  13.3649 9.8717 32.3202
v  8.5389 9.8717 32.3202
v  8.5389 9.8717 37.1462
# 8 vertices

vn 0.0000 -1.0000 -0.0000
vn 0.0000 1.0000 -0.0000
vn 1.0000 0.0000 -0.0000
vn -0.0000 0.0000 -1.0000
vn -1.0000 0.0000 0.0000
vn 0.0000 0.0000 1.0000
# 6 vertex normals

vt 1.0000 0.0000 0.0000
vt 1.0000 1.0000 0.0000
vt 0.0000 1.0000 0.0000
vt 0.0000 0.0000 0.0000
# 4 texture coords

g Box337
usemtl 03___Defaulttyi
s 2
f 1571/1266/510 1572/1267/510 1573/1268/510 1574/1269/510 
s 4
f 1575/1269/511 1576/1266/511 1577/1267/511 1578/1268/511 
s 8
f 1571/1269/512 1574/1266/512 1576/1267/512 1575/1268/512 
s 16
f 1574/1269/513 1573/1266/513 1577/1267/513 1576/1268/513 
s 32
f 1573/1269/514 1572/1266/514 1578/1267/514 1577/1268/514 
s 64
f 1572/1269/515 1571/1266/515 1575/1267/515 1578/1268/515 
# 6 polygons

#
# object Cylinder108
#

v  10.9943 12.9644 37.3028
v  10.2904 13.6683 37.3028
v  10.9943 14.3722 37.3028
v  11.6982 13.6683 37.3028
v  10.2904 13.6683 37.3536
v  10.9943 14.3722 37.3536
v  10.9943 12.9644 37.3536
v  11.6982 13.6683 37.3536
v  10.2904 13.6683 37.4044
v  10.9943 14.3722 37.4044
v  10.9943 12.9644 37.4044
v  11.6982 13.6683 37.4044
v  10.2904 13.6683 37.4552
v  10.9943 14.3722 37.4552
v  10.9943 12.9644 37.4552
v  11.6982 13.6683 37.4552
v  10.2904 13.6683 37.5060
v  10.9943 14.3722 37.5060
v  10.9943 12.9644 37.5060
v  11.6982 13.6683 37.5060
v  10.2904 13.6683 37.5568
v  10.9943 14.3722 37.5568
v  10.9943 12.9644 37.5568
v  11.6982 13.6683 37.5568
# 24 vertices

vn -0.0000 -0.0000 -1.0000
vn 0.0000 1.0000 -0.0000
vn -1.0000 0.0000 0.0000
vn -0.0000 -1.0000 0.0000
vn 1.0000 -0.0000 -0.0000
vn 0.0000 0.0000 1.0000
# 6 vertex normals

vt 0.2500 0.0000 1.0000
vt 0.0000 0.0000 1.0000
vt -0.2500 0.0000 1.0000
vt 0.7500 0.0000 1.0000
vt 0.5000 0.0000 1.0000
vt 0.0000 0.2000 1.0000
vt -0.2500 0.2000 1.0000
vt 0.2500 0.2000 1.0000
vt 0.5000 0.2000 1.0000
vt 0.7500 0.2000 1.0000
vt 0.0000 0.4000 1.0000
vt -0.2500 0.4000 1.0000
vt 0.2500 0.4000 1.0000
vt 0.5000 0.4000 1.0000
vt 0.7500 0.4000 1.0000
vt 0.0000 0.6000 1.0000
vt -0.2500 0.6000 1.0000
vt 0.2500 0.6000 1.0000
vt 0.5000 0.6000 1.0000
vt 0.7500 0.6000 1.0000
vt 0.0000 0.8000 1.0000
vt -0.2500 0.8000 1.0000
vt 0.2500 0.8000 1.0000
vt 0.5000 0.8000 1.0000
vt 0.7500 0.8000 1.0000
vt 0.0000 1.0000 1.0000
vt -0.2500 1.0000 1.0000
vt 0.2500 1.0000 1.0000
vt 0.5000 1.0000 1.0000
vt 0.7500 1.0000 1.0000
vt 1.0000 1.0000 -1.0000
# 31 texture coords

g Cylinder108
usemtl 03___Defaulttyi
s 1
f 1579/1270/516 1580/1271/516 1581/1272/516 
f 1581/1273/516 1582/1274/516 1579/1270/516 
s 8
f 1581/1272/517 1580/1271/518 1583/1275/518 1584/1276/517 
f 1580/1271/518 1579/1270/519 1585/1277/519 1583/1275/518 
f 1579/1270/519 1582/1274/520 1586/1278/520 1585/1277/519 
f 1582/1274/520 1581/1273/517 1584/1279/517 1586/1278/520 
f 1584/1276/517 1583/1275/518 1587/1280/518 1588/1281/517 
f 1583/1275/518 1585/1277/519 1589/1282/519 1587/1280/518 
f 1585/1277/519 1586/1278/520 1590/1283/520 1589/1282/519 
f 1586/1278/520 1584/1279/517 1588/1284/517 1590/1283/520 
f 1588/1281/517 1587/1280/518 1591/1285/518 1592/1286/517 
f 1587/1280/518 1589/1282/519 1593/1287/519 1591/1285/518 
f 1589/1282/519 1590/1283/520 1594/1288/520 1593/1287/519 
f 1590/1283/520 1588/1284/517 1592/1289/517 1594/1288/520 
f 1592/1286/517 1591/1285/518 1595/1290/518 1596/1291/517 
f 1591/1285/518 1593/1287/519 1597/1292/519 1595/1290/518 
f 1593/1287/519 1594/1288/520 1598/1293/520 1597/1292/519 
f 1594/1288/520 1592/1289/517 1596/1294/517 1598/1293/520 
f 1596/1291/517 1595/1290/518 1599/1295/518 1600/1296/517 
f 1595/1290/518 1597/1292/519 1601/1297/519 1599/1295/518 
f 1597/1292/519 1598/1293/520 1602/1298/520 1601/1297/519 
f 1598/1293/520 1596/1294/517 1600/1299/517 1602/1298/520 
s 1
f 1602/1300/521 1600/1296/521 1599/1295/521 
f 1599/1295/521 1601/1297/521 1602/1298/521 
# 20 polygons - 4 triangles

#
# object Cylinder109
#

v  10.9943 12.9644 31.8441
v  10.2904 13.6683 31.8441
v  10.9943 14.3722 31.8441
v  11.6982 13.6683 31.8441
v  10.2904 13.6683 31.8949
v  10.9943 14.3722 31.8949
v  10.9943 12.9644 31.8949
v  11.6982 13.6683 31.8949
v  10.2904 13.6683 31.9457
v  10.9943 14.3722 31.9457
v  10.9943 12.9644 31.9457
v  11.6982 13.6683 31.9457
v  10.2904 13.6683 31.9965
v  10.9943 14.3722 31.9965
v  10.9943 12.9644 31.9965
v  11.6982 13.6683 31.9965
v  10.2904 13.6683 32.0473
v  10.9943 14.3722 32.0473
v  10.9943 12.9644 32.0473
v  11.6982 13.6683 32.0473
v  10.2904 13.6683 32.0981
v  10.9943 14.3722 32.0981
v  10.9943 12.9644 32.0981
v  11.6982 13.6683 32.0981
# 24 vertices

vn -0.0000 -0.0000 -1.0000
vn 0.0000 1.0000 -0.0000
vn -1.0000 0.0000 0.0000
vn -0.0000 -1.0000 0.0000
vn 1.0000 -0.0000 -0.0000
vn 0.0000 0.0000 1.0000
# 6 vertex normals

vt 0.2500 0.0000 1.0000
vt 0.0000 0.0000 1.0000
vt -0.2500 0.0000 1.0000
vt 0.7500 0.0000 1.0000
vt 0.5000 0.0000 1.0000
vt 0.0000 0.2000 1.0000
vt -0.2500 0.2000 1.0000
vt 0.2500 0.2000 1.0000
vt 0.5000 0.2000 1.0000
vt 0.7500 0.2000 1.0000
vt 0.0000 0.4000 1.0000
vt -0.2500 0.4000 1.0000
vt 0.2500 0.4000 1.0000
vt 0.5000 0.4000 1.0000
vt 0.7500 0.4000 1.0000
vt 0.0000 0.6000 1.0000
vt -0.2500 0.6000 1.0000
vt 0.2500 0.6000 1.0000
vt 0.5000 0.6000 1.0000
vt 0.7500 0.6000 1.0000
vt 0.0000 0.8000 1.0000
vt -0.2500 0.8000 1.0000
vt 0.2500 0.8000 1.0000
vt 0.5000 0.8000 1.0000
vt 0.7500 0.8000 1.0000
vt 0.0000 1.0000 1.0000
vt -0.2500 1.0000 1.0000
vt 0.2500 1.0000 1.0000
vt 0.5000 1.0000 1.0000
vt 0.7500 1.0000 1.0000
vt 1.0000 1.0000 -1.0000
# 31 texture coords

g Cylinder109
usemtl 03___Defaulttyi
s 1
f 1603/1301/522 1604/1302/522 1605/1303/522 
f 1605/1304/522 1606/1305/522 1603/1301/522 
s 8
f 1605/1303/523 1604/1302/524 1607/1306/524 1608/1307/523 
f 1604/1302/524 1603/1301/525 1609/1308/525 1607/1306/524 
f 1603/1301/525 1606/1305/526 1610/1309/526 1609/1308/525 
f 1606/1305/526 1605/1304/523 1608/1310/523 1610/1309/526 
f 1608/1307/523 1607/1306/524 1611/1311/524 1612/1312/523 
f 1607/1306/524 1609/1308/525 1613/1313/525 1611/1311/524 
f 1609/1308/525 1610/1309/526 1614/1314/526 1613/1313/525 
f 1610/1309/526 1608/1310/523 1612/1315/523 1614/1314/526 
f 1612/1312/523 1611/1311/524 1615/1316/524 1616/1317/523 
f 1611/1311/524 1613/1313/525 1617/1318/525 1615/1316/524 
f 1613/1313/525 1614/1314/526 1618/1319/526 1617/1318/525 
f 1614/1314/526 1612/1315/523 1616/1320/523 1618/1319/526 
f 1616/1317/523 1615/1316/524 1619/1321/524 1620/1322/523 
f 1615/1316/524 1617/1318/525 1621/1323/525 1619/1321/524 
f 1617/1318/525 1618/1319/526 1622/1324/526 1621/1323/525 
f 1618/1319/526 1616/1320/523 1620/1325/523 1622/1324/526 
f 1620/1322/523 1619/1321/524 1623/1326/524 1624/1327/523 
f 1619/1321/524 1621/1323/525 1625/1328/525 1623/1326/524 
f 1621/1323/525 1622/1324/526 1626/1329/526 1625/1328/525 
f 1622/1324/526 1620/1325/523 1624/1330/523 1626/1329/526 
s 1
f 1626/1331/527 1624/1327/527 1623/1326/527 
f 1623/1326/527 1625/1328/527 1626/1329/527 
# 20 polygons - 4 triangles

#
# object Cylinder110
#

v  8.0519 12.9644 34.7178
v  8.0519 13.6683 35.4217
v  8.0519 14.3722 34.7178
v  8.0519 13.6683 34.0139
v  8.1027 13.6683 35.4217
v  8.1027 14.3722 34.7178
v  8.1027 12.9644 34.7178
v  8.1027 13.6683 34.0139
v  8.1535 13.6683 35.4217
v  8.1535 14.3722 34.7178
v  8.1535 12.9644 34.7178
v  8.1535 13.6683 34.0139
v  8.2043 13.6683 35.4217
v  8.2043 14.3722 34.7178
v  8.2043 12.9644 34.7178
v  8.2043 13.6683 34.0139
v  8.2551 13.6683 35.4217
v  8.2551 14.3722 34.7178
v  8.2551 12.9644 34.7178
v  8.2551 13.6683 34.0139
v  8.3059 13.6683 35.4217
v  8.3059 14.3722 34.7178
v  8.3059 12.9644 34.7178
v  8.3059 13.6683 34.0139
# 24 vertices

vn -1.0000 0.0000 0.0000
vn 0.0000 1.0000 -0.0000
vn 0.0000 0.0000 1.0000
vn -0.0000 -1.0000 0.0000
vn -0.0000 -0.0000 -1.0000
vn 1.0000 -0.0000 -0.0000
# 6 vertex normals

vt 0.2500 0.0000 1.0000
vt 0.0000 0.0000 1.0000
vt -0.2500 0.0000 1.0000
vt 0.7500 0.0000 1.0000
vt 0.5000 0.0000 1.0000
vt 0.0000 0.2000 1.0000
vt -0.2500 0.2000 1.0000
vt 0.2500 0.2000 1.0000
vt 0.5000 0.2000 1.0000
vt 0.7500 0.2000 1.0000
vt 0.0000 0.4000 1.0000
vt -0.2500 0.4000 1.0000
vt 0.2500 0.4000 1.0000
vt 0.5000 0.4000 1.0000
vt 0.7500 0.4000 1.0000
vt 0.0000 0.6000 1.0000
vt -0.2500 0.6000 1.0000
vt 0.2500 0.6000 1.0000
vt 0.5000 0.6000 1.0000
vt 0.7500 0.6000 1.0000
vt 0.0000 0.8000 1.0000
vt -0.2500 0.8000 1.0000
vt 0.2500 0.8000 1.0000
vt 0.5000 0.8000 1.0000
vt 0.7500 0.8000 1.0000
vt 0.0000 1.0000 1.0000
vt -0.2500 1.0000 1.0000
vt 0.2500 1.0000 1.0000
vt 0.5000 1.0000 1.0000
vt 0.7500 1.0000 1.0000
vt 1.0000 1.0000 -1.0000
# 31 texture coords

g Cylinder110
usemtl 03___Defaulttyi
s 1
f 1627/1332/528 1628/1333/528 1629/1334/528 
f 1629/1335/528 1630/1336/528 1627/1332/528 
s 8
f 1629/1334/529 1628/1333/530 1631/1337/530 1632/1338/529 
f 1628/1333/530 1627/1332/531 1633/1339/531 1631/1337/530 
f 1627/1332/531 1630/1336/532 1634/1340/532 1633/1339/531 
f 1630/1336/532 1629/1335/529 1632/1341/529 1634/1340/532 
f 1632/1338/529 1631/1337/530 1635/1342/530 1636/1343/529 
f 1631/1337/530 1633/1339/531 1637/1344/531 1635/1342/530 
f 1633/1339/531 1634/1340/532 1638/1345/532 1637/1344/531 
f 1634/1340/532 1632/1341/529 1636/1346/529 1638/1345/532 
f 1636/1343/529 1635/1342/530 1639/1347/530 1640/1348/529 
f 1635/1342/530 1637/1344/531 1641/1349/531 1639/1347/530 
f 1637/1344/531 1638/1345/532 1642/1350/532 1641/1349/531 
f 1638/1345/532 1636/1346/529 1640/1351/529 1642/1350/532 
f 1640/1348/529 1639/1347/530 1643/1352/530 1644/1353/529 
f 1639/1347/530 1641/1349/531 1645/1354/531 1643/1352/530 
f 1641/1349/531 1642/1350/532 1646/1355/532 1645/1354/531 
f 1642/1350/532 1640/1351/529 1644/1356/529 1646/1355/532 
f 1644/1353/529 1643/1352/530 1647/1357/530 1648/1358/529 
f 1643/1352/530 1645/1354/531 1649/1359/531 1647/1357/530 
f 1645/1354/531 1646/1355/532 1650/1360/532 1649/1359/531 
f 1646/1355/532 1644/1356/529 1648/1361/529 1650/1360/532 
s 1
f 1650/1362/533 1648/1358/533 1647/1357/533 
f 1647/1357/533 1649/1359/533 1650/1360/533 
# 20 polygons - 4 triangles

#
# object Cylinder111
#

v  13.5329 12.9644 34.7178
v  13.5329 13.6683 35.4217
v  13.5329 14.3722 34.7178
v  13.5329 13.6683 34.0139
v  13.5837 13.6683 35.4217
v  13.5837 14.3722 34.7178
v  13.5837 12.9644 34.7178
v  13.5837 13.6683 34.0139
v  13.6345 13.6683 35.4217
v  13.6345 14.3722 34.7178
v  13.6345 12.9644 34.7178
v  13.6345 13.6683 34.0139
v  13.6853 13.6683 35.4217
v  13.6853 14.3722 34.7178
v  13.6853 12.9644 34.7178
v  13.6853 13.6683 34.0139
v  13.7361 13.6683 35.4217
v  13.7361 14.3722 34.7178
v  13.7361 12.9644 34.7178
v  13.7361 13.6683 34.0139
v  13.7869 13.6683 35.4217
v  13.7869 14.3722 34.7178
v  13.7869 12.9644 34.7178
v  13.7869 13.6683 34.0139
# 24 vertices

vn -1.0000 0.0000 0.0000
vn 0.0000 1.0000 -0.0000
vn 0.0000 0.0000 1.0000
vn -0.0000 -1.0000 0.0000
vn -0.0000 -0.0000 -1.0000
vn 1.0000 -0.0000 -0.0000
# 6 vertex normals

vt 0.2500 0.0000 1.0000
vt 0.0000 0.0000 1.0000
vt -0.2500 0.0000 1.0000
vt 0.7500 0.0000 1.0000
vt 0.5000 0.0000 1.0000
vt 0.0000 0.2000 1.0000
vt -0.2500 0.2000 1.0000
vt 0.2500 0.2000 1.0000
vt 0.5000 0.2000 1.0000
vt 0.7500 0.2000 1.0000
vt 0.0000 0.4000 1.0000
vt -0.2500 0.4000 1.0000
vt 0.2500 0.4000 1.0000
vt 0.5000 0.4000 1.0000
vt 0.7500 0.4000 1.0000
vt 0.0000 0.6000 1.0000
vt -0.2500 0.6000 1.0000
vt 0.2500 0.6000 1.0000
vt 0.5000 0.6000 1.0000
vt 0.7500 0.6000 1.0000
vt 0.0000 0.8000 1.0000
vt -0.2500 0.8000 1.0000
vt 0.2500 0.8000 1.0000
vt 0.5000 0.8000 1.0000
vt 0.7500 0.8000 1.0000
vt 0.0000 1.0000 1.0000
vt -0.2500 1.0000 1.0000
vt 0.2500 1.0000 1.0000
vt 0.5000 1.0000 1.0000
vt 0.7500 1.0000 1.0000
vt 1.0000 1.0000 -1.0000
# 31 texture coords

g Cylinder111
usemtl 03___Defaulttyi
s 1
f 1651/1363/534 1652/1364/534 1653/1365/534 
f 1653/1366/534 1654/1367/534 1651/1363/534 
s 8
f 1653/1365/535 1652/1364/536 1655/1368/536 1656/1369/535 
f 1652/1364/536 1651/1363/537 1657/1370/537 1655/1368/536 
f 1651/1363/537 1654/1367/538 1658/1371/538 1657/1370/537 
f 1654/1367/538 1653/1366/535 1656/1372/535 1658/1371/538 
f 1656/1369/535 1655/1368/536 1659/1373/536 1660/1374/535 
f 1655/1368/536 1657/1370/537 1661/1375/537 1659/1373/536 
f 1657/1370/537 1658/1371/538 1662/1376/538 1661/1375/537 
f 1658/1371/538 1656/1372/535 1660/1377/535 1662/1376/538 
f 1660/1374/535 1659/1373/536 1663/1378/536 1664/1379/535 
f 1659/1373/536 1661/1375/537 1665/1380/537 1663/1378/536 
f 1661/1375/537 1662/1376/538 1666/1381/538 1665/1380/537 
f 1662/1376/538 1660/1377/535 1664/1382/535 1666/1381/538 
f 1664/1379/535 1663/1378/536 1667/1383/536 1668/1384/535 
f 1663/1378/536 1665/1380/537 1669/1385/537 1667/1383/536 
f 1665/1380/537 1666/1381/538 1670/1386/538 1669/1385/537 
f 1666/1381/538 1664/1382/535 1668/1387/535 1670/1386/538 
f 1668/1384/535 1667/1383/536 1671/1388/536 1672/1389/535 
f 1667/1383/536 1669/1385/537 1673/1390/537 1671/1388/536 
f 1669/1385/537 1670/1386/538 1674/1391/538 1673/1390/537 
f 1670/1386/538 1668/1387/535 1672/1392/535 1674/1391/538 
s 1
f 1674/1393/539 1672/1389/539 1671/1388/539 
f 1671/1388/539 1673/1390/539 1674/1391/539 
# 20 polygons - 4 triangles

#
# object Box339
#

v  95.0072 -1.0135 -40.5025
v  95.0072 -1.0135 -15.7929
v  96.2772 -1.0135 -15.7929
v  96.2772 -1.0135 -40.5025
v  95.0072 19.3065 -40.5025
v  96.2772 19.3065 -40.5025
v  96.2772 19.3065 -15.7929
v  95.0072 19.3065 -15.7929
# 8 vertices

vn 0.0000 -1.0000 -0.0000
vn -0.0000 1.0000 0.0000
vn 0.0000 0.0000 -1.0000
vn 1.0000 0.0000 0.0000
vn -0.0000 -0.0000 1.0000
vn -1.0000 0.0000 -0.0000
# 6 vertex normals

vt 1.0000 0.0000 0.0000
vt 1.0000 1.0000 0.0000
vt 0.0000 1.0000 0.0000
vt 0.0000 0.0000 0.0000
# 4 texture coords

g Box339
usemtl 01___Default
s 2
f 1678/1397/540 1677/1396/540 1676/1395/540 1675/1394/540 
s 4
f 1682/1396/541 1681/1395/541 1680/1394/541 1679/1397/541 
s 8
f 1679/1396/542 1680/1395/542 1678/1394/542 1675/1397/542 
s 16
f 1680/1396/543 1681/1395/543 1677/1394/543 1678/1397/543 
s 32
f 1681/1396/544 1682/1395/544 1676/1394/544 1677/1397/544 
usemtl h
s 64
f 1682/1396/545 1679/1395/545 1675/1394/545 1676/1397/545 
# 6 polygons

#
# object Box338
#

v  95.2730 -1.0366 -16.4683
v  95.2730 -1.0366 -15.7425
v  85.2962 -1.0366 -15.7425
v  85.2962 -1.0366 -16.4683
v  95.2730 19.2834 -16.4683
v  85.2962 19.2834 -16.4683
v  85.2962 19.2834 -15.7425
v  95.2730 19.2834 -15.7425
# 8 vertices

vn 0.0000 -1.0000 -0.0000
vn 0.0000 1.0000 -0.0000
vn -0.0000 0.0000 -1.0000
vn -1.0000 0.0000 -0.0000
vn 0.0000 0.0000 1.0000
vn 1.0000 0.0000 0.0000
# 6 vertex normals

vt 1.0000 0.0000 0.0000
vt 1.0000 1.0000 0.0000
vt 0.0000 1.0000 0.0000
vt 0.0000 0.0000 0.0000
# 4 texture coords

g Box338
usemtl 01___Default
s 2
f 1683/1398/546 1684/1399/546 1685/1400/546 1686/1401/546 
s 4
f 1687/1401/547 1688/1398/547 1689/1399/547 1690/1400/547 
usemtl h
s 8
f 1683/1401/548 1686/1398/548 1688/1399/548 1687/1400/548 
usemtl 01___Default
s 16
f 1686/1401/549 1685/1398/549 1689/1399/549 1688/1400/549 
s 32
f 1685/1401/550 1684/1398/550 1690/1399/550 1689/1400/550 
s 64
f 1684/1401/551 1683/1398/551 1687/1399/551 1690/1400/551 
# 6 polygons

#
# object Box311
#

v  95.1675 -1.0135 27.0517
v  95.1675 -1.0135 2.3421
v  96.4375 -1.0135 2.3421
v  96.4375 -1.0135 27.0517
v  95.1675 19.3065 27.0517
v  96.4375 19.3065 27.0517
v  96.4375 19.3065 2.3421
v  95.1675 19.3065 2.3421
# 8 vertices

vn 0.0000 -1.0000 -0.0000
vn 0.0000 1.0000 -0.0000
vn 0.0000 0.0000 1.0000
vn 1.0000 0.0000 -0.0000
vn 0.0000 0.0000 -1.0000
vn -1.0000 0.0000 -0.0000
# 6 vertex normals

vt 1.0000 0.0000 0.0000
vt 1.0000 1.0000 0.0000
vt 0.0000 1.0000 0.0000
vt 0.0000 0.0000 0.0000
# 4 texture coords

g Box311
usemtl 01___Default
s 2
f 1691/1402/552 1692/1403/552 1693/1404/552 1694/1405/552 
s 4
f 1695/1405/553 1696/1402/553 1697/1403/553 1698/1404/553 
s 8
f 1691/1405/554 1694/1402/554 1696/1403/554 1695/1404/554 
s 16
f 1694/1405/555 1693/1402/555 1697/1403/555 1696/1404/555 
s 32
f 1693/1405/556 1692/1402/556 1698/1403/556 1697/1404/556 
usemtl h
s 64
f 1692/1405/557 1691/1402/557 1695/1403/557 1698/1404/557 
# 6 polygons

#
# object Box310
#

v  96.4205 -1.0366 3.0175
v  96.4205 -1.0366 2.2917
v  86.4437 -1.0366 2.2917
v  86.4437 -1.0366 3.0175
v  96.4205 19.2834 3.0175
v  86.4437 19.2834 3.0175
v  86.4437 19.2834 2.2917
v  96.4205 19.2834 2.2917
# 8 vertices

vn 0.0000 -1.0000 0.0000
vn 0.0000 1.0000 -0.0000
vn -0.0000 0.0000 1.0000
vn -1.0000 0.0000 -0.0000
vn 0.0000 -0.0000 -1.0000
vn 1.0000 0.0000 -0.0000
# 6 vertex normals

vt 1.0000 0.0000 0.0000
vt 1.0000 1.0000 0.0000
vt 0.0000 1.0000 0.0000
vt 0.0000 0.0000 0.0000
# 4 texture coords

g Box310
usemtl 01___Default
s 2
f 1702/1409/558 1701/1408/558 1700/1407/558 1699/1406/558 
s 4
f 1706/1408/559 1705/1407/559 1704/1406/559 1703/1409/559 
s 8
f 1703/1408/560 1704/1407/560 1702/1406/560 1699/1409/560 
s 16
f 1704/1408/561 1705/1407/561 1701/1406/561 1702/1409/561 
s 32
f 1705/1408/562 1706/1407/562 1700/1406/562 1701/1409/562 
s 64
f 1706/1408/563 1703/1407/563 1699/1406/563 1700/1409/563 
# 6 polygons

#
# object Box366
#

v  109.4123 -1.0366 -28.5945
v  108.6865 -1.0366 -28.5945
v  108.6865 -1.0366 -18.6177
v  109.4123 -1.0366 -18.6177
v  109.4123 19.2834 -28.5945
v  109.4123 19.2834 -18.6177
v  108.6865 19.2834 -18.6177
v  108.6865 19.2834 -28.5945
# 8 vertices

vn 0.0000 -1.0000 -0.0000
vn 0.0000 1.0000 -0.0000
vn 1.0000 0.0000 0.0000
vn -0.0000 0.0000 1.0000
vn -1.0000 0.0000 -0.0000
vn 0.0000 0.0000 -1.0000
# 6 vertex normals

vt 1.0000 0.0000 0.0000
vt 1.0000 1.0000 0.0000
vt 0.0000 1.0000 0.0000
vt 0.0000 0.0000 0.0000
# 4 texture coords

g Box366
usemtl 01___Default
s 2
f 1710/1413/564 1709/1412/564 1708/1411/564 1707/1410/564 
s 4
f 1714/1412/565 1713/1411/565 1712/1410/565 1711/1413/565 
usemtl h
s 8
f 1711/1412/566 1712/1411/566 1710/1410/566 1707/1413/566 
usemtl 01___Default
s 16
f 1712/1412/567 1713/1411/567 1709/1410/567 1710/1413/567 
s 32
f 1713/1412/568 1714/1411/568 1708/1410/568 1709/1413/568 
s 64
f 1714/1412/569 1711/1411/569 1707/1410/569 1708/1413/569 
# 6 polygons

#
# object Box367
#

v  133.4465 -1.0135 -28.3287
v  108.7369 -1.0135 -28.3287
v  108.7369 -1.0135 -29.5987
v  133.4465 -1.0135 -29.5987
v  133.4465 19.3065 -28.3287
v  133.4465 19.3065 -29.5987
v  108.7369 19.3065 -29.5987
v  108.7369 19.3065 -28.3287
# 8 vertices

vn 0.0000 -1.0000 0.0000
vn -0.0000 1.0000 -0.0000
vn 1.0000 0.0000 0.0000
vn 0.0000 0.0000 -1.0000
vn -1.0000 -0.0000 -0.0000
vn -0.0000 0.0000 1.0000
# 6 vertex normals

vt 1.0000 0.0000 0.0000
vt 1.0000 1.0000 0.0000
vt 0.0000 1.0000 0.0000
vt 0.0000 0.0000 0.0000
# 4 texture coords

g Box367
usemtl 01___Default
s 2
f 1715/1414/570 1716/1415/570 1717/1416/570 1718/1417/570 
s 4
f 1719/1417/571 1720/1414/571 1721/1415/571 1722/1416/571 
s 8
f 1715/1417/572 1718/1414/572 1720/1415/572 1719/1416/572 
s 16
f 1718/1417/573 1717/1414/573 1721/1415/573 1720/1416/573 
s 32
f 1717/1417/574 1716/1414/574 1722/1415/574 1721/1416/574 
usemtl Material__309
s 64
f 1716/1417/575 1715/1414/575 1719/1415/575 1722/1416/575 
# 6 polygons

#
# object Cylinder078
#

v  87.1948 4.0354 2.9039
v  87.1948 4.7393 3.6078
v  87.1948 5.4432 2.9039
v  87.1948 4.7393 2.2000
v  87.2456 4.7393 3.6078
v  87.2456 5.4432 2.9039
v  87.2456 4.0354 2.9039
v  87.2456 4.7393 2.2000
v  87.2964 4.7393 3.6078
v  87.2964 5.4432 2.9039
v  87.2964 4.0354 2.9039
v  87.2964 4.7393 2.2000
v  87.3472 4.7393 3.6078
v  87.3472 5.4432 2.9039
v  87.3472 4.0354 2.9039
v  87.3472 4.7393 2.2000
v  87.3980 4.7393 3.6078
v  87.3980 5.4432 2.9039
v  87.3980 4.0354 2.9039
v  87.3980 4.7393 2.2000
v  87.4488 4.7393 3.6078
v  87.4488 5.4432 2.9039
v  87.4488 4.0354 2.9039
v  87.4488 4.7393 2.2000
# 24 vertices

vn -1.0000 0.0000 0.0000
vn 0.0000 1.0000 -0.0000
vn 0.0000 0.0000 1.0000
vn -0.0000 -1.0000 0.0000
vn -0.0000 -0.0000 -1.0000
vn 1.0000 -0.0000 -0.0000
# 6 vertex normals

vt 0.2500 0.0000 1.0000
vt 0.0000 0.0000 1.0000
vt -0.2500 0.0000 1.0000
vt 0.7500 0.0000 1.0000
vt 0.5000 0.0000 1.0000
vt 0.0000 0.2000 1.0000
vt -0.2500 0.2000 1.0000
vt 0.2500 0.2000 1.0000
vt 0.5000 0.2000 1.0000
vt 0.7500 0.2000 1.0000
vt 0.0000 0.4000 1.0000
vt -0.2500 0.4000 1.0000
vt 0.2500 0.4000 1.0000
vt 0.5000 0.4000 1.0000
vt 0.7500 0.4000 1.0000
vt 0.0000 0.6000 1.0000
vt -0.2500 0.6000 1.0000
vt 0.2500 0.6000 1.0000
vt 0.5000 0.6000 1.0000
vt 0.7500 0.6000 1.0000
vt 0.0000 0.8000 1.0000
vt -0.2500 0.8000 1.0000
vt 0.2500 0.8000 1.0000
vt 0.5000 0.8000 1.0000
vt 0.7500 0.8000 1.0000
vt 0.0000 1.0000 1.0000
vt -0.2500 1.0000 1.0000
vt 0.2500 1.0000 1.0000
vt 0.5000 1.0000 1.0000
vt 0.7500 1.0000 1.0000
vt 1.0000 1.0000 -1.0000
# 31 texture coords

g Cylinder078
usemtl 03___Defaulttyi
s 1
f 1723/1418/576 1724/1419/576 1725/1420/576 
f 1725/1421/576 1726/1422/576 1723/1418/576 
s 8
f 1725/1420/577 1724/1419/578 1727/1423/578 1728/1424/577 
f 1724/1419/578 1723/1418/579 1729/1425/579 1727/1423/578 
f 1723/1418/579 1726/1422/580 1730/1426/580 1729/1425/579 
f 1726/1422/580 1725/1421/577 1728/1427/577 1730/1426/580 
f 1728/1424/577 1727/1423/578 1731/1428/578 1732/1429/577 
f 1727/1423/578 1729/1425/579 1733/1430/579 1731/1428/578 
f 1729/1425/579 1730/1426/580 1734/1431/580 1733/1430/579 
f 1730/1426/580 1728/1427/577 1732/1432/577 1734/1431/580 
f 1732/1429/577 1731/1428/578 1735/1433/578 1736/1434/577 
f 1731/1428/578 1733/1430/579 1737/1435/579 1735/1433/578 
f 1733/1430/579 1734/1431/580 1738/1436/580 1737/1435/579 
f 1734/1431/580 1732/1432/577 1736/1437/577 1738/1436/580 
f 1736/1434/577 1735/1433/578 1739/1438/578 1740/1439/577 
f 1735/1433/578 1737/1435/579 1741/1440/579 1739/1438/578 
f 1737/1435/579 1738/1436/580 1742/1441/580 1741/1440/579 
f 1738/1436/580 1736/1437/577 1740/1442/577 1742/1441/580 
f 1740/1439/577 1739/1438/578 1743/1443/578 1744/1444/577 
f 1739/1438/578 1741/1440/579 1745/1445/579 1743/1443/578 
f 1741/1440/579 1742/1441/580 1746/1446/580 1745/1445/579 
f 1742/1441/580 1740/1442/577 1744/1447/577 1746/1446/580 
s 1
f 1746/1448/581 1744/1444/581 1743/1443/581 
f 1743/1443/581 1745/1445/581 1746/1446/581 
# 20 polygons - 4 triangles

#
# object Box376
#

v  59.0875 4.8230 23.1924
v  57.6482 4.8230 23.1924
v  57.6482 4.8230 21.7531
v  59.0875 4.8230 21.7531
v  57.6482 4.8230 20.3138
v  59.0875 4.8230 20.3138
v  57.6482 4.8230 18.8744
v  59.0875 4.8230 18.8744
v  56.2088 4.8230 23.1924
v  56.2088 4.8230 21.7531
v  56.2088 4.8230 20.3138
v  56.2088 4.8230 18.8744
v  54.7695 4.8230 23.1924
v  54.7695 4.8230 21.7531
v  54.7695 4.8230 20.3138
v  54.7695 4.8230 18.8744
v  59.0875 14.9830 23.1924
v  59.0875 14.9830 21.7531
v  57.6482 14.9830 21.7531
v  57.6482 14.9830 23.1924
v  59.0875 14.9830 20.3138
v  57.6482 14.9830 20.3138
v  59.0875 14.9830 18.8744
v  57.6482 14.9830 18.8744
v  56.2088 14.9830 21.7531
v  56.2088 14.9830 23.1924
v  56.2088 14.9830 20.3138
v  56.2088 14.9830 18.8744
v  54.7695 14.9830 21.7531
v  54.7695 14.9830 23.1924
v  54.7695 14.9830 20.3138
v  54.7695 14.9830 18.8744
v  59.0875 9.9030 21.7531
v  59.0875 9.9030 23.1924
v  59.5955 4.8230 21.7531
v  59.5955 4.8230 20.3138
v  59.5955 9.9030 20.3138
v  59.5955 9.9030 21.7531
v  59.0875 9.9030 18.8744
v  59.0875 9.9030 20.3138
v  59.5955 14.9830 20.3138
v  59.5955 14.9830 21.7531
v  57.6482 9.9030 18.8744
v  57.6482 4.8230 18.3664
v  56.2088 4.8230 18.3664
v  56.2088 9.9030 18.3664
v  57.6482 9.9030 18.3664
v  54.7695 9.9030 18.8744
v  56.2088 9.9030 18.8744
v  56.2088 14.9830 18.3664
v  57.6482 14.9830 18.3664
v  54.7695 9.9030 20.3138
v  54.2615 4.8230 20.3138
v  54.2615 4.8230 21.7531
v  54.2615 9.9030 21.7531
v  54.2615 9.9030 20.3138
v  54.7695 9.9030 23.1924
v  54.7695 9.9030 21.7531
v  54.2615 14.9830 21.7531
v  54.2615 14.9830 20.3138
v  56.2088 9.9030 23.1924
v  56.2088 4.8230 23.7004
v  57.6482 4.8230 23.7004
v  57.6482 9.9030 23.7004
v  56.2088 9.9030 23.7004
v  57.6482 9.9030 23.1924
v  57.6482 14.9830 23.7004
v  56.2088 14.9830 23.7004
# 68 vertices

vn 0.0000 -1.0000 -0.0000
vn 0.0000 1.0000 -0.0000
vn 1.0000 0.0000 -0.0000
vn -0.0000 0.0000 -1.0000
vn -0.0000 -0.0000 -1.0000
vn -1.0000 0.0000 0.0000
vn -1.0000 -0.0000 0.0000
vn 0.0000 0.0000 1.0000
vn 0.0000 -0.0000 1.0000
vn 1.0000 -0.0000 -0.0000
# 10 vertex normals

vt 1.0000 0.0000 0.0000
vt 1.0000 0.3333 0.0000
vt 0.6667 0.3333 0.0000
vt 0.6667 0.0000 0.0000
vt 0.3333 0.3333 0.0000
vt 0.3333 0.0000 0.0000
vt -0.0000 0.3333 0.0000
vt -0.0000 0.0000 0.0000
vt 1.0000 0.6667 0.0000
vt 0.6667 0.6667 0.0000
vt 0.3333 0.6667 0.0000
vt -0.0000 0.6667 0.0000
vt 1.0000 1.0000 0.0000
vt 0.6667 1.0000 0.0000
vt 0.3333 1.0000 0.0000
vt -0.0000 1.0000 0.0000
vt 0.0000 0.0000 0.0000
vt 0.0000 0.3333 0.0000
vt 0.0000 0.6667 0.0000
vt 0.0000 1.0000 0.0000
vt 0.3333 0.5000 0.0000
vt 0.0000 0.5000 0.0000
vt 0.6667 0.5000 0.0000
vt 1.0000 0.5000 0.0000
# 24 texture coords

g Box376
usemtl xdgh
s 2
f 1747/1449/582 1748/1450/582 1749/1451/582 1750/1452/582 
f 1750/1452/582 1749/1451/582 1751/1453/582 1752/1454/582 
f 1752/1454/582 1751/1453/582 1753/1455/582 1754/1456/582 
f 1748/1450/582 1755/1457/582 1756/1458/582 1749/1451/582 
f 1749/1451/582 1756/1458/582 1757/1459/582 1751/1453/582 
f 1751/1453/582 1757/1459/582 1758/1460/582 1753/1455/582 
f 1755/1457/582 1759/1461/582 1760/1462/582 1756/1458/582 
f 1756/1458/582 1760/1462/582 1761/1463/582 1757/1459/582 
f 1757/1459/582 1761/1463/582 1762/1464/582 1758/1460/582 
usemtl tfg
s 4
f 1763/1465/583 1764/1454/583 1765/1453/583 1766/1466/583 
f 1764/1454/583 1767/1452/583 1768/1451/583 1765/1453/583 
f 1767/1452/583 1769/1449/583 1770/1450/583 1768/1451/583 
f 1766/1466/583 1765/1453/583 1771/1459/583 1772/1467/583 
f 1765/1453/583 1768/1451/583 1773/1458/583 1771/1459/583 
f 1768/1451/583 1770/1450/583 1774/1457/583 1773/1458/583 
f 1772/1467/583 1771/1459/583 1775/1463/583 1776/1468/583 
f 1771/1459/583 1773/1458/583 1777/1462/583 1775/1463/583 
f 1773/1458/583 1774/1457/583 1778/1461/583 1777/1462/583 
usemtl xdgh
s 8
f 1747/1465/584 1750/1454/584 1779/1469/584 1780/1470/584 
f 1781/1454/584 1782/1452/584 1783/1471/584 1784/1469/584 
f 1752/1452/584 1754/1449/584 1785/1472/584 1786/1471/584 
usemtl tfg
f 1780/1470/584 1779/1469/584 1764/1463/584 1763/1468/584 
usemtl xdgh
f 1784/1469/584 1783/1471/584 1787/1462/584 1788/1463/584 
usemtl tfg
f 1786/1471/584 1785/1472/584 1769/1461/584 1767/1462/584 
usemtl xdgh
s 16
f 1754/1465/585 1753/1454/585 1789/1469/585 1785/1470/585 
f 1790/1454/586 1791/1452/586 1792/1471/585 1793/1469/585 
f 1758/1452/585 1762/1449/585 1794/1472/585 1795/1471/585 
usemtl tfg
f 1785/1470/585 1789/1469/585 1770/1463/585 1769/1468/585 
usemtl xdgh
f 1793/1469/585 1792/1471/585 1796/1462/585 1797/1463/585 
usemtl tfg
f 1795/1471/585 1794/1472/585 1778/1461/585 1774/1462/585 
usemtl xdgh
s 32
f 1762/1465/587 1761/1454/587 1798/1469/587 1794/1470/587 
f 1799/1454/588 1800/1452/588 1801/1471/587 1802/1469/587 
f 1760/1452/587 1759/1449/587 1803/1472/587 1804/1471/587 
usemtl tfg
f 1794/1470/587 1798/1469/587 1777/1463/587 1778/1468/587 
usemtl xdgh
f 1802/1469/587 1801/1471/587 1805/1462/587 1806/1463/587 
usemtl tfg
f 1804/1471/587 1803/1472/587 1776/1461/587 1775/1462/587 
usemtl xdgh
s 64
f 1759/1465/589 1755/1454/589 1807/1469/589 1803/1470/589 
f 1808/1454/589 1809/1452/589 1810/1471/589 1811/1469/589 
f 1748/1452/589 1747/1449/589 1780/1472/589 1812/1471/589 
usemtl tfg
f 1803/1470/589 1807/1469/589 1772/1463/589 1776/1468/589 
usemtl xdgh
f 1811/1469/589 1810/1471/589 1813/1462/589 1814/1463/589 
usemtl tfg
f 1812/1471/589 1780/1472/589 1763/1461/589 1766/1462/589 
usemtl xdgh
s off
f 1750/1452/582 1752/1454/582 1782/1452/582 1781/1454/582 
usemtl tfg
f 1752/1452/585 1786/1471/585 1783/1471/585 1782/1452/585 
f 1786/1471/585 1767/1462/585 1787/1462/585 1783/1471/585 
f 1767/1452/583 1764/1454/583 1788/1463/583 1787/1462/583 
usemtl 03___Defaulttyi
f 1764/1463/589 1779/1469/589 1784/1469/589 1788/1463/589 
f 1779/1469/589 1750/1454/589 1781/1454/589 1784/1469/589 
usemtl xdgh
f 1753/1455/582 1758/1460/582 1791/1452/582 1790/1454/582 
usemtl tfg
f 1758/1452/587 1795/1471/587 1792/1471/587 1791/1452/587 
f 1795/1471/587 1774/1462/587 1796/1462/587 1792/1471/587 
f 1774/1457/583 1770/1450/583 1797/1463/583 1796/1462/583 
f 1770/1463/584 1789/1469/584 1793/1469/584 1797/1463/584 
f 1789/1469/584 1753/1454/584 1790/1454/584 1793/1469/584 
usemtl xdgh
f 1761/1463/582 1760/1462/582 1800/1452/582 1799/1454/582 
usemtl tfg
f 1760/1452/589 1804/1471/589 1801/1471/589 1800/1452/589 
f 1804/1471/590 1775/1462/590 1805/1462/590 1801/1471/590 
f 1775/1463/583 1777/1462/583 1806/1463/583 1805/1462/583 
f 1777/1463/585 1798/1469/585 1802/1469/585 1806/1463/585 
f 1798/1469/586 1761/1454/586 1799/1454/586 1802/1469/586 
usemtl xdgh
f 1755/1457/582 1748/1450/582 1809/1452/582 1808/1454/582 
usemtl tfg
f 1748/1452/584 1812/1471/584 1810/1471/584 1809/1452/584 
f 1812/1471/591 1766/1462/591 1813/1462/591 1810/1471/591 
f 1766/1466/583 1772/1467/583 1814/1463/583 1813/1462/583 
f 1772/1463/587 1807/1469/587 1811/1469/587 1814/1463/587 
f 1807/1469/588 1755/1454/588 1808/1454/588 1811/1469/588 
# 66 polygons

#
# object Cylinder137
#

v  56.9709 9.1858 18.1443
v  56.2670 9.8897 18.1443
v  56.9709 10.5936 18.1443
v  57.6748 9.8897 18.1443
v  56.2670 9.8897 18.1951
v  56.9709 10.5936 18.1951
v  56.9709 9.1858 18.1951
v  57.6748 9.8897 18.1951
v  56.2670 9.8897 18.2459
v  56.9709 10.5936 18.2459
v  56.9709 9.1858 18.2459
v  57.6748 9.8897 18.2459
v  56.2670 9.8897 18.2967
v  56.9709 10.5936 18.2967
v  56.9709 9.1858 18.2967
v  57.6748 9.8897 18.2967
v  56.2670 9.8897 18.3475
v  56.9709 10.5936 18.3475
v  56.9709 9.1858 18.3475
v  57.6748 9.8897 18.3475
v  56.2670 9.8897 18.3983
v  56.9709 10.5936 18.3983
v  56.9709 9.1858 18.3983
v  57.6748 9.8897 18.3983
# 24 vertices

vn -0.0000 -0.0000 -1.0000
vn 0.0000 1.0000 -0.0000
vn -1.0000 0.0000 0.0000
vn -0.0000 -1.0000 0.0000
vn 1.0000 -0.0000 -0.0000
vn 0.0000 0.0000 1.0000
# 6 vertex normals

vt 0.2500 0.0000 1.0000
vt 0.0000 0.0000 1.0000
vt -0.2500 0.0000 1.0000
vt 0.7500 0.0000 1.0000
vt 0.5000 0.0000 1.0000
vt 0.0000 0.2000 1.0000
vt -0.2500 0.2000 1.0000
vt 0.2500 0.2000 1.0000
vt 0.5000 0.2000 1.0000
vt 0.7500 0.2000 1.0000
vt 0.0000 0.4000 1.0000
vt -0.2500 0.4000 1.0000
vt 0.2500 0.4000 1.0000
vt 0.5000 0.4000 1.0000
vt 0.7500 0.4000 1.0000
vt 0.0000 0.6000 1.0000
vt -0.2500 0.6000 1.0000
vt 0.2500 0.6000 1.0000
vt 0.5000 0.6000 1.0000
vt 0.7500 0.6000 1.0000
vt 0.0000 0.8000 1.0000
vt -0.2500 0.8000 1.0000
vt 0.2500 0.8000 1.0000
vt 0.5000 0.8000 1.0000
vt 0.7500 0.8000 1.0000
vt 0.0000 1.0000 1.0000
vt -0.2500 1.0000 1.0000
vt 0.2500 1.0000 1.0000
vt 0.5000 1.0000 1.0000
vt 0.7500 1.0000 1.0000
vt 1.0000 1.0000 -1.0000
# 31 texture coords

g Cylinder137
usemtl 03___Defaulttyi
s 1
f 1815/1473/592 1816/1474/592 1817/1475/592 
f 1817/1476/592 1818/1477/592 1815/1473/592 
s 8
f 1817/1475/593 1816/1474/594 1819/1478/594 1820/1479/593 
f 1816/1474/594 1815/1473/595 1821/1480/595 1819/1478/594 
f 1815/1473/595 1818/1477/596 1822/1481/596 1821/1480/595 
f 1818/1477/596 1817/1476/593 1820/1482/593 1822/1481/596 
f 1820/1479/593 1819/1478/594 1823/1483/594 1824/1484/593 
f 1819/1478/594 1821/1480/595 1825/1485/595 1823/1483/594 
f 1821/1480/595 1822/1481/596 1826/1486/596 1825/1485/595 
f 1822/1481/596 1820/1482/593 1824/1487/593 1826/1486/596 
f 1824/1484/593 1823/1483/594 1827/1488/594 1828/1489/593 
f 1823/1483/594 1825/1485/595 1829/1490/595 1827/1488/594 
f 1825/1485/595 1826/1486/596 1830/1491/596 1829/1490/595 
f 1826/1486/596 1824/1487/593 1828/1492/593 1830/1491/596 
f 1828/1489/593 1827/1488/594 1831/1493/594 1832/1494/593 
f 1827/1488/594 1829/1490/595 1833/1495/595 1831/1493/594 
f 1829/1490/595 1830/1491/596 1834/1496/596 1833/1495/595 
f 1830/1491/596 1828/1492/593 1832/1497/593 1834/1496/596 
f 1832/1494/593 1831/1493/594 1835/1498/594 1836/1499/593 
f 1831/1493/594 1833/1495/595 1837/1500/595 1835/1498/594 
f 1833/1495/595 1834/1496/596 1838/1501/596 1837/1500/595 
f 1834/1496/596 1832/1497/593 1836/1502/593 1838/1501/596 
s 1
f 1838/1503/597 1836/1499/597 1835/1498/597 
f 1835/1498/597 1837/1500/597 1838/1501/597 
# 20 polygons - 4 triangles

#
# object Box378
#

v  59.4685 9.7221 23.5734
v  54.3885 9.7221 23.5734
v  54.3885 9.7221 18.4934
v  59.4685 9.7221 18.4934
v  59.4685 9.9761 23.5734
v  59.4685 9.9761 18.4934
v  54.3885 9.9761 18.4934
v  54.3885 9.9761 23.5734
# 8 vertices

vn 0.0000 -1.0000 -0.0000
vn 0.0000 1.0000 -0.0000
vn 1.0000 0.0000 -0.0000
vn -0.0000 0.0000 -1.0000
vn -1.0000 0.0000 0.0000
vn 0.0000 0.0000 1.0000
# 6 vertex normals

vt 1.0000 0.0000 0.0000
vt 1.0000 1.0000 0.0000
vt 0.0000 1.0000 0.0000
vt 0.0000 0.0000 0.0000
# 4 texture coords

g Box378
usemtl cvj
s 2
f 1839/1504/598 1840/1505/598 1841/1506/598 1842/1507/598 
s 4
f 1843/1507/599 1844/1504/599 1845/1505/599 1846/1506/599 
s 8
f 1839/1507/600 1842/1504/600 1844/1505/600 1843/1506/600 
s 16
f 1842/1507/601 1841/1504/601 1845/1505/601 1844/1506/601 
s 32
f 1841/1507/602 1840/1504/602 1846/1505/602 1845/1506/602 
s 64
f 1840/1507/603 1839/1504/603 1843/1505/603 1846/1506/603 
# 6 polygons

#
# object Cylinder139
#

v  59.5095 9.1858 21.0180
v  59.5095 9.8897 21.7219
v  59.5095 10.5936 21.0180
v  59.5095 9.8897 20.3141
v  59.5603 9.8897 21.7219
v  59.5603 10.5936 21.0180
v  59.5603 9.1858 21.0180
v  59.5603 9.8897 20.3141
v  59.6111 9.8897 21.7219
v  59.6111 10.5936 21.0180
v  59.6111 9.1858 21.0180
v  59.6111 9.8897 20.3141
v  59.6619 9.8897 21.7219
v  59.6619 10.5936 21.0180
v  59.6619 9.1858 21.0180
v  59.6619 9.8897 20.3141
v  59.7127 9.8897 21.7219
v  59.7127 10.5936 21.0180
v  59.7127 9.1858 21.0180
v  59.7127 9.8897 20.3141
v  59.7635 9.8897 21.7219
v  59.7635 10.5936 21.0180
v  59.7635 9.1858 21.0180
v  59.7635 9.8897 20.3141
# 24 vertices

vn -1.0000 0.0000 0.0000
vn 0.0000 1.0000 -0.0000
vn 0.0000 0.0000 1.0000
vn -0.0000 -1.0000 0.0000
vn -0.0000 -0.0000 -1.0000
vn 1.0000 -0.0000 -0.0000
# 6 vertex normals

vt 0.2500 0.0000 1.0000
vt 0.0000 0.0000 1.0000
vt -0.2500 0.0000 1.0000
vt 0.7500 0.0000 1.0000
vt 0.5000 0.0000 1.0000
vt 0.0000 0.2000 1.0000
vt -0.2500 0.2000 1.0000
vt 0.2500 0.2000 1.0000
vt 0.5000 0.2000 1.0000
vt 0.7500 0.2000 1.0000
vt 0.0000 0.4000 1.0000
vt -0.2500 0.4000 1.0000
vt 0.2500 0.4000 1.0000
vt 0.5000 0.4000 1.0000
vt 0.7500 0.4000 1.0000
vt 0.0000 0.6000 1.0000
vt -0.2500 0.6000 1.0000
vt 0.2500 0.6000 1.0000
vt 0.5000 0.6000 1.0000
vt 0.7500 0.6000 1.0000
vt 0.0000 0.8000 1.0000
vt -0.2500 0.8000 1.0000
vt 0.2500 0.8000 1.0000
vt 0.5000 0.8000 1.0000
vt 0.7500 0.8000 1.0000
vt 0.0000 1.0000 1.0000
vt -0.2500 1.0000 1.0000
vt 0.2500 1.0000 1.0000
vt 0.5000 1.0000 1.0000
vt 0.7500 1.0000 1.0000
vt 1.0000 1.0000 -1.0000
# 31 texture coords

g Cylinder139
usemtl 03___Defaulttyi
s 1
f 1847/1508/604 1848/1509/604 1849/1510/604 
f 1849/1511/604 1850/1512/604 1847/1508/604 
s 8
f 1849/1510/605 1848/1509/606 1851/1513/606 1852/1514/605 
f 1848/1509/606 1847/1508/607 1853/1515/607 1851/1513/606 
f 1847/1508/607 1850/1512/608 1854/1516/608 1853/1515/607 
f 1850/1512/608 1849/1511/605 1852/1517/605 1854/1516/608 
f 1852/1514/605 1851/1513/606 1855/1518/606 1856/1519/605 
f 1851/1513/606 1853/1515/607 1857/1520/607 1855/1518/606 
f 1853/1515/607 1854/1516/608 1858/1521/608 1857/1520/607 
f 1854/1516/608 1852/1517/605 1856/1522/605 1858/1521/608 
f 1856/1519/605 1855/1518/606 1859/1523/606 1860/1524/605 
f 1855/1518/606 1857/1520/607 1861/1525/607 1859/1523/606 
f 1857/1520/607 1858/1521/608 1862/1526/608 1861/1525/607 
f 1858/1521/608 1856/1522/605 1860/1527/605 1862/1526/608 
f 1860/1524/605 1859/1523/606 1863/1528/606 1864/1529/605 
f 1859/1523/606 1861/1525/607 1865/1530/607 1863/1528/606 
f 1861/1525/607 1862/1526/608 1866/1531/608 1865/1530/607 
f 1862/1526/608 1860/1527/605 1864/1532/605 1866/1531/608 
f 1864/1529/605 1863/1528/606 1867/1533/606 1868/1534/605 
f 1863/1528/606 1865/1530/607 1869/1535/607 1867/1533/606 
f 1865/1530/607 1866/1531/608 1870/1536/608 1869/1535/607 
f 1866/1531/608 1864/1532/605 1868/1537/605 1870/1536/608 
s 1
f 1870/1538/609 1868/1534/609 1867/1533/609 
f 1867/1533/609 1869/1535/609 1870/1536/609 
# 20 polygons - 4 triangles

#
# object Box377
#

v  59.3415 4.8230 23.4464
v  54.5155 4.8230 23.4464
v  54.5155 4.8230 18.6204
v  59.3415 4.8230 18.6204
v  59.3415 6.0930 23.4464
v  59.3415 6.0930 18.6204
v  54.5155 6.0930 18.6204
v  54.5155 6.0930 23.4464
# 8 vertices

vn 0.0000 -1.0000 -0.0000
vn 0.0000 1.0000 -0.0000
vn 1.0000 0.0000 -0.0000
vn -0.0000 0.0000 -1.0000
vn -1.0000 0.0000 0.0000
vn 0.0000 0.0000 1.0000
# 6 vertex normals

vt 1.0000 0.0000 0.0000
vt 1.0000 1.0000 0.0000
vt 0.0000 1.0000 0.0000
vt 0.0000 0.0000 0.0000
# 4 texture coords

g Box377
usemtl tfg
s 2
f 1871/1539/610 1872/1540/610 1873/1541/610 1874/1542/610 
s 4
f 1875/1542/611 1876/1539/611 1877/1540/611 1878/1541/611 
s 8
f 1871/1542/612 1874/1539/612 1876/1540/612 1875/1541/612 
s 16
f 1874/1542/613 1873/1539/613 1877/1540/613 1876/1541/613 
s 32
f 1873/1542/614 1872/1539/614 1878/1540/614 1877/1541/614 
s 64
f 1872/1542/615 1871/1539/615 1875/1540/615 1878/1541/615 
# 6 polygons

#
# object Cylinder136
#

v  54.0285 9.1858 21.0180
v  54.0285 9.8897 21.7219
v  54.0285 10.5936 21.0180
v  54.0285 9.8897 20.3141
v  54.0793 9.8897 21.7219
v  54.0793 10.5936 21.0180
v  54.0793 9.1858 21.0180
v  54.0793 9.8897 20.3141
v  54.1301 9.8897 21.7219
v  54.1301 10.5936 21.0180
v  54.1301 9.1858 21.0180
v  54.1301 9.8897 20.3141
v  54.1809 9.8897 21.7219
v  54.1809 10.5936 21.0180
v  54.1809 9.1858 21.0180
v  54.1809 9.8897 20.3141
v  54.2317 9.8897 21.7219
v  54.2317 10.5936 21.0180
v  54.2317 9.1858 21.0180
v  54.2317 9.8897 20.3141
v  54.2825 9.8897 21.7219
v  54.2825 10.5936 21.0180
v  54.2825 9.1858 21.0180
v  54.2825 9.8897 20.3141
# 24 vertices

vn -1.0000 0.0000 0.0000
vn 0.0000 1.0000 -0.0000
vn 0.0000 0.0000 1.0000
vn -0.0000 -1.0000 0.0000
vn -0.0000 -0.0000 -1.0000
vn 1.0000 -0.0000 -0.0000
# 6 vertex normals

vt 0.2500 0.0000 1.0000
vt 0.0000 0.0000 1.0000
vt -0.2500 0.0000 1.0000
vt 0.7500 0.0000 1.0000
vt 0.5000 0.0000 1.0000
vt 0.0000 0.2000 1.0000
vt -0.2500 0.2000 1.0000
vt 0.2500 0.2000 1.0000
vt 0.5000 0.2000 1.0000
vt 0.7500 0.2000 1.0000
vt 0.0000 0.4000 1.0000
vt -0.2500 0.4000 1.0000
vt 0.2500 0.4000 1.0000
vt 0.5000 0.4000 1.0000
vt 0.7500 0.4000 1.0000
vt 0.0000 0.6000 1.0000
vt -0.2500 0.6000 1.0000
vt 0.2500 0.6000 1.0000
vt 0.5000 0.6000 1.0000
vt 0.7500 0.6000 1.0000
vt 0.0000 0.8000 1.0000
vt -0.2500 0.8000 1.0000
vt 0.2500 0.8000 1.0000
vt 0.5000 0.8000 1.0000
vt 0.7500 0.8000 1.0000
vt 0.0000 1.0000 1.0000
vt -0.2500 1.0000 1.0000
vt 0.2500 1.0000 1.0000
vt 0.5000 1.0000 1.0000
vt 0.7500 1.0000 1.0000
vt 1.0000 1.0000 -1.0000
# 31 texture coords

g Cylinder136
usemtl 03___Defaulttyi
s 1
f 1879/1543/616 1880/1544/616 1881/1545/616 
f 1881/1546/616 1882/1547/616 1879/1543/616 
s 8
f 1881/1545/617 1880/1544/618 1883/1548/618 1884/1549/617 
f 1880/1544/618 1879/1543/619 1885/1550/619 1883/1548/618 
f 1879/1543/619 1882/1547/620 1886/1551/620 1885/1550/619 
f 1882/1547/620 1881/1546/617 1884/1552/617 1886/1551/620 
f 1884/1549/617 1883/1548/618 1887/1553/618 1888/1554/617 
f 1883/1548/618 1885/1550/619 1889/1555/619 1887/1553/618 
f 1885/1550/619 1886/1551/620 1890/1556/620 1889/1555/619 
f 1886/1551/620 1884/1552/617 1888/1557/617 1890/1556/620 
f 1888/1554/617 1887/1553/618 1891/1558/618 1892/1559/617 
f 1887/1553/618 1889/1555/619 1893/1560/619 1891/1558/618 
f 1889/1555/619 1890/1556/620 1894/1561/620 1893/1560/619 
f 1890/1556/620 1888/1557/617 1892/1562/617 1894/1561/620 
f 1892/1559/617 1891/1558/618 1895/1563/618 1896/1564/617 
f 1891/1558/618 1893/1560/619 1897/1565/619 1895/1563/618 
f 1893/1560/619 1894/1561/620 1898/1566/620 1897/1565/619 
f 1894/1561/620 1892/1562/617 1896/1567/617 1898/1566/620 
f 1896/1564/617 1895/1563/618 1899/1568/618 1900/1569/617 
f 1895/1563/618 1897/1565/619 1901/1570/619 1899/1568/618 
f 1897/1565/619 1898/1566/620 1902/1571/620 1901/1570/619 
f 1898/1566/620 1896/1567/617 1900/1572/617 1902/1571/620 
s 1
f 1902/1573/621 1900/1569/621 1899/1568/621 
f 1899/1568/621 1901/1570/621 1902/1571/621 
# 20 polygons - 4 triangles

#
# object Cylinder138
#

v  56.9709 9.1858 23.6030
v  56.2670 9.8897 23.6030
v  56.9709 10.5936 23.6030
v  57.6748 9.8897 23.6030
v  56.2670 9.8897 23.6538
v  56.9709 10.5936 23.6538
v  56.9709 9.1858 23.6538
v  57.6748 9.8897 23.6538
v  56.2670 9.8897 23.7046
v  56.9709 10.5936 23.7046
v  56.9709 9.1858 23.7046
v  57.6748 9.8897 23.7046
v  56.2670 9.8897 23.7554
v  56.9709 10.5936 23.7554
v  56.9709 9.1858 23.7554
v  57.6748 9.8897 23.7554
v  56.2670 9.8897 23.8062
v  56.9709 10.5936 23.8062
v  56.9709 9.1858 23.8062
v  57.6748 9.8897 23.8062
v  56.2670 9.8897 23.8570
v  56.9709 10.5936 23.8570
v  56.9709 9.1858 23.8570
v  57.6748 9.8897 23.8570
# 24 vertices

vn -0.0000 -0.0000 -1.0000
vn 0.0000 1.0000 -0.0000
vn -1.0000 0.0000 0.0000
vn -0.0000 -1.0000 0.0000
vn 1.0000 -0.0000 -0.0000
vn 0.0000 0.0000 1.0000
# 6 vertex normals

vt 0.2500 0.0000 1.0000
vt 0.0000 0.0000 1.0000
vt -0.2500 0.0000 1.0000
vt 0.7500 0.0000 1.0000
vt 0.5000 0.0000 1.0000
vt 0.0000 0.2000 1.0000
vt -0.2500 0.2000 1.0000
vt 0.2500 0.2000 1.0000
vt 0.5000 0.2000 1.0000
vt 0.7500 0.2000 1.0000
vt 0.0000 0.4000 1.0000
vt -0.2500 0.4000 1.0000
vt 0.2500 0.4000 1.0000
vt 0.5000 0.4000 1.0000
vt 0.7500 0.4000 1.0000
vt 0.0000 0.6000 1.0000
vt -0.2500 0.6000 1.0000
vt 0.2500 0.6000 1.0000
vt 0.5000 0.6000 1.0000
vt 0.7500 0.6000 1.0000
vt 0.0000 0.8000 1.0000
vt -0.2500 0.8000 1.0000
vt 0.2500 0.8000 1.0000
vt 0.5000 0.8000 1.0000
vt 0.7500 0.8000 1.0000
vt 0.0000 1.0000 1.0000
vt -0.2500 1.0000 1.0000
vt 0.2500 1.0000 1.0000
vt 0.5000 1.0000 1.0000
vt 0.7500 1.0000 1.0000
vt 1.0000 1.0000 -1.0000
# 31 texture coords

g Cylinder138
usemtl 03___Defaulttyi
s 1
f 1903/1574/622 1904/1575/622 1905/1576/622 
f 1905/1577/622 1906/1578/622 1903/1574/622 
s 8
f 1905/1576/623 1904/1575/624 1907/1579/624 1908/1580/623 
f 1904/1575/624 1903/1574/625 1909/1581/625 1907/1579/624 
f 1903/1574/625 1906/1578/626 1910/1582/626 1909/1581/625 
f 1906/1578/626 1905/1577/623 1908/1583/623 1910/1582/626 
f 1908/1580/623 1907/1579/624 1911/1584/624 1912/1585/623 
f 1907/1579/624 1909/1581/625 1913/1586/625 1911/1584/624 
f 1909/1581/625 1910/1582/626 1914/1587/626 1913/1586/625 
f 1910/1582/626 1908/1583/623 1912/1588/623 1914/1587/626 
f 1912/1585/623 1911/1584/624 1915/1589/624 1916/1590/623 
f 1911/1584/624 1913/1586/625 1917/1591/625 1915/1589/624 
f 1913/1586/625 1914/1587/626 1918/1592/626 1917/1591/625 
f 1914/1587/626 1912/1588/623 1916/1593/623 1918/1592/626 
f 1916/1590/623 1915/1589/624 1919/1594/624 1920/1595/623 
f 1915/1589/624 1917/1591/625 1921/1596/625 1919/1594/624 
f 1917/1591/625 1918/1592/626 1922/1597/626 1921/1596/625 
f 1918/1592/626 1916/1593/623 1920/1598/623 1922/1597/626 
f 1920/1595/623 1919/1594/624 1923/1599/624 1924/1600/623 
f 1919/1594/624 1921/1596/625 1925/1601/625 1923/1599/624 
f 1921/1596/625 1922/1597/626 1926/1602/626 1925/1601/625 
f 1922/1597/626 1920/1598/623 1924/1603/623 1926/1602/626 
s 1
f 1926/1604/627 1924/1600/627 1923/1599/627 
f 1923/1599/627 1925/1601/627 1926/1602/627 
# 20 polygons - 4 triangles

#
# object Box374
#

v  58.8779 14.9296 22.9091
v  57.6210 14.9296 22.9091
v  57.6210 14.9296 21.6521
v  58.8779 14.9296 21.6521
v  57.6210 14.9296 20.3952
v  58.8779 14.9296 20.3952
v  57.6210 14.9296 19.1383
v  58.8779 14.9296 19.1383
v  56.3641 14.9296 22.9091
v  56.3641 14.9296 21.6521
v  56.3641 14.9296 20.3952
v  56.3641 14.9296 19.1383
v  55.1072 14.9296 22.9091
v  55.1072 14.9296 21.6521
v  55.1072 14.9296 20.3952
v  55.1072 14.9296 19.1383
v  58.8779 30.3120 22.9091
v  58.8779 30.3120 21.6521
v  57.6210 30.3120 21.6521
v  57.6210 30.3120 22.9091
v  58.8779 30.3120 20.3952
v  57.6210 30.3120 20.3952
v  58.8779 30.3120 19.1383
v  57.6210 30.3120 19.1383
v  56.3641 30.3120 21.6521
v  56.3641 30.3120 22.9091
v  56.3641 30.3120 20.3952
v  56.3641 30.3120 19.1383
v  55.1072 30.3120 21.6521
v  55.1072 30.3120 22.9091
v  55.1072 30.3120 20.3952
v  55.1072 30.3120 19.1383
v  58.8779 22.2659 21.6521
v  58.8779 22.2659 22.9091
v  59.3216 14.9296 21.6521
v  59.3216 14.9296 20.3952
v  59.3216 22.2659 20.3952
v  59.3216 22.2659 21.6521
v  58.8779 22.2659 19.1383
v  58.8779 22.2659 20.3952
v  59.3216 30.3120 20.3952
v  59.3216 30.3120 21.6521
v  57.6210 22.2659 19.1383
v  57.6210 14.9296 18.6947
v  56.3641 14.9296 18.6947
v  56.3641 22.2659 18.6947
v  57.6210 22.2659 18.6947
v  55.1072 22.2659 19.1383
v  56.3641 22.2659 19.1383
v  56.3641 30.3120 18.6947
v  57.6210 30.3120 18.6947
v  55.1072 22.2659 20.3952
v  54.6636 14.9296 20.3952
v  54.6636 14.9296 21.6521
v  54.6636 22.2659 21.6521
v  54.6636 22.2659 20.3952
v  55.1072 22.2659 22.9091
v  55.1072 22.2659 21.6521
v  54.6636 30.3120 21.6521
v  54.6636 30.3120 20.3952
v  56.3641 22.2659 22.9091
v  56.3641 14.9296 23.3527
v  57.6210 14.9296 23.3527
v  57.6210 22.2659 23.3527
v  56.3641 22.2659 23.3527
v  57.6210 22.2659 22.9091
v  57.6210 30.3120 23.3527
v  56.3641 30.3120 23.3527
# 68 vertices

vn 0.0000 -1.0000 -0.0000
vn 0.0000 1.0000 -0.0000
vn 1.0000 -0.0000 -0.0000
vn 1.0000 0.0000 -0.0000
vn -0.0000 -0.0000 -1.0000
vn -0.0000 0.0000 -1.0000
vn -1.0000 -0.0000 0.0000
vn -1.0000 0.0000 0.0000
vn 0.0000 -0.0000 1.0000
vn 0.0000 0.0000 1.0000
# 10 vertex normals

vt 1.0000 0.0000 0.0000
vt 1.0000 0.3333 0.0000
vt 0.6667 0.3333 0.0000
vt 0.6667 0.0000 0.0000
vt 0.3333 0.3333 0.0000
vt 0.3333 0.0000 0.0000
vt -0.0000 0.3333 0.0000
vt -0.0000 0.0000 0.0000
vt 1.0000 0.6667 0.0000
vt 0.6667 0.6667 0.0000
vt 0.3333 0.6667 0.0000
vt -0.0000 0.6667 0.0000
vt 1.0000 1.0000 0.0000
vt 0.6667 1.0000 0.0000
vt 0.3333 1.0000 0.0000
vt -0.0000 1.0000 0.0000
vt 0.0000 0.0000 0.0000
vt 0.0000 0.3333 0.0000
vt 0.0000 0.6667 0.0000
vt 0.0000 1.0000 0.0000
vt 0.3333 0.5000 0.0000
vt 0.0000 0.5000 0.0000
vt 0.6667 0.5000 0.0000
vt 1.0000 0.5000 0.0000
# 24 texture coords

g Box374
usemtl xdgh
s 2
f 1927/1605/628 1928/1606/628 1929/1607/628 1930/1608/628 
f 1930/1608/628 1929/1607/628 1931/1609/628 1932/1610/628 
f 1932/1610/628 1931/1609/628 1933/1611/628 1934/1612/628 
f 1928/1606/628 1935/1613/628 1936/1614/628 1929/1607/628 
f 1929/1607/628 1936/1614/628 1937/1615/628 1931/1609/628 
f 1931/1609/628 1937/1615/628 1938/1616/628 1933/1611/628 
f 1935/1613/628 1939/1617/628 1940/1618/628 1936/1614/628 
f 1936/1614/628 1940/1618/628 1941/1619/628 1937/1615/628 
f 1937/1615/628 1941/1619/628 1942/1620/628 1938/1616/628 
s 4
f 1943/1621/629 1944/1610/629 1945/1609/629 1946/1622/629 
f 1944/1610/629 1947/1608/629 1948/1607/629 1945/1609/629 
f 1947/1608/629 1949/1605/629 1950/1606/629 1948/1607/629 
f 1946/1622/629 1945/1609/629 1951/1615/629 1952/1623/629 
f 1945/1609/629 1948/1607/629 1953/1614/629 1951/1615/629 
f 1948/1607/629 1950/1606/629 1954/1613/629 1953/1614/629 
f 1952/1623/629 1951/1615/629 1955/1619/629 1956/1624/629 
f 1951/1615/629 1953/1614/629 1957/1618/629 1955/1619/629 
f 1953/1614/629 1954/1613/629 1958/1617/629 1957/1618/629 
s 8
f 1927/1621/630 1930/1610/630 1959/1625/630 1960/1626/630 
f 1961/1610/630 1962/1608/630 1963/1627/630 1964/1625/630 
f 1932/1608/630 1934/1605/630 1965/1628/630 1966/1627/630 
f 1960/1626/630 1959/1625/630 1944/1619/631 1943/1624/631 
f 1964/1625/630 1963/1627/630 1967/1618/631 1968/1619/631 
f 1966/1627/630 1965/1628/630 1949/1617/631 1947/1618/631 
s 16
f 1934/1621/632 1933/1610/632 1969/1625/632 1965/1626/632 
f 1970/1610/632 1971/1608/632 1972/1627/632 1973/1625/632 
f 1938/1608/632 1942/1605/632 1974/1628/632 1975/1627/632 
f 1965/1626/632 1969/1625/632 1950/1619/633 1949/1624/633 
f 1973/1625/632 1972/1627/632 1976/1618/633 1977/1619/633 
f 1975/1627/632 1974/1628/632 1958/1617/633 1954/1618/633 
s 32
f 1942/1621/634 1941/1610/634 1978/1625/634 1974/1626/634 
f 1979/1610/634 1980/1608/634 1981/1627/634 1982/1625/634 
f 1940/1608/634 1939/1605/634 1983/1628/634 1984/1627/634 
f 1974/1626/634 1978/1625/634 1957/1619/635 1958/1624/635 
f 1982/1625/634 1981/1627/634 1985/1618/635 1986/1619/635 
f 1984/1627/634 1983/1628/634 1956/1617/635 1955/1618/635 
s 64
f 1939/1621/636 1935/1610/636 1987/1625/636 1983/1626/636 
f 1988/1610/636 1989/1608/636 1990/1627/636 1991/1625/636 
f 1928/1608/636 1927/1605/636 1960/1628/636 1992/1627/636 
f 1983/1626/636 1987/1625/636 1952/1619/637 1956/1624/637 
f 1991/1625/636 1990/1627/636 1993/1618/637 1994/1619/637 
f 1992/1627/636 1960/1628/636 1943/1617/637 1946/1618/637 
s off
f 1930/1608/628 1932/1610/628 1962/1608/628 1961/1610/628 
usemtl tfg
f 1932/1608/632 1966/1627/632 1963/1627/632 1962/1608/632 
f 1966/1627/633 1947/1618/633 1967/1618/633 1963/1627/633 
usemtl xdgh
f 1947/1608/629 1944/1610/629 1968/1619/629 1967/1618/629 
usemtl tfg
f 1944/1619/637 1959/1625/637 1964/1625/637 1968/1619/637 
f 1959/1625/637 1930/1610/637 1961/1610/637 1964/1625/637 
usemtl xdgh
f 1933/1611/628 1938/1616/628 1971/1608/628 1970/1610/628 
usemtl tfg
f 1938/1608/634 1975/1627/634 1972/1627/634 1971/1608/634 
f 1975/1627/635 1954/1618/635 1976/1618/635 1972/1627/635 
usemtl xdgh
f 1954/1613/629 1950/1606/629 1977/1619/629 1976/1618/629 
usemtl tfg
f 1950/1619/631 1969/1625/631 1973/1625/631 1977/1619/631 
f 1969/1625/631 1933/1610/631 1970/1610/631 1973/1625/631 
usemtl xdgh
f 1941/1619/628 1940/1618/628 1980/1608/628 1979/1610/628 
usemtl tfg
f 1940/1608/637 1984/1627/637 1981/1627/637 1980/1608/637 
f 1984/1627/636 1955/1618/636 1985/1618/636 1981/1627/636 
usemtl xdgh
f 1955/1619/629 1957/1618/629 1986/1619/629 1985/1618/629 
usemtl tfg
f 1957/1619/633 1978/1625/633 1982/1625/633 1986/1619/633 
f 1978/1625/632 1941/1610/632 1979/1610/632 1982/1625/632 
usemtl xdgh
f 1935/1613/628 1928/1606/628 1989/1608/628 1988/1610/628 
usemtl tfg
f 1928/1608/631 1992/1627/631 1990/1627/631 1989/1608/631 
f 1992/1627/630 1946/1618/630 1993/1618/630 1990/1627/630 
usemtl xdgh
f 1946/1622/629 1952/1623/629 1994/1619/629 1993/1618/629 
usemtl tfg
f 1952/1619/635 1987/1625/635 1991/1625/635 1994/1619/635 
f 1987/1625/634 1935/1610/634 1988/1610/634 1991/1625/634 
# 66 polygons

#
# object Box375
#

v  59.0246 30.6175 23.0557
v  54.9606 30.6175 23.0557
v  54.9606 30.6175 18.9917
v  59.0246 30.6175 18.9917
v  59.0246 31.3021 23.0557
v  59.0246 31.3021 18.9917
v  54.9606 31.3021 18.9917
v  54.9606 31.3021 23.0557
v  59.4056 30.1476 23.4367
v  54.5796 30.1476 23.4367
v  54.5796 30.1476 18.6107
v  59.4056 30.1476 18.6107
v  59.4056 30.6556 23.4367
v  59.4056 30.6556 18.6107
v  54.5796 30.6556 18.6107
v  54.5796 30.6556 23.4367
# 16 vertices

vn 0.0000 -1.0000 -0.0000
vn 0.0000 1.0000 -0.0000
vn 1.0000 0.0000 -0.0000
vn -0.0000 0.0000 -1.0000
vn -1.0000 0.0000 0.0000
vn 0.0000 0.0000 1.0000
# 6 vertex normals

vt 1.0000 0.0000 0.0000
vt 1.0000 1.0000 0.0000
vt 0.0000 1.0000 0.0000
vt 0.0000 0.0000 0.0000
# 4 texture coords

g Box375
usemtl tfg
s 2
f 1995/1629/638 1996/1630/638 1997/1631/638 1998/1632/638 
s 4
f 1999/1632/639 2000/1629/639 2001/1630/639 2002/1631/639 
s 8
f 1995/1632/640 1998/1629/640 2000/1630/640 1999/1631/640 
s 16
f 1998/1632/641 1997/1629/641 2001/1630/641 2000/1631/641 
s 32
f 1997/1632/642 1996/1629/642 2002/1630/642 2001/1631/642 
s 64
f 1996/1632/643 1995/1629/643 1999/1630/643 2002/1631/643 
s 2
f 2003/1629/638 2004/1630/638 2005/1631/638 2006/1632/638 
s 4
f 2007/1632/639 2008/1629/639 2009/1630/639 2010/1631/639 
s 8
f 2003/1632/640 2006/1629/640 2008/1630/640 2007/1631/640 
s 16
f 2006/1632/641 2005/1629/641 2009/1630/641 2008/1631/641 
s 32
f 2005/1632/642 2004/1629/642 2010/1630/642 2009/1631/642 
s 64
f 2004/1632/643 2003/1629/643 2007/1630/643 2010/1631/643 
# 12 polygons

#
# object Box379
#

v  0.3018 14.9296 22.9091
v  -0.9551 14.9296 22.9091
v  -0.9551 14.9296 21.6521
v  0.3018 14.9296 21.6521
v  -0.9551 14.9296 20.3952
v  0.3018 14.9296 20.3952
v  -0.9551 14.9296 19.1383
v  0.3018 14.9296 19.1383
v  -2.2121 14.9296 22.9091
v  -2.2121 14.9296 21.6521
v  -2.2121 14.9296 20.3952
v  -2.2121 14.9296 19.1383
v  -3.4690 14.9296 22.9091
v  -3.4690 14.9296 21.6521
v  -3.4690 14.9296 20.3952
v  -3.4690 14.9296 19.1383
v  0.3018 30.3120 22.9091
v  0.3018 30.3120 21.6521
v  -0.9551 30.3120 21.6521
v  -0.9551 30.3120 22.9091
v  0.3018 30.3120 20.3952
v  -0.9551 30.3120 20.3952
v  0.3018 30.3120 19.1383
v  -0.9551 30.3120 19.1383
v  -2.2121 30.3120 21.6521
v  -2.2121 30.3120 22.9091
v  -2.2121 30.3120 20.3952
v  -2.2121 30.3120 19.1383
v  -3.4690 30.3120 21.6521
v  -3.4690 30.3120 22.9091
v  -3.4690 30.3120 20.3952
v  -3.4690 30.3120 19.1383
v  0.3018 22.2659 21.6521
v  0.3018 22.2659 22.9091
v  0.7454 14.9296 21.6521
v  0.7454 14.9296 20.3952
v  0.7454 22.2659 20.3952
v  0.7454 22.2659 21.6521
v  0.3018 22.2659 19.1383
v  0.3018 22.2659 20.3952
v  0.7454 30.3120 20.3952
v  0.7454 30.3120 21.6521
v  -0.9551 22.2659 19.1383
v  -0.9551 14.9296 18.6947
v  -2.2121 14.9296 18.6947
v  -2.2121 22.2659 18.6947
v  -0.9551 22.2659 18.6947
v  -3.4690 22.2659 19.1383
v  -2.2121 22.2659 19.1383
v  -2.2121 30.3120 18.6947
v  -0.9551 30.3120 18.6947
v  -3.4690 22.2659 20.3952
v  -3.9126 14.9296 20.3952
v  -3.9126 14.9296 21.6521
v  -3.9126 22.2659 21.6521
v  -3.9126 22.2659 20.3952
v  -3.4690 22.2659 22.9091
v  -3.4690 22.2659 21.6521
v  -3.9126 30.3120 21.6521
v  -3.9126 30.3120 20.3952
v  -2.2121 22.2659 22.9091
v  -2.2121 14.9296 23.3527
v  -0.9551 14.9296 23.3527
v  -0.9551 22.2659 23.3527
v  -2.2121 22.2659 23.3527
v  -0.9551 22.2659 22.9091
v  -0.9551 30.3120 23.3527
v  -2.2121 30.3120 23.3527
# 68 vertices

vn 0.0000 -1.0000 -0.0000
vn 0.0000 1.0000 -0.0000
vn 1.0000 -0.0000 -0.0000
vn 1.0000 0.0000 -0.0000
vn -0.0000 -0.0000 -1.0000
vn -0.0000 0.0000 -1.0000
vn -1.0000 -0.0000 0.0000
vn -1.0000 0.0000 0.0000
vn 0.0000 -0.0000 1.0000
vn 0.0000 0.0000 1.0000
# 10 vertex normals

vt 1.0000 0.0000 0.0000
vt 1.0000 0.3333 0.0000
vt 0.6667 0.3333 0.0000
vt 0.6667 0.0000 0.0000
vt 0.3333 0.3333 0.0000
vt 0.3333 0.0000 0.0000
vt -0.0000 0.3333 0.0000
vt -0.0000 0.0000 0.0000
vt 1.0000 0.6667 0.0000
vt 0.6667 0.6667 0.0000
vt 0.3333 0.6667 0.0000
vt -0.0000 0.6667 0.0000
vt 1.0000 1.0000 0.0000
vt 0.6667 1.0000 0.0000
vt 0.3333 1.0000 0.0000
vt -0.0000 1.0000 0.0000
vt 0.0000 0.0000 0.0000
vt 0.0000 0.3333 0.0000
vt 0.0000 0.6667 0.0000
vt 0.0000 1.0000 0.0000
vt 0.3333 0.5000 0.0000
vt 0.0000 0.5000 0.0000
vt 0.6667 0.5000 0.0000
vt 1.0000 0.5000 0.0000
# 24 texture coords

g Box379
usemtl xdgh
s 2
f 2011/1633/644 2012/1634/644 2013/1635/644 2014/1636/644 
f 2014/1636/644 2013/1635/644 2015/1637/644 2016/1638/644 
f 2016/1638/644 2015/1637/644 2017/1639/644 2018/1640/644 
f 2012/1634/644 2019/1641/644 2020/1642/644 2013/1635/644 
f 2013/1635/644 2020/1642/644 2021/1643/644 2015/1637/644 
f 2015/1637/644 2021/1643/644 2022/1644/644 2017/1639/644 
f 2019/1641/644 2023/1645/644 2024/1646/644 2020/1642/644 
f 2020/1642/644 2024/1646/644 2025/1647/644 2021/1643/644 
f 2021/1643/644 2025/1647/644 2026/1648/644 2022/1644/644 
s 4
f 2027/1649/645 2028/1638/645 2029/1637/645 2030/1650/645 
f 2028/1638/645 2031/1636/645 2032/1635/645 2029/1637/645 
f 2031/1636/645 2033/1633/645 2034/1634/645 2032/1635/645 
f 2030/1650/645 2029/1637/645 2035/1643/645 2036/1651/645 
f 2029/1637/645 2032/1635/645 2037/1642/645 2035/1643/645 
f 2032/1635/645 2034/1634/645 2038/1641/645 2037/1642/645 
f 2036/1651/645 2035/1643/645 2039/1647/645 2040/1652/645 
f 2035/1643/645 2037/1642/645 2041/1646/645 2039/1647/645 
f 2037/1642/645 2038/1641/645 2042/1645/645 2041/1646/645 
s 8
f 2011/1649/646 2014/1638/646 2043/1653/646 2044/1654/646 
f 2045/1638/646 2046/1636/646 2047/1655/646 2048/1653/646 
f 2016/1636/646 2018/1633/646 2049/1656/646 2050/1655/646 
f 2044/1654/646 2043/1653/646 2028/1647/647 2027/1652/647 
f 2048/1653/646 2047/1655/646 2051/1646/647 2052/1647/647 
f 2050/1655/646 2049/1656/646 2033/1645/647 2031/1646/647 
s 16
f 2018/1649/648 2017/1638/648 2053/1653/648 2049/1654/648 
f 2054/1638/648 2055/1636/648 2056/1655/648 2057/1653/648 
f 2022/1636/648 2026/1633/648 2058/1656/648 2059/1655/648 
f 2049/1654/648 2053/1653/648 2034/1647/649 2033/1652/649 
f 2057/1653/648 2056/1655/648 2060/1646/649 2061/1647/649 
f 2059/1655/648 2058/1656/648 2042/1645/649 2038/1646/649 
s 32
f 2026/1649/650 2025/1638/650 2062/1653/650 2058/1654/650 
f 2063/1638/650 2064/1636/650 2065/1655/650 2066/1653/650 
f 2024/1636/650 2023/1633/650 2067/1656/650 2068/1655/650 
f 2058/1654/650 2062/1653/650 2041/1647/651 2042/1652/651 
f 2066/1653/650 2065/1655/650 2069/1646/651 2070/1647/651 
f 2068/1655/650 2067/1656/650 2040/1645/651 2039/1646/651 
s 64
f 2023/1649/652 2019/1638/652 2071/1653/652 2067/1654/652 
f 2072/1638/652 2073/1636/652 2074/1655/652 2075/1653/652 
f 2012/1636/652 2011/1633/652 2044/1656/652 2076/1655/652 
f 2067/1654/652 2071/1653/652 2036/1647/653 2040/1652/653 
f 2075/1653/652 2074/1655/652 2077/1646/653 2078/1647/653 
f 2076/1655/652 2044/1656/652 2027/1645/653 2030/1646/653 
s off
f 2014/1636/644 2016/1638/644 2046/1636/644 2045/1638/644 
usemtl tfg
f 2016/1636/648 2050/1655/648 2047/1655/648 2046/1636/648 
f 2050/1655/649 2031/1646/649 2051/1646/649 2047/1655/649 
usemtl xdgh
f 2031/1636/645 2028/1638/645 2052/1647/645 2051/1646/645 
usemtl tfg
f 2028/1647/653 2043/1653/653 2048/1653/653 2052/1647/653 
f 2043/1653/653 2014/1638/653 2045/1638/653 2048/1653/653 
usemtl xdgh
f 2017/1639/644 2022/1644/644 2055/1636/644 2054/1638/644 
usemtl tfg
f 2022/1636/650 2059/1655/650 2056/1655/650 2055/1636/650 
f 2059/1655/651 2038/1646/651 2060/1646/651 2056/1655/651 
usemtl xdgh
f 2038/1641/645 2034/1634/645 2061/1647/645 2060/1646/645 
usemtl tfg
f 2034/1647/647 2053/1653/647 2057/1653/647 2061/1647/647 
f 2053/1653/647 2017/1638/647 2054/1638/647 2057/1653/647 
usemtl xdgh
f 2025/1647/644 2024/1646/644 2064/1636/644 2063/1638/644 
usemtl tfg
f 2024/1636/653 2068/1655/653 2065/1655/653 2064/1636/653 
f 2068/1655/652 2039/1646/652 2069/1646/652 2065/1655/652 
usemtl xdgh
f 2039/1647/645 2041/1646/645 2070/1647/645 2069/1646/645 
usemtl tfg
f 2041/1647/649 2062/1653/649 2066/1653/649 2070/1647/649 
f 2062/1653/648 2025/1638/648 2063/1638/648 2066/1653/648 
usemtl xdgh
f 2019/1641/644 2012/1634/644 2073/1636/644 2072/1638/644 
usemtl tfg
f 2012/1636/647 2076/1655/647 2074/1655/647 2073/1636/647 
f 2076/1655/646 2030/1646/646 2077/1646/646 2074/1655/646 
usemtl xdgh
f 2030/1650/645 2036/1651/645 2078/1647/645 2077/1646/645 
usemtl tfg
f 2036/1647/651 2071/1653/651 2075/1653/651 2078/1647/651 
f 2071/1653/650 2019/1638/650 2072/1638/650 2075/1653/650 
# 66 polygons

#
# object Box380
#

v  0.5113 4.8230 23.1924
v  -0.9280 4.8230 23.1924
v  -0.9280 4.8230 21.7531
v  0.5113 4.8230 21.7531
v  -0.9280 4.8230 20.3138
v  0.5113 4.8230 20.3138
v  -0.9280 4.8230 18.8744
v  0.5113 4.8230 18.8744
v  -2.3673 4.8230 23.1924
v  -2.3673 4.8230 21.7531
v  -2.3673 4.8230 20.3138
v  -2.3673 4.8230 18.8744
v  -3.8067 4.8230 23.1924
v  -3.8067 4.8230 21.7531
v  -3.8067 4.8230 20.3138
v  -3.8067 4.8230 18.8744
v  0.5113 14.9830 23.1924
v  0.5113 14.9830 21.7531
v  -0.9280 14.9830 21.7531
v  -0.9280 14.9830 23.1924
v  0.5113 14.9830 20.3138
v  -0.9280 14.9830 20.3138
v  0.5113 14.9830 18.8744
v  -0.9280 14.9830 18.8744
v  -2.3673 14.9830 21.7531
v  -2.3673 14.9830 23.1924
v  -2.3673 14.9830 20.3138
v  -2.3673 14.9830 18.8744
v  -3.8067 14.9830 21.7531
v  -3.8067 14.9830 23.1924
v  -3.8067 14.9830 20.3138
v  -3.8067 14.9830 18.8744
v  0.5113 9.9030 21.7531
v  0.5113 9.9030 23.1924
v  1.0193 4.8230 21.7531
v  1.0193 4.8230 20.3138
v  1.0193 9.9030 20.3138
v  1.0193 9.9030 21.7531
v  0.5113 9.9030 18.8744
v  0.5113 9.9030 20.3138
v  1.0193 14.9830 20.3138
v  1.0193 14.9830 21.7531
v  -0.9280 9.9030 18.8744
v  -0.9280 4.8230 18.3664
v  -2.3673 4.8230 18.3664
v  -2.3673 9.9030 18.3664
v  -0.9280 9.9030 18.3664
v  -3.8067 9.9030 18.8744
v  -2.3673 9.9030 18.8744
v  -2.3673 14.9830 18.3664
v  -0.9280 14.9830 18.3664
v  -3.8067 9.9030 20.3138
v  -4.3147 4.8230 20.3138
v  -4.3147 4.8230 21.7531
v  -4.3147 9.9030 21.7531
v  -4.3147 9.9030 20.3138
v  -3.8067 9.9030 23.1924
v  -3.8067 9.9030 21.7531
v  -4.3147 14.9830 21.7531
v  -4.3147 14.9830 20.3138
v  -2.3673 9.9030 23.1924
v  -2.3673 4.8230 23.7004
v  -0.9280 4.8230 23.7004
v  -0.9280 9.9030 23.7004
v  -2.3673 9.9030 23.7004
v  -0.9280 9.9030 23.1924
v  -0.9280 14.9830 23.7004
v  -2.3673 14.9830 23.7004
# 68 vertices

vn 0.0000 -1.0000 -0.0000
vn 0.0000 1.0000 -0.0000
vn 1.0000 0.0000 -0.0000
vn -0.0000 0.0000 -1.0000
vn -0.0000 -0.0000 -1.0000
vn -1.0000 0.0000 0.0000
vn -1.0000 -0.0000 0.0000
vn 0.0000 0.0000 1.0000
vn 0.0000 -0.0000 1.0000
vn 1.0000 -0.0000 -0.0000
# 10 vertex normals

vt 1.0000 0.0000 0.0000
vt 1.0000 0.3333 0.0000
vt 0.6667 0.3333 0.0000
vt 0.6667 0.0000 0.0000
vt 0.3333 0.3333 0.0000
vt 0.3333 0.0000 0.0000
vt -0.0000 0.3333 0.0000
vt -0.0000 0.0000 0.0000
vt 1.0000 0.6667 0.0000
vt 0.6667 0.6667 0.0000
vt 0.3333 0.6667 0.0000
vt -0.0000 0.6667 0.0000
vt 1.0000 1.0000 0.0000
vt 0.6667 1.0000 0.0000
vt 0.3333 1.0000 0.0000
vt -0.0000 1.0000 0.0000
vt 0.0000 0.0000 0.0000
vt 0.0000 0.3333 0.0000
vt 0.0000 0.6667 0.0000
vt 0.0000 1.0000 0.0000
vt 0.3333 0.5000 0.0000
vt 0.0000 0.5000 0.0000
vt 0.6667 0.5000 0.0000
vt 1.0000 0.5000 0.0000
# 24 texture coords

g Box380
usemtl xdgh
s 2
f 2079/1657/654 2080/1658/654 2081/1659/654 2082/1660/654 
f 2082/1660/654 2081/1659/654 2083/1661/654 2084/1662/654 
f 2084/1662/654 2083/1661/654 2085/1663/654 2086/1664/654 
f 2080/1658/654 2087/1665/654 2088/1666/654 2081/1659/654 
f 2081/1659/654 2088/1666/654 2089/1667/654 2083/1661/654 
f 2083/1661/654 2089/1667/654 2090/1668/654 2085/1663/654 
f 2087/1665/654 2091/1669/654 2092/1670/654 2088/1666/654 
f 2088/1666/654 2092/1670/654 2093/1671/654 2089/1667/654 
f 2089/1667/654 2093/1671/654 2094/1672/654 2090/1668/654 
usemtl tfg
s 4
f 2095/1673/655 2096/1662/655 2097/1661/655 2098/1674/655 
f 2096/1662/655 2099/1660/655 2100/1659/655 2097/1661/655 
f 2099/1660/655 2101/1657/655 2102/1658/655 2100/1659/655 
f 2098/1674/655 2097/1661/655 2103/1667/655 2104/1675/655 
f 2097/1661/655 2100/1659/655 2105/1666/655 2103/1667/655 
f 2100/1659/655 2102/1658/655 2106/1665/655 2105/1666/655 
f 2104/1675/655 2103/1667/655 2107/1671/655 2108/1676/655 
f 2103/1667/655 2105/1666/655 2109/1670/655 2107/1671/655 
f 2105/1666/655 2106/1665/655 2110/1669/655 2109/1670/655 
usemtl xdgh
s 8
f 2079/1673/656 2082/1662/656 2111/1677/656 2112/1678/656 
f 2113/1662/656 2114/1660/656 2115/1679/656 2116/1677/656 
f 2084/1660/656 2086/1657/656 2117/1680/656 2118/1679/656 
usemtl tfg
f 2112/1678/656 2111/1677/656 2096/1671/656 2095/1676/656 
usemtl xdgh
f 2116/1677/656 2115/1679/656 2119/1670/656 2120/1671/656 
usemtl tfg
f 2118/1679/656 2117/1680/656 2101/1669/656 2099/1670/656 
usemtl xdgh
s 16
f 2086/1673/657 2085/1662/657 2121/1677/657 2117/1678/657 
f 2122/1662/658 2123/1660/658 2124/1679/657 2125/1677/657 
f 2090/1660/657 2094/1657/657 2126/1680/657 2127/1679/657 
usemtl tfg
f 2117/1678/657 2121/1677/657 2102/1671/657 2101/1676/657 
usemtl xdgh
f 2125/1677/657 2124/1679/657 2128/1670/657 2129/1671/657 
usemtl tfg
f 2127/1679/657 2126/1680/657 2110/1669/657 2106/1670/657 
usemtl xdgh
s 32
f 2094/1673/659 2093/1662/659 2130/1677/659 2126/1678/659 
f 2131/1662/660 2132/1660/660 2133/1679/659 2134/1677/659 
f 2092/1660/659 2091/1657/659 2135/1680/659 2136/1679/659 
usemtl tfg
f 2126/1678/659 2130/1677/659 2109/1671/659 2110/1676/659 
usemtl xdgh
f 2134/1677/659 2133/1679/659 2137/1670/659 2138/1671/659 
usemtl tfg
f 2136/1679/659 2135/1680/659 2108/1669/659 2107/1670/659 
usemtl xdgh
s 64
f 2091/1673/661 2087/1662/661 2139/1677/661 2135/1678/661 
f 2140/1662/661 2141/1660/661 2142/1679/661 2143/1677/661 
f 2080/1660/661 2079/1657/661 2112/1680/661 2144/1679/661 
usemtl tfg
f 2135/1678/661 2139/1677/661 2104/1671/661 2108/1676/661 
usemtl xdgh
f 2143/1677/661 2142/1679/661 2145/1670/661 2146/1671/661 
usemtl tfg
f 2144/1679/661 2112/1680/661 2095/1669/661 2098/1670/661 
usemtl xdgh
s off
f 2082/1660/654 2084/1662/654 2114/1660/654 2113/1662/654 
usemtl tfg
f 2084/1660/657 2118/1679/657 2115/1679/657 2114/1660/657 
f 2118/1679/657 2099/1670/657 2119/1670/657 2115/1679/657 
f 2099/1660/655 2096/1662/655 2120/1671/655 2119/1670/655 
usemtl 03___Defaulttyi
f 2096/1671/661 2111/1677/661 2116/1677/661 2120/1671/661 
f 2111/1677/661 2082/1662/661 2113/1662/661 2116/1677/661 
usemtl xdgh
f 2085/1663/654 2090/1668/654 2123/1660/654 2122/1662/654 
usemtl tfg
f 2090/1660/659 2127/1679/659 2124/1679/659 2123/1660/659 
f 2127/1679/659 2106/1670/659 2128/1670/659 2124/1679/659 
f 2106/1665/655 2102/1658/655 2129/1671/655 2128/1670/655 
f 2102/1671/656 2121/1677/656 2125/1677/656 2129/1671/656 
f 2121/1677/656 2085/1662/656 2122/1662/656 2125/1677/656 
usemtl xdgh
f 2093/1671/654 2092/1670/654 2132/1660/654 2131/1662/654 
usemtl tfg
f 2092/1660/661 2136/1679/661 2133/1679/661 2132/1660/661 
f 2136/1679/662 2107/1670/662 2137/1670/662 2133/1679/662 
f 2107/1671/655 2109/1670/655 2138/1671/655 2137/1670/655 
f 2109/1671/657 2130/1677/657 2134/1677/657 2138/1671/657 
f 2130/1677/658 2093/1662/658 2131/1662/658 2134/1677/658 
usemtl xdgh
f 2087/1665/654 2080/1658/654 2141/1660/654 2140/1662/654 
usemtl tfg
f 2080/1660/656 2144/1679/656 2142/1679/656 2141/1660/656 
f 2144/1679/663 2098/1670/663 2145/1670/663 2142/1679/663 
f 2098/1674/655 2104/1675/655 2146/1671/655 2145/1670/655 
f 2104/1671/659 2139/1677/659 2143/1677/659 2146/1671/659 
f 2139/1677/660 2087/1662/660 2140/1662/660 2143/1677/660 
# 66 polygons

#
# object Cylinder140
#

v  -1.6053 9.1858 18.1443
v  -2.3092 9.8897 18.1443
v  -1.6053 10.5936 18.1443
v  -0.9014 9.8897 18.1443
v  -2.3092 9.8897 18.1951
v  -1.6053 10.5936 18.1951
v  -1.6053 9.1858 18.1951
v  -0.9014 9.8897 18.1951
v  -2.3092 9.8897 18.2459
v  -1.6053 10.5936 18.2459
v  -1.6053 9.1858 18.2459
v  -0.9014 9.8897 18.2459
v  -2.3092 9.8897 18.2967
v  -1.6053 10.5936 18.2967
v  -1.6053 9.1858 18.2967
v  -0.9014 9.8897 18.2967
v  -2.3092 9.8897 18.3475
v  -1.6053 10.5936 18.3475
v  -1.6053 9.1858 18.3475
v  -0.9014 9.8897 18.3475
v  -2.3092 9.8897 18.3983
v  -1.6053 10.5936 18.3983
v  -1.6053 9.1858 18.3983
v  -0.9014 9.8897 18.3983
# 24 vertices

vn -0.0000 -0.0000 -1.0000
vn 0.0000 1.0000 -0.0000
vn -1.0000 0.0000 0.0000
vn -0.0000 -1.0000 0.0000
vn 1.0000 -0.0000 -0.0000
vn 0.0000 0.0000 1.0000
# 6 vertex normals

vt 0.2500 0.0000 1.0000
vt 0.0000 0.0000 1.0000
vt -0.2500 0.0000 1.0000
vt 0.7500 0.0000 1.0000
vt 0.5000 0.0000 1.0000
vt 0.0000 0.2000 1.0000
vt -0.2500 0.2000 1.0000
vt 0.2500 0.2000 1.0000
vt 0.5000 0.2000 1.0000
vt 0.7500 0.2000 1.0000
vt 0.0000 0.4000 1.0000
vt -0.2500 0.4000 1.0000
vt 0.2500 0.4000 1.0000
vt 0.5000 0.4000 1.0000
vt 0.7500 0.4000 1.0000
vt 0.0000 0.6000 1.0000
vt -0.2500 0.6000 1.0000
vt 0.2500 0.6000 1.0000
vt 0.5000 0.6000 1.0000
vt 0.7500 0.6000 1.0000
vt 0.0000 0.8000 1.0000
vt -0.2500 0.8000 1.0000
vt 0.2500 0.8000 1.0000
vt 0.5000 0.8000 1.0000
vt 0.7500 0.8000 1.0000
vt 0.0000 1.0000 1.0000
vt -0.2500 1.0000 1.0000
vt 0.2500 1.0000 1.0000
vt 0.5000 1.0000 1.0000
vt 0.7500 1.0000 1.0000
vt 1.0000 1.0000 -1.0000
# 31 texture coords

g Cylinder140
usemtl 03___Defaulttyi
s 1
f 2147/1681/664 2148/1682/664 2149/1683/664 
f 2149/1684/664 2150/1685/664 2147/1681/664 
s 8
f 2149/1683/665 2148/1682/666 2151/1686/666 2152/1687/665 
f 2148/1682/666 2147/1681/667 2153/1688/667 2151/1686/666 
f 2147/1681/667 2150/1685/668 2154/1689/668 2153/1688/667 
f 2150/1685/668 2149/1684/665 2152/1690/665 2154/1689/668 
f 2152/1687/665 2151/1686/666 2155/1691/666 2156/1692/665 
f 2151/1686/666 2153/1688/667 2157/1693/667 2155/1691/666 
f 2153/1688/667 2154/1689/668 2158/1694/668 2157/1693/667 
f 2154/1689/668 2152/1690/665 2156/1695/665 2158/1694/668 
f 2156/1692/665 2155/1691/666 2159/1696/666 2160/1697/665 
f 2155/1691/666 2157/1693/667 2161/1698/667 2159/1696/666 
f 2157/1693/667 2158/1694/668 2162/1699/668 2161/1698/667 
f 2158/1694/668 2156/1695/665 2160/1700/665 2162/1699/668 
f 2160/1697/665 2159/1696/666 2163/1701/666 2164/1702/665 
f 2159/1696/666 2161/1698/667 2165/1703/667 2163/1701/666 
f 2161/1698/667 2162/1699/668 2166/1704/668 2165/1703/667 
f 2162/1699/668 2160/1700/665 2164/1705/665 2166/1704/668 
f 2164/1702/665 2163/1701/666 2167/1706/666 2168/1707/665 
f 2163/1701/666 2165/1703/667 2169/1708/667 2167/1706/666 
f 2165/1703/667 2166/1704/668 2170/1709/668 2169/1708/667 
f 2166/1704/668 2164/1705/665 2168/1710/665 2170/1709/668 
s 1
f 2170/1711/669 2168/1707/669 2167/1706/669 
f 2167/1706/669 2169/1708/669 2170/1709/669 
# 20 polygons - 4 triangles

#
# object Box381
#

v  0.8923 9.7221 23.5734
v  -4.1877 9.7221 23.5734
v  -4.1877 9.7221 18.4934
v  0.8923 9.7221 18.4934
v  0.8923 9.9761 23.5734
v  0.8923 9.9761 18.4934
v  -4.1877 9.9761 18.4934
v  -4.1877 9.9761 23.5734
# 8 vertices

vn 0.0000 -1.0000 -0.0000
vn 0.0000 1.0000 -0.0000
vn 1.0000 0.0000 -0.0000
vn -0.0000 0.0000 -1.0000
vn -1.0000 0.0000 0.0000
vn 0.0000 0.0000 1.0000
# 6 vertex normals

vt 1.0000 0.0000 0.0000
vt 1.0000 1.0000 0.0000
vt 0.0000 1.0000 0.0000
vt 0.0000 0.0000 0.0000
# 4 texture coords

g Box381
usemtl cvj
s 2
f 2171/1712/670 2172/1713/670 2173/1714/670 2174/1715/670 
s 4
f 2175/1715/671 2176/1712/671 2177/1713/671 2178/1714/671 
s 8
f 2171/1715/672 2174/1712/672 2176/1713/672 2175/1714/672 
s 16
f 2174/1715/673 2173/1712/673 2177/1713/673 2176/1714/673 
s 32
f 2173/1715/674 2172/1712/674 2178/1713/674 2177/1714/674 
s 64
f 2172/1715/675 2171/1712/675 2175/1713/675 2178/1714/675 
# 6 polygons

#
# object Cylinder141
#

v  0.9334 9.1858 21.0180
v  0.9334 9.8897 21.7219
v  0.9334 10.5936 21.0180
v  0.9334 9.8897 20.3141
v  0.9842 9.8897 21.7219
v  0.9842 10.5936 21.0180
v  0.9842 9.1858 21.0180
v  0.9842 9.8897 20.3141
v  1.0350 9.8897 21.7219
v  1.0350 10.5936 21.0180
v  1.0350 9.1858 21.0180
v  1.0350 9.8897 20.3141
v  1.0858 9.8897 21.7219
v  1.0858 10.5936 21.0180
v  1.0858 9.1858 21.0180
v  1.0858 9.8897 20.3141
v  1.1366 9.8897 21.7219
v  1.1366 10.5936 21.0180
v  1.1366 9.1858 21.0180
v  1.1366 9.8897 20.3141
v  1.1874 9.8897 21.7219
v  1.1874 10.5936 21.0180
v  1.1874 9.1858 21.0180
v  1.1874 9.8897 20.3141
# 24 vertices

vn -1.0000 0.0000 0.0000
vn 0.0000 1.0000 -0.0000
vn 0.0000 0.0000 1.0000
vn -0.0000 -1.0000 0.0000
vn -0.0000 -0.0000 -1.0000
vn 1.0000 -0.0000 -0.0000
# 6 vertex normals

vt 0.2500 0.0000 1.0000
vt 0.0000 0.0000 1.0000
vt -0.2500 0.0000 1.0000
vt 0.7500 0.0000 1.0000
vt 0.5000 0.0000 1.0000
vt 0.0000 0.2000 1.0000
vt -0.2500 0.2000 1.0000
vt 0.2500 0.2000 1.0000
vt 0.5000 0.2000 1.0000
vt 0.7500 0.2000 1.0000
vt 0.0000 0.4000 1.0000
vt -0.2500 0.4000 1.0000
vt 0.2500 0.4000 1.0000
vt 0.5000 0.4000 1.0000
vt 0.7500 0.4000 1.0000
vt 0.0000 0.6000 1.0000
vt -0.2500 0.6000 1.0000
vt 0.2500 0.6000 1.0000
vt 0.5000 0.6000 1.0000
vt 0.7500 0.6000 1.0000
vt 0.0000 0.8000 1.0000
vt -0.2500 0.8000 1.0000
vt 0.2500 0.8000 1.0000
vt 0.5000 0.8000 1.0000
vt 0.7500 0.8000 1.0000
vt 0.0000 1.0000 1.0000
vt -0.2500 1.0000 1.0000
vt 0.2500 1.0000 1.0000
vt 0.5000 1.0000 1.0000
vt 0.7500 1.0000 1.0000
vt 1.0000 1.0000 -1.0000
# 31 texture coords

g Cylinder141
usemtl 03___Defaulttyi
s 1
f 2179/1716/676 2180/1717/676 2181/1718/676 
f 2181/1719/676 2182/1720/676 2179/1716/676 
s 8
f 2181/1718/677 2180/1717/678 2183/1721/678 2184/1722/677 
f 2180/1717/678 2179/1716/679 2185/1723/679 2183/1721/678 
f 2179/1716/679 2182/1720/680 2186/1724/680 2185/1723/679 
f 2182/1720/680 2181/1719/677 2184/1725/677 2186/1724/680 
f 2184/1722/677 2183/1721/678 2187/1726/678 2188/1727/677 
f 2183/1721/678 2185/1723/679 2189/1728/679 2187/1726/678 
f 2185/1723/679 2186/1724/680 2190/1729/680 2189/1728/679 
f 2186/1724/680 2184/1725/677 2188/1730/677 2190/1729/680 
f 2188/1727/677 2187/1726/678 2191/1731/678 2192/1732/677 
f 2187/1726/678 2189/1728/679 2193/1733/679 2191/1731/678 
f 2189/1728/679 2190/1729/680 2194/1734/680 2193/1733/679 
f 2190/1729/680 2188/1730/677 2192/1735/677 2194/1734/680 
f 2192/1732/677 2191/1731/678 2195/1736/678 2196/1737/677 
f 2191/1731/678 2193/1733/679 2197/1738/679 2195/1736/678 
f 2193/1733/679 2194/1734/680 2198/1739/680 2197/1738/679 
f 2194/1734/680 2192/1735/677 2196/1740/677 2198/1739/680 
f 2196/1737/677 2195/1736/678 2199/1741/678 2200/1742/677 
f 2195/1736/678 2197/1738/679 2201/1743/679 2199/1741/678 
f 2197/1738/679 2198/1739/680 2202/1744/680 2201/1743/679 
f 2198/1739/680 2196/1740/677 2200/1745/677 2202/1744/680 
s 1
f 2202/1746/681 2200/1742/681 2199/1741/681 
f 2199/1741/681 2201/1743/681 2202/1744/681 
# 20 polygons - 4 triangles

#
# object Box382
#

v  0.7653 4.8230 23.4464
v  -4.0607 4.8230 23.4464
v  -4.0607 4.8230 18.6204
v  0.7653 4.8230 18.6204
v  0.7653 6.0930 23.4464
v  0.7653 6.0930 18.6204
v  -4.0607 6.0930 18.6204
v  -4.0607 6.0930 23.4464
# 8 vertices

vn 0.0000 -1.0000 -0.0000
vn 0.0000 1.0000 -0.0000
vn 1.0000 0.0000 -0.0000
vn -0.0000 0.0000 -1.0000
vn -1.0000 0.0000 0.0000
vn 0.0000 0.0000 1.0000
# 6 vertex normals

vt 1.0000 0.0000 0.0000
vt 1.0000 1.0000 0.0000
vt 0.0000 1.0000 0.0000
vt 0.0000 0.0000 0.0000
# 4 texture coords

g Box382
usemtl tfg
s 2
f 2203/1747/682 2204/1748/682 2205/1749/682 2206/1750/682 
s 4
f 2207/1750/683 2208/1747/683 2209/1748/683 2210/1749/683 
s 8
f 2203/1750/684 2206/1747/684 2208/1748/684 2207/1749/684 
s 16
f 2206/1750/685 2205/1747/685 2209/1748/685 2208/1749/685 
s 32
f 2205/1750/686 2204/1747/686 2210/1748/686 2209/1749/686 
s 64
f 2204/1750/687 2203/1747/687 2207/1748/687 2210/1749/687 
# 6 polygons

#
# object Cylinder142
#

v  -4.5477 9.1858 21.0180
v  -4.5477 9.8897 21.7219
v  -4.5477 10.5936 21.0180
v  -4.5477 9.8897 20.3141
v  -4.4969 9.8897 21.7219
v  -4.4969 10.5936 21.0180
v  -4.4969 9.1858 21.0180
v  -4.4969 9.8897 20.3141
v  -4.4461 9.8897 21.7219
v  -4.4461 10.5936 21.0180
v  -4.4461 9.1858 21.0180
v  -4.4461 9.8897 20.3141
v  -4.3953 9.8897 21.7219
v  -4.3953 10.5936 21.0180
v  -4.3953 9.1858 21.0180
v  -4.3953 9.8897 20.3141
v  -4.3445 9.8897 21.7219
v  -4.3445 10.5936 21.0180
v  -4.3445 9.1858 21.0180
v  -4.3445 9.8897 20.3141
v  -4.2937 9.8897 21.7219
v  -4.2937 10.5936 21.0180
v  -4.2937 9.1858 21.0180
v  -4.2937 9.8897 20.3141
# 24 vertices

vn -1.0000 0.0000 0.0000
vn 0.0000 1.0000 -0.0000
vn 0.0000 0.0000 1.0000
vn -0.0000 -1.0000 0.0000
vn -0.0000 -0.0000 -1.0000
vn 1.0000 -0.0000 -0.0000
# 6 vertex normals

vt 0.2500 0.0000 1.0000
vt 0.0000 0.0000 1.0000
vt -0.2500 0.0000 1.0000
vt 0.7500 0.0000 1.0000
vt 0.5000 0.0000 1.0000
vt 0.0000 0.2000 1.0000
vt -0.2500 0.2000 1.0000
vt 0.2500 0.2000 1.0000
vt 0.5000 0.2000 1.0000
vt 0.7500 0.2000 1.0000
vt 0.0000 0.4000 1.0000
vt -0.2500 0.4000 1.0000
vt 0.2500 0.4000 1.0000
vt 0.5000 0.4000 1.0000
vt 0.7500 0.4000 1.0000
vt 0.0000 0.6000 1.0000
vt -0.2500 0.6000 1.0000
vt 0.2500 0.6000 1.0000
vt 0.5000 0.6000 1.0000
vt 0.7500 0.6000 1.0000
vt 0.0000 0.8000 1.0000
vt -0.2500 0.8000 1.0000
vt 0.2500 0.8000 1.0000
vt 0.5000 0.8000 1.0000
vt 0.7500 0.8000 1.0000
vt 0.0000 1.0000 1.0000
vt -0.2500 1.0000 1.0000
vt 0.2500 1.0000 1.0000
vt 0.5000 1.0000 1.0000
vt 0.7500 1.0000 1.0000
vt 1.0000 1.0000 -1.0000
# 31 texture coords

g Cylinder142
usemtl 03___Defaulttyi
s 1
f 2211/1751/688 2212/1752/688 2213/1753/688 
f 2213/1754/688 2214/1755/688 2211/1751/688 
s 8
f 2213/1753/689 2212/1752/690 2215/1756/690 2216/1757/689 
f 2212/1752/690 2211/1751/691 2217/1758/691 2215/1756/690 
f 2211/1751/691 2214/1755/692 2218/1759/692 2217/1758/691 
f 2214/1755/692 2213/1754/689 2216/1760/689 2218/1759/692 
f 2216/1757/689 2215/1756/690 2219/1761/690 2220/1762/689 
f 2215/1756/690 2217/1758/691 2221/1763/691 2219/1761/690 
f 2217/1758/691 2218/1759/692 2222/1764/692 2221/1763/691 
f 2218/1759/692 2216/1760/689 2220/1765/689 2222/1764/692 
f 2220/1762/689 2219/1761/690 2223/1766/690 2224/1767/689 
f 2219/1761/690 2221/1763/691 2225/1768/691 2223/1766/690 
f 2221/1763/691 2222/1764/692 2226/1769/692 2225/1768/691 
f 2222/1764/692 2220/1765/689 2224/1770/689 2226/1769/692 
f 2224/1767/689 2223/1766/690 2227/1771/690 2228/1772/689 
f 2223/1766/690 2225/1768/691 2229/1773/691 2227/1771/690 
f 2225/1768/691 2226/1769/692 2230/1774/692 2229/1773/691 
f 2226/1769/692 2224/1770/689 2228/1775/689 2230/1774/692 
f 2228/1772/689 2227/1771/690 2231/1776/690 2232/1777/689 
f 2227/1771/690 2229/1773/691 2233/1778/691 2231/1776/690 
f 2229/1773/691 2230/1774/692 2234/1779/692 2233/1778/691 
f 2230/1774/692 2228/1775/689 2232/1780/689 2234/1779/692 
s 1
f 2234/1781/693 2232/1777/693 2231/1776/693 
f 2231/1776/693 2233/1778/693 2234/1779/693 
# 20 polygons - 4 triangles

#
# object Cylinder143
#

v  -1.6053 9.1858 23.6030
v  -2.3092 9.8897 23.6030
v  -1.6053 10.5936 23.6030
v  -0.9014 9.8897 23.6030
v  -2.3092 9.8897 23.6538
v  -1.6053 10.5936 23.6538
v  -1.6053 9.1858 23.6538
v  -0.9014 9.8897 23.6538
v  -2.3092 9.8897 23.7046
v  -1.6053 10.5936 23.7046
v  -1.6053 9.1858 23.7046
v  -0.9014 9.8897 23.7046
v  -2.3092 9.8897 23.7554
v  -1.6053 10.5936 23.7554
v  -1.6053 9.1858 23.7554
v  -0.9014 9.8897 23.7554
v  -2.3092 9.8897 23.8062
v  -1.6053 10.5936 23.8062
v  -1.6053 9.1858 23.8062
v  -0.9014 9.8897 23.8062
v  -2.3092 9.8897 23.8570
v  -1.6053 10.5936 23.8570
v  -1.6053 9.1858 23.8570
v  -0.9014 9.8897 23.8570
# 24 vertices

vn -0.0000 -0.0000 -1.0000
vn 0.0000 1.0000 -0.0000
vn -1.0000 0.0000 0.0000
vn -0.0000 -1.0000 0.0000
vn 1.0000 -0.0000 -0.0000
vn 0.0000 0.0000 1.0000
# 6 vertex normals

vt 0.2500 0.0000 1.0000
vt 0.0000 0.0000 1.0000
vt -0.2500 0.0000 1.0000
vt 0.7500 0.0000 1.0000
vt 0.5000 0.0000 1.0000
vt 0.0000 0.2000 1.0000
vt -0.2500 0.2000 1.0000
vt 0.2500 0.2000 1.0000
vt 0.5000 0.2000 1.0000
vt 0.7500 0.2000 1.0000
vt 0.0000 0.4000 1.0000
vt -0.2500 0.4000 1.0000
vt 0.2500 0.4000 1.0000
vt 0.5000 0.4000 1.0000
vt 0.7500 0.4000 1.0000
vt 0.0000 0.6000 1.0000
vt -0.2500 0.6000 1.0000
vt 0.2500 0.6000 1.0000
vt 0.5000 0.6000 1.0000
vt 0.7500 0.6000 1.0000
vt 0.0000 0.8000 1.0000
vt -0.2500 0.8000 1.0000
vt 0.2500 0.8000 1.0000
vt 0.5000 0.8000 1.0000
vt 0.7500 0.8000 1.0000
vt 0.0000 1.0000 1.0000
vt -0.2500 1.0000 1.0000
vt 0.2500 1.0000 1.0000
vt 0.5000 1.0000 1.0000
vt 0.7500 1.0000 1.0000
vt 1.0000 1.0000 -1.0000
# 31 texture coords

g Cylinder143
usemtl 03___Defaulttyi
s 1
f 2235/1782/694 2236/1783/694 2237/1784/694 
f 2237/1785/694 2238/1786/694 2235/1782/694 
s 8
f 2237/1784/695 2236/1783/696 2239/1787/696 2240/1788/695 
f 2236/1783/696 2235/1782/697 2241/1789/697 2239/1787/696 
f 2235/1782/697 2238/1786/698 2242/1790/698 2241/1789/697 
f 2238/1786/698 2237/1785/695 2240/1791/695 2242/1790/698 
f 2240/1788/695 2239/1787/696 2243/1792/696 2244/1793/695 
f 2239/1787/696 2241/1789/697 2245/1794/697 2243/1792/696 
f 2241/1789/697 2242/1790/698 2246/1795/698 2245/1794/697 
f 2242/1790/698 2240/1791/695 2244/1796/695 2246/1795/698 
f 2244/1793/695 2243/1792/696 2247/1797/696 2248/1798/695 
f 2243/1792/696 2245/1794/697 2249/1799/697 2247/1797/696 
f 2245/1794/697 2246/1795/698 2250/1800/698 2249/1799/697 
f 2246/1795/698 2244/1796/695 2248/1801/695 2250/1800/698 
f 2248/1798/695 2247/1797/696 2251/1802/696 2252/1803/695 
f 2247/1797/696 2249/1799/697 2253/1804/697 2251/1802/696 
f 2249/1799/697 2250/1800/698 2254/1805/698 2253/1804/697 
f 2250/1800/698 2248/1801/695 2252/1806/695 2254/1805/698 
f 2252/1803/695 2251/1802/696 2255/1807/696 2256/1808/695 
f 2251/1802/696 2253/1804/697 2257/1809/697 2255/1807/696 
f 2253/1804/697 2254/1805/698 2258/1810/698 2257/1809/697 
f 2254/1805/698 2252/1806/695 2256/1811/695 2258/1810/698 
s 1
f 2258/1812/699 2256/1808/699 2255/1807/699 
f 2255/1807/699 2257/1809/699 2258/1810/699 
# 20 polygons - 4 triangles

#
# object Box383
#

v  0.4484 30.6175 23.0557
v  -3.6156 30.6175 23.0557
v  -3.6156 30.6175 18.9917
v  0.4484 30.6175 18.9917
v  0.4484 31.3021 23.0557
v  0.4484 31.3021 18.9917
v  -3.6156 31.3021 18.9917
v  -3.6156 31.3021 23.0557
v  0.8294 30.1476 23.4367
v  -3.9966 30.1476 23.4367
v  -3.9966 30.1476 18.6107
v  0.8294 30.1476 18.6107
v  0.8294 30.6556 23.4367
v  0.8294 30.6556 18.6107
v  -3.9966 30.6556 18.6107
v  -3.9966 30.6556 23.4367
# 16 vertices

vn 0.0000 -1.0000 -0.0000
vn 0.0000 1.0000 -0.0000
vn 1.0000 0.0000 -0.0000
vn -0.0000 0.0000 -1.0000
vn -1.0000 0.0000 0.0000
vn 0.0000 0.0000 1.0000
# 6 vertex normals

vt 1.0000 0.0000 0.0000
vt 1.0000 1.0000 0.0000
vt 0.0000 1.0000 0.0000
vt 0.0000 0.0000 0.0000
# 4 texture coords

g Box383
usemtl tfg
s 2
f 2259/1813/700 2260/1814/700 2261/1815/700 2262/1816/700 
s 4
f 2263/1816/701 2264/1813/701 2265/1814/701 2266/1815/701 
s 8
f 2259/1816/702 2262/1813/702 2264/1814/702 2263/1815/702 
s 16
f 2262/1816/703 2261/1813/703 2265/1814/703 2264/1815/703 
s 32
f 2261/1816/704 2260/1813/704 2266/1814/704 2265/1815/704 
s 64
f 2260/1816/705 2259/1813/705 2263/1814/705 2266/1815/705 
s 2
f 2267/1813/700 2268/1814/700 2269/1815/700 2270/1816/700 
s 4
f 2271/1816/701 2272/1813/701 2273/1814/701 2274/1815/701 
s 8
f 2267/1816/702 2270/1813/702 2272/1814/702 2271/1815/702 
s 16
f 2270/1816/703 2269/1813/703 2273/1814/703 2272/1815/703 
s 32
f 2269/1816/704 2268/1813/704 2274/1814/704 2273/1815/704 
s 64
f 2268/1816/705 2267/1813/705 2271/1814/705 2274/1815/705 
# 12 polygons

#
# object Box389
#

v  30.8297 5.4087 -2.7677
v  29.3904 5.4087 -2.7677
v  29.3904 5.4087 -4.2070
v  30.8297 5.4087 -4.2070
v  29.3904 5.4087 -5.6464
v  30.8297 5.4087 -5.6464
v  29.3904 5.4087 -7.0857
v  30.8297 5.4087 -7.0857
v  27.9510 5.4087 -2.7677
v  27.9510 5.4087 -4.2070
v  27.9510 5.4087 -5.6464
v  27.9510 5.4087 -7.0857
v  26.5117 5.4087 -2.7677
v  26.5117 5.4087 -4.2070
v  26.5117 5.4087 -5.6464
v  26.5117 5.4087 -7.0857
v  30.8297 15.5687 -2.7677
v  30.8297 15.5687 -4.2070
v  29.3904 15.5687 -4.2070
v  29.3904 15.5687 -2.7677
v  30.8297 15.5687 -5.6464
v  29.3904 15.5687 -5.6464
v  30.8297 15.5687 -7.0857
v  29.3904 15.5687 -7.0857
v  27.9510 15.5687 -4.2070
v  27.9510 15.5687 -2.7677
v  27.9510 15.5687 -5.6464
v  27.9510 15.5687 -7.0857
v  26.5117 15.5687 -4.2070
v  26.5117 15.5687 -2.7677
v  26.5117 15.5687 -5.6464
v  26.5117 15.5687 -7.0857
v  30.8297 10.4887 -4.2070
v  30.8297 10.4887 -2.7677
v  31.3377 5.4087 -4.2070
v  31.3377 5.4087 -5.6464
v  31.3377 10.4887 -5.6464
v  31.3377 10.4887 -4.2070
v  30.8297 10.4887 -7.0857
v  30.8297 10.4887 -5.6464
v  31.3377 15.5687 -5.6464
v  31.3377 15.5687 -4.2070
v  29.3904 10.4887 -7.0857
v  29.3904 5.4087 -7.5937
v  27.9510 5.4087 -7.5937
v  27.9510 10.4887 -7.5937
v  29.3904 10.4887 -7.5937
v  26.5117 10.4887 -7.0857
v  27.9510 10.4887 -7.0857
v  27.9510 15.5687 -7.5937
v  29.3904 15.5687 -7.5937
v  26.5117 10.4887 -5.6464
v  26.0037 5.4087 -5.6464
v  26.0037 5.4087 -4.2070
v  26.0037 10.4887 -4.2070
v  26.0037 10.4887 -5.6464
v  26.5117 10.4887 -2.7677
v  26.5117 10.4887 -4.2070
v  26.0037 15.5687 -4.2070
v  26.0037 15.5687 -5.6464
v  27.9510 10.4887 -2.7677
v  27.9510 5.4087 -2.2597
v  29.3904 5.4087 -2.2597
v  29.3904 10.4887 -2.2597
v  27.9510 10.4887 -2.2597
v  29.3904 10.4887 -2.7677
v  29.3904 15.5687 -2.2597
v  27.9510 15.5687 -2.2597
# 68 vertices

vn 0.0000 -1.0000 -0.0000
vn 0.0000 1.0000 -0.0000
vn 1.0000 0.0000 -0.0000
vn -0.0000 0.0000 -1.0000
vn -0.0000 -0.0000 -1.0000
vn -1.0000 0.0000 0.0000
vn -1.0000 -0.0000 0.0000
vn 0.0000 0.0000 1.0000
vn 0.0000 -0.0000 1.0000
vn 1.0000 -0.0000 -0.0000
# 10 vertex normals

vt 1.0000 0.0000 0.0000
vt 1.0000 0.3333 0.0000
vt 0.6667 0.3333 0.0000
vt 0.6667 0.0000 0.0000
vt 0.3333 0.3333 0.0000
vt 0.3333 0.0000 0.0000
vt -0.0000 0.3333 0.0000
vt -0.0000 0.0000 0.0000
vt 1.0000 0.6667 0.0000
vt 0.6667 0.6667 0.0000
vt 0.3333 0.6667 0.0000
vt -0.0000 0.6667 0.0000
vt 1.0000 1.0000 0.0000
vt 0.6667 1.0000 0.0000
vt 0.3333 1.0000 0.0000
vt -0.0000 1.0000 0.0000
vt 0.0000 0.0000 0.0000
vt 0.0000 0.3333 0.0000
vt 0.0000 0.6667 0.0000
vt 0.0000 1.0000 0.0000
vt 0.3333 0.5000 0.0000
vt 0.0000 0.5000 0.0000
vt 0.6667 0.5000 0.0000
vt 1.0000 0.5000 0.0000
# 24 texture coords

g Box389
usemtl xdgh
s 2
f 2275/1817/706 2276/1818/706 2277/1819/706 2278/1820/706 
f 2278/1820/706 2277/1819/706 2279/1821/706 2280/1822/706 
f 2280/1822/706 2279/1821/706 2281/1823/706 2282/1824/706 
f 2276/1818/706 2283/1825/706 2284/1826/706 2277/1819/706 
f 2277/1819/706 2284/1826/706 2285/1827/706 2279/1821/706 
f 2279/1821/706 2285/1827/706 2286/1828/706 2281/1823/706 
f 2283/1825/706 2287/1829/706 2288/1830/706 2284/1826/706 
f 2284/1826/706 2288/1830/706 2289/1831/706 2285/1827/706 
f 2285/1827/706 2289/1831/706 2290/1832/706 2286/1828/706 
s 4
f 2291/1833/707 2292/1822/707 2293/1821/707 2294/1834/707 
f 2292/1822/707 2295/1820/707 2296/1819/707 2293/1821/707 
f 2295/1820/707 2297/1817/707 2298/1818/707 2296/1819/707 
f 2294/1834/707 2293/1821/707 2299/1827/707 2300/1835/707 
f 2293/1821/707 2296/1819/707 2301/1826/707 2299/1827/707 
f 2296/1819/707 2298/1818/707 2302/1825/707 2301/1826/707 
f 2300/1835/707 2299/1827/707 2303/1831/707 2304/1836/707 
f 2299/1827/707 2301/1826/707 2305/1830/707 2303/1831/707 
f 2301/1826/707 2302/1825/707 2306/1829/707 2305/1830/707 
s 8
f 2275/1833/708 2278/1822/708 2307/1837/708 2308/1838/708 
f 2309/1822/708 2310/1820/708 2311/1839/708 2312/1837/708 
f 2280/1820/708 2282/1817/708 2313/1840/708 2314/1839/708 
usemtl tfg
f 2308/1838/708 2307/1837/708 2292/1831/708 2291/1836/708 
usemtl xdgh
f 2312/1837/708 2311/1839/708 2315/1830/708 2316/1831/708 
usemtl tfg
f 2314/1839/708 2313/1840/708 2297/1829/708 2295/1830/708 
usemtl xdgh
s 16
f 2282/1833/709 2281/1822/709 2317/1837/709 2313/1838/709 
f 2318/1822/710 2319/1820/710 2320/1839/709 2321/1837/709 
f 2286/1820/709 2290/1817/709 2322/1840/709 2323/1839/709 
usemtl tfg
f 2313/1838/709 2317/1837/709 2298/1831/709 2297/1836/709 
usemtl xdgh
f 2321/1837/709 2320/1839/709 2324/1830/709 2325/1831/709 
usemtl tfg
f 2323/1839/709 2322/1840/709 2306/1829/709 2302/1830/709 
usemtl xdgh
s 32
f 2290/1833/711 2289/1822/711 2326/1837/711 2322/1838/711 
f 2327/1822/712 2328/1820/712 2329/1839/711 2330/1837/711 
f 2288/1820/711 2287/1817/711 2331/1840/711 2332/1839/711 
usemtl tfg
f 2322/1838/711 2326/1837/711 2305/1831/711 2306/1836/711 
usemtl xdgh
f 2330/1837/711 2329/1839/711 2333/1830/711 2334/1831/711 
usemtl tfg
f 2332/1839/711 2331/1840/711 2304/1829/711 2303/1830/711 
usemtl xdgh
s 64
f 2287/1833/713 2283/1822/713 2335/1837/713 2331/1838/713 
f 2336/1822/713 2337/1820/713 2338/1839/713 2339/1837/713 
f 2276/1820/713 2275/1817/713 2308/1840/713 2340/1839/713 
usemtl tfg
f 2331/1838/713 2335/1837/713 2300/1831/713 2304/1836/713 
usemtl xdgh
f 2339/1837/713 2338/1839/713 2341/1830/713 2342/1831/713 
usemtl tfg
f 2340/1839/713 2308/1840/713 2291/1829/713 2294/1830/713 
usemtl xdgh
s off
f 2278/1820/706 2280/1822/706 2310/1820/706 2309/1822/706 
usemtl tfg
f 2280/1820/709 2314/1839/709 2311/1839/709 2310/1820/709 
f 2314/1839/709 2295/1830/709 2315/1830/709 2311/1839/709 
usemtl xdgh
f 2295/1820/707 2292/1822/707 2316/1831/707 2315/1830/707 
usemtl tfg
f 2292/1831/713 2307/1837/713 2312/1837/713 2316/1831/713 
f 2307/1837/713 2278/1822/713 2309/1822/713 2312/1837/713 
usemtl xdgh
f 2281/1823/706 2286/1828/706 2319/1820/706 2318/1822/706 
usemtl tfg
f 2286/1820/711 2323/1839/711 2320/1839/711 2319/1820/711 
f 2323/1839/711 2302/1830/711 2324/1830/711 2320/1839/711 
usemtl xdgh
f 2302/1825/707 2298/1818/707 2325/1831/707 2324/1830/707 
usemtl tfg
f 2298/1831/708 2317/1837/708 2321/1837/708 2325/1831/708 
f 2317/1837/708 2281/1822/708 2318/1822/708 2321/1837/708 
usemtl xdgh
f 2289/1831/706 2288/1830/706 2328/1820/706 2327/1822/706 
usemtl tfg
f 2288/1820/713 2332/1839/713 2329/1839/713 2328/1820/713 
f 2332/1839/714 2303/1830/714 2333/1830/714 2329/1839/714 
usemtl xdgh
f 2303/1831/707 2305/1830/707 2334/1831/707 2333/1830/707 
usemtl tfg
f 2305/1831/709 2326/1837/709 2330/1837/709 2334/1831/709 
f 2326/1837/710 2289/1822/710 2327/1822/710 2330/1837/710 
usemtl xdgh
f 2283/1825/706 2276/1818/706 2337/1820/706 2336/1822/706 
usemtl tfg
f 2276/1820/708 2340/1839/708 2338/1839/708 2337/1820/708 
f 2340/1839/715 2294/1830/715 2341/1830/715 2338/1839/715 
usemtl xdgh
f 2294/1834/707 2300/1835/707 2342/1831/707 2341/1830/707 
usemtl tfg
f 2300/1831/711 2335/1837/711 2339/1837/711 2342/1831/711 
f 2335/1837/712 2283/1822/712 2336/1822/712 2339/1837/712 
# 66 polygons

#
# object Box390
#

v  31.2107 10.3079 -2.3867
v  26.1307 10.3079 -2.3867
v  26.1307 10.3079 -7.4667
v  31.2107 10.3079 -7.4667
v  31.2107 10.5619 -2.3867
v  31.2107 10.5619 -7.4667
v  26.1307 10.5619 -7.4667
v  26.1307 10.5619 -2.3867
# 8 vertices

vn 0.0000 -1.0000 -0.0000
vn 0.0000 1.0000 -0.0000
vn 1.0000 0.0000 -0.0000
vn -0.0000 0.0000 -1.0000
vn -1.0000 0.0000 0.0000
vn 0.0000 0.0000 1.0000
# 6 vertex normals

vt 1.0000 0.0000 0.0000
vt 1.0000 1.0000 0.0000
vt 0.0000 1.0000 0.0000
vt 0.0000 0.0000 0.0000
# 4 texture coords

g Box390
usemtl cvj
s 2
f 2343/1841/716 2344/1842/716 2345/1843/716 2346/1844/716 
s 4
f 2347/1844/717 2348/1841/717 2349/1842/717 2350/1843/717 
s 8
f 2343/1844/718 2346/1841/718 2348/1842/718 2347/1843/718 
s 16
f 2346/1844/719 2345/1841/719 2349/1842/719 2348/1843/719 
s 32
f 2345/1844/720 2344/1841/720 2350/1842/720 2349/1843/720 
s 64
f 2344/1844/721 2343/1841/721 2347/1842/721 2350/1843/721 
# 6 polygons

#
# object Cylinder147
#

v  28.7131 9.7715 -7.8158
v  28.0092 10.4754 -7.8158
v  28.7131 11.1793 -7.8158
v  29.4170 10.4754 -7.8158
v  28.0092 10.4754 -7.7650
v  28.7131 11.1793 -7.7650
v  28.7131 9.7715 -7.7650
v  29.4170 10.4754 -7.7650
v  28.0092 10.4754 -7.7142
v  28.7131 11.1793 -7.7142
v  28.7131 9.7715 -7.7142
v  29.4170 10.4754 -7.7142
v  28.0092 10.4754 -7.6634
v  28.7131 11.1793 -7.6634
v  28.7131 9.7715 -7.6634
v  29.4170 10.4754 -7.6634
v  28.0092 10.4754 -7.6126
v  28.7131 11.1793 -7.6126
v  28.7131 9.7715 -7.6126
v  29.4170 10.4754 -7.6126
v  28.0092 10.4754 -7.5618
v  28.7131 11.1793 -7.5618
v  28.7131 9.7715 -7.5618
v  29.4170 10.4754 -7.5618
# 24 vertices

vn -0.0000 -0.0000 -1.0000
vn 0.0000 1.0000 -0.0000
vn -1.0000 0.0000 0.0000
vn -0.0000 -1.0000 0.0000
vn 1.0000 -0.0000 -0.0000
vn 0.0000 0.0000 1.0000
# 6 vertex normals

vt 0.2500 0.0000 1.0000
vt 0.0000 0.0000 1.0000
vt -0.2500 0.0000 1.0000
vt 0.7500 0.0000 1.0000
vt 0.5000 0.0000 1.0000
vt 0.0000 0.2000 1.0000
vt -0.2500 0.2000 1.0000
vt 0.2500 0.2000 1.0000
vt 0.5000 0.2000 1.0000
vt 0.7500 0.2000 1.0000
vt 0.0000 0.4000 1.0000
vt -0.2500 0.4000 1.0000
vt 0.2500 0.4000 1.0000
vt 0.5000 0.4000 1.0000
vt 0.7500 0.4000 1.0000
vt 0.0000 0.6000 1.0000
vt -0.2500 0.6000 1.0000
vt 0.2500 0.6000 1.0000
vt 0.5000 0.6000 1.0000
vt 0.7500 0.6000 1.0000
vt 0.0000 0.8000 1.0000
vt -0.2500 0.8000 1.0000
vt 0.2500 0.8000 1.0000
vt 0.5000 0.8000 1.0000
vt 0.7500 0.8000 1.0000
vt 0.0000 1.0000 1.0000
vt -0.2500 1.0000 1.0000
vt 0.2500 1.0000 1.0000
vt 0.5000 1.0000 1.0000
vt 0.7500 1.0000 1.0000
vt 1.0000 1.0000 -1.0000
# 31 texture coords

g Cylinder147
usemtl 03___Defaulttyi
s 1
f 2351/1845/722 2352/1846/722 2353/1847/722 
f 2353/1848/722 2354/1849/722 2351/1845/722 
s 8
f 2353/1847/723 2352/1846/724 2355/1850/724 2356/1851/723 
f 2352/1846/724 2351/1845/725 2357/1852/725 2355/1850/724 
f 2351/1845/725 2354/1849/726 2358/1853/726 2357/1852/725 
f 2354/1849/726 2353/1848/723 2356/1854/723 2358/1853/726 
f 2356/1851/723 2355/1850/724 2359/1855/724 2360/1856/723 
f 2355/1850/724 2357/1852/725 2361/1857/725 2359/1855/724 
f 2357/1852/725 2358/1853/726 2362/1858/726 2361/1857/725 
f 2358/1853/726 2356/1854/723 2360/1859/723 2362/1858/726 
f 2360/1856/723 2359/1855/724 2363/1860/724 2364/1861/723 
f 2359/1855/724 2361/1857/725 2365/1862/725 2363/1860/724 
f 2361/1857/725 2362/1858/726 2366/1863/726 2365/1862/725 
f 2362/1858/726 2360/1859/723 2364/1864/723 2366/1863/726 
f 2364/1861/723 2363/1860/724 2367/1865/724 2368/1866/723 
f 2363/1860/724 2365/1862/725 2369/1867/725 2367/1865/724 
f 2365/1862/725 2366/1863/726 2370/1868/726 2369/1867/725 
f 2366/1863/726 2364/1864/723 2368/1869/723 2370/1868/726 
f 2368/1866/723 2367/1865/724 2371/1870/724 2372/1871/723 
f 2367/1865/724 2369/1867/725 2373/1872/725 2371/1870/724 
f 2369/1867/725 2370/1868/726 2374/1873/726 2373/1872/725 
f 2370/1868/726 2368/1869/723 2372/1874/723 2374/1873/726 
s 1
f 2374/1875/727 2372/1871/727 2371/1870/727 
f 2371/1870/727 2373/1872/727 2374/1873/727 
# 20 polygons - 4 triangles

#
# object Cylinder148
#

v  25.7707 9.7715 -4.9421
v  25.7707 10.4754 -4.2382
v  25.7707 11.1793 -4.9421
v  25.7707 10.4754 -5.6460
v  25.8215 10.4754 -4.2382
v  25.8215 11.1793 -4.9421
v  25.8215 9.7715 -4.9421
v  25.8215 10.4754 -5.6460
v  25.8723 10.4754 -4.2382
v  25.8723 11.1793 -4.9421
v  25.8723 9.7715 -4.9421
v  25.8723 10.4754 -5.6460
v  25.9231 10.4754 -4.2382
v  25.9231 11.1793 -4.9421
v  25.9231 9.7715 -4.9421
v  25.9231 10.4754 -5.6460
v  25.9739 10.4754 -4.2382
v  25.9739 11.1793 -4.9421
v  25.9739 9.7715 -4.9421
v  25.9739 10.4754 -5.6460
v  26.0247 10.4754 -4.2382
v  26.0247 11.1793 -4.9421
v  26.0247 9.7715 -4.9421
v  26.0247 10.4754 -5.6460
# 24 vertices

vn -1.0000 0.0000 0.0000
vn 0.0000 1.0000 -0.0000
vn 0.0000 0.0000 1.0000
vn -0.0000 -1.0000 0.0000
vn -0.0000 -0.0000 -1.0000
vn 1.0000 -0.0000 -0.0000
# 6 vertex normals

vt 0.2500 0.0000 1.0000
vt 0.0000 0.0000 1.0000
vt -0.2500 0.0000 1.0000
vt 0.7500 0.0000 1.0000
vt 0.5000 0.0000 1.0000
vt 0.0000 0.2000 1.0000
vt -0.2500 0.2000 1.0000
vt 0.2500 0.2000 1.0000
vt 0.5000 0.2000 1.0000
vt 0.7500 0.2000 1.0000
vt 0.0000 0.4000 1.0000
vt -0.2500 0.4000 1.0000
vt 0.2500 0.4000 1.0000
vt 0.5000 0.4000 1.0000
vt 0.7500 0.4000 1.0000
vt 0.0000 0.6000 1.0000
vt -0.2500 0.6000 1.0000
vt 0.2500 0.6000 1.0000
vt 0.5000 0.6000 1.0000
vt 0.7500 0.6000 1.0000
vt 0.0000 0.8000 1.0000
vt -0.2500 0.8000 1.0000
vt 0.2500 0.8000 1.0000
vt 0.5000 0.8000 1.0000
vt 0.7500 0.8000 1.0000
vt 0.0000 1.0000 1.0000
vt -0.2500 1.0000 1.0000
vt 0.2500 1.0000 1.0000
vt 0.5000 1.0000 1.0000
vt 0.7500 1.0000 1.0000
vt 1.0000 1.0000 -1.0000
# 31 texture coords

g Cylinder148
usemtl 03___Defaulttyi
s 1
f 2375/1876/728 2376/1877/728 2377/1878/728 
f 2377/1879/728 2378/1880/728 2375/1876/728 
s 8
f 2377/1878/729 2376/1877/730 2379/1881/730 2380/1882/729 
f 2376/1877/730 2375/1876/731 2381/1883/731 2379/1881/730 
f 2375/1876/731 2378/1880/732 2382/1884/732 2381/1883/731 
f 2378/1880/732 2377/1879/729 2380/1885/729 2382/1884/732 
f 2380/1882/729 2379/1881/730 2383/1886/730 2384/1887/729 
f 2379/1881/730 2381/1883/731 2385/1888/731 2383/1886/730 
f 2381/1883/731 2382/1884/732 2386/1889/732 2385/1888/731 
f 2382/1884/732 2380/1885/729 2384/1890/729 2386/1889/732 
f 2384/1887/729 2383/1886/730 2387/1891/730 2388/1892/729 
f 2383/1886/730 2385/1888/731 2389/1893/731 2387/1891/730 
f 2385/1888/731 2386/1889/732 2390/1894/732 2389/1893/731 
f 2386/1889/732 2384/1890/729 2388/1895/729 2390/1894/732 
f 2388/1892/729 2387/1891/730 2391/1896/730 2392/1897/729 
f 2387/1891/730 2389/1893/731 2393/1898/731 2391/1896/730 
f 2389/1893/731 2390/1894/732 2394/1899/732 2393/1898/731 
f 2390/1894/732 2388/1895/729 2392/1900/729 2394/1899/732 
f 2392/1897/729 2391/1896/730 2395/1901/730 2396/1902/729 
f 2391/1896/730 2393/1898/731 2397/1903/731 2395/1901/730 
f 2393/1898/731 2394/1899/732 2398/1904/732 2397/1903/731 
f 2394/1899/732 2392/1900/729 2396/1905/729 2398/1904/732 
s 1
f 2398/1906/733 2396/1902/733 2395/1901/733 
f 2395/1901/733 2397/1903/733 2398/1904/733 
# 20 polygons - 4 triangles

#
# object Cylinder149
#

v  28.7131 9.7715 -2.3571
v  28.0092 10.4754 -2.3571
v  28.7131 11.1793 -2.3571
v  29.4170 10.4754 -2.3571
v  28.0092 10.4754 -2.3063
v  28.7131 11.1793 -2.3063
v  28.7131 9.7715 -2.3063
v  29.4170 10.4754 -2.3063
v  28.0092 10.4754 -2.2555
v  28.7131 11.1793 -2.2555
v  28.7131 9.7715 -2.2555
v  29.4170 10.4754 -2.2555
v  28.0092 10.4754 -2.2047
v  28.7131 11.1793 -2.2047
v  28.7131 9.7715 -2.2047
v  29.4170 10.4754 -2.2047
v  28.0092 10.4754 -2.1539
v  28.7131 11.1793 -2.1539
v  28.7131 9.7715 -2.1539
v  29.4170 10.4754 -2.1539
v  28.0092 10.4754 -2.1031
v  28.7131 11.1793 -2.1031
v  28.7131 9.7715 -2.1031
v  29.4170 10.4754 -2.1031
# 24 vertices

vn -0.0000 -0.0000 -1.0000
vn 0.0000 1.0000 -0.0000
vn -1.0000 0.0000 0.0000
vn -0.0000 -1.0000 0.0000
vn 1.0000 -0.0000 -0.0000
vn 0.0000 0.0000 1.0000
# 6 vertex normals

vt 0.2500 0.0000 1.0000
vt 0.0000 0.0000 1.0000
vt -0.2500 0.0000 1.0000
vt 0.7500 0.0000 1.0000
vt 0.5000 0.0000 1.0000
vt 0.0000 0.2000 1.0000
vt -0.2500 0.2000 1.0000
vt 0.2500 0.2000 1.0000
vt 0.5000 0.2000 1.0000
vt 0.7500 0.2000 1.0000
vt 0.0000 0.4000 1.0000
vt -0.2500 0.4000 1.0000
vt 0.2500 0.4000 1.0000
vt 0.5000 0.4000 1.0000
vt 0.7500 0.4000 1.0000
vt 0.0000 0.6000 1.0000
vt -0.2500 0.6000 1.0000
vt 0.2500 0.6000 1.0000
vt 0.5000 0.6000 1.0000
vt 0.7500 0.6000 1.0000
vt 0.0000 0.8000 1.0000
vt -0.2500 0.8000 1.0000
vt 0.2500 0.8000 1.0000
vt 0.5000 0.8000 1.0000
vt 0.7500 0.8000 1.0000
vt 0.0000 1.0000 1.0000
vt -0.2500 1.0000 1.0000
vt 0.2500 1.0000 1.0000
vt 0.5000 1.0000 1.0000
vt 0.7500 1.0000 1.0000
vt 1.0000 1.0000 -1.0000
# 31 texture coords

g Cylinder149
usemtl 03___Defaulttyi
s 1
f 2399/1907/734 2400/1908/734 2401/1909/734 
f 2401/1910/734 2402/1911/734 2399/1907/734 
s 8
f 2401/1909/735 2400/1908/736 2403/1912/736 2404/1913/735 
f 2400/1908/736 2399/1907/737 2405/1914/737 2403/1912/736 
f 2399/1907/737 2402/1911/738 2406/1915/738 2405/1914/737 
f 2402/1911/738 2401/1910/735 2404/1916/735 2406/1915/738 
f 2404/1913/735 2403/1912/736 2407/1917/736 2408/1918/735 
f 2403/1912/736 2405/1914/737 2409/1919/737 2407/1917/736 
f 2405/1914/737 2406/1915/738 2410/1920/738 2409/1919/737 
f 2406/1915/738 2404/1916/735 2408/1921/735 2410/1920/738 
f 2408/1918/735 2407/1917/736 2411/1922/736 2412/1923/735 
f 2407/1917/736 2409/1919/737 2413/1924/737 2411/1922/736 
f 2409/1919/737 2410/1920/738 2414/1925/738 2413/1924/737 
f 2410/1920/738 2408/1921/735 2412/1926/735 2414/1925/738 
f 2412/1923/735 2411/1922/736 2415/1927/736 2416/1928/735 
f 2411/1922/736 2413/1924/737 2417/1929/737 2415/1927/736 
f 2413/1924/737 2414/1925/738 2418/1930/738 2417/1929/737 
f 2414/1925/738 2412/1926/735 2416/1931/735 2418/1930/738 
f 2416/1928/735 2415/1927/736 2419/1932/736 2420/1933/735 
f 2415/1927/736 2417/1929/737 2421/1934/737 2419/1932/736 
f 2417/1929/737 2418/1930/738 2422/1935/738 2421/1934/737 
f 2418/1930/738 2416/1931/735 2420/1936/735 2422/1935/738 
s 1
f 2422/1937/739 2420/1933/739 2419/1932/739 
f 2419/1932/739 2421/1934/739 2422/1935/739 
# 20 polygons - 4 triangles

#
# object Cylinder150
#

v  31.2517 9.7715 -4.9421
v  31.2517 10.4754 -4.2382
v  31.2517 11.1793 -4.9421
v  31.2517 10.4754 -5.6460
v  31.3025 10.4754 -4.2382
v  31.3025 11.1793 -4.9421
v  31.3025 9.7715 -4.9421
v  31.3025 10.4754 -5.6460
v  31.3533 10.4754 -4.2382
v  31.3533 11.1793 -4.9421
v  31.3533 9.7715 -4.9421
v  31.3533 10.4754 -5.6460
v  31.4041 10.4754 -4.2382
v  31.4041 11.1793 -4.9421
v  31.4041 9.7715 -4.9421
v  31.4041 10.4754 -5.6460
v  31.4549 10.4754 -4.2382
v  31.4549 11.1793 -4.9421
v  31.4549 9.7715 -4.9421
v  31.4549 10.4754 -5.6460
v  31.5057 10.4754 -4.2382
v  31.5057 11.1793 -4.9421
v  31.5057 9.7715 -4.9421
v  31.5057 10.4754 -5.6460
# 24 vertices

vn -1.0000 0.0000 0.0000
vn 0.0000 1.0000 -0.0000
vn 0.0000 0.0000 1.0000
vn -0.0000 -1.0000 0.0000
vn -0.0000 -0.0000 -1.0000
vn 1.0000 -0.0000 -0.0000
# 6 vertex normals

vt 0.2500 0.0000 1.0000
vt 0.0000 0.0000 1.0000
vt -0.2500 0.0000 1.0000
vt 0.7500 0.0000 1.0000
vt 0.5000 0.0000 1.0000
vt 0.0000 0.2000 1.0000
vt -0.2500 0.2000 1.0000
vt 0.2500 0.2000 1.0000
vt 0.5000 0.2000 1.0000
vt 0.7500 0.2000 1.0000
vt 0.0000 0.4000 1.0000
vt -0.2500 0.4000 1.0000
vt 0.2500 0.4000 1.0000
vt 0.5000 0.4000 1.0000
vt 0.7500 0.4000 1.0000
vt 0.0000 0.6000 1.0000
vt -0.2500 0.6000 1.0000
vt 0.2500 0.6000 1.0000
vt 0.5000 0.6000 1.0000
vt 0.7500 0.6000 1.0000
vt 0.0000 0.8000 1.0000
vt -0.2500 0.8000 1.0000
vt 0.2500 0.8000 1.0000
vt 0.5000 0.8000 1.0000
vt 0.7500 0.8000 1.0000
vt 0.0000 1.0000 1.0000
vt -0.2500 1.0000 1.0000
vt 0.2500 1.0000 1.0000
vt 0.5000 1.0000 1.0000
vt 0.7500 1.0000 1.0000
vt 1.0000 1.0000 -1.0000
# 31 texture coords

g Cylinder150
usemtl 03___Defaulttyi
s 1
f 2423/1938/740 2424/1939/740 2425/1940/740 
f 2425/1941/740 2426/1942/740 2423/1938/740 
s 8
f 2425/1940/741 2424/1939/742 2427/1943/742 2428/1944/741 
f 2424/1939/742 2423/1938/743 2429/1945/743 2427/1943/742 
f 2423/1938/743 2426/1942/744 2430/1946/744 2429/1945/743 
f 2426/1942/744 2425/1941/741 2428/1947/741 2430/1946/744 
f 2428/1944/741 2427/1943/742 2431/1948/742 2432/1949/741 
f 2427/1943/742 2429/1945/743 2433/1950/743 2431/1948/742 
f 2429/1945/743 2430/1946/744 2434/1951/744 2433/1950/743 
f 2430/1946/744 2428/1947/741 2432/1952/741 2434/1951/744 
f 2432/1949/741 2431/1948/742 2435/1953/742 2436/1954/741 
f 2431/1948/742 2433/1950/743 2437/1955/743 2435/1953/742 
f 2433/1950/743 2434/1951/744 2438/1956/744 2437/1955/743 
f 2434/1951/744 2432/1952/741 2436/1957/741 2438/1956/744 
f 2436/1954/741 2435/1953/742 2439/1958/742 2440/1959/741 
f 2435/1953/742 2437/1955/743 2441/1960/743 2439/1958/742 
f 2437/1955/743 2438/1956/744 2442/1961/744 2441/1960/743 
f 2438/1956/744 2436/1957/741 2440/1962/741 2442/1961/744 
f 2440/1959/741 2439/1958/742 2443/1963/742 2444/1964/741 
f 2439/1958/742 2441/1960/743 2445/1965/743 2443/1963/742 
f 2441/1960/743 2442/1961/744 2446/1966/744 2445/1965/743 
f 2442/1961/744 2440/1962/741 2444/1967/741 2446/1966/744 
s 1
f 2446/1968/745 2444/1964/745 2443/1963/745 
f 2443/1963/745 2445/1965/745 2446/1966/745 
# 20 polygons - 4 triangles

#
# object Box391
#

v  -21.0955 9.7792 -7.6610
v  -19.8385 9.7792 -7.6610
v  -19.8385 9.7792 -8.9179
v  -21.0955 9.7792 -8.9179
v  -19.8385 9.7792 -10.1748
v  -21.0955 9.7792 -10.1748
v  -19.8385 9.7792 -11.4318
v  -21.0955 9.7792 -11.4318
v  -18.5816 9.7792 -7.6610
v  -18.5816 9.7792 -8.9179
v  -18.5816 9.7792 -10.1748
v  -18.5816 9.7792 -11.4318
v  -17.3247 9.7792 -7.6610
v  -17.3247 9.7792 -8.9179
v  -17.3247 9.7792 -10.1748
v  -17.3247 9.7792 -11.4318
v  -21.0955 28.0716 -7.6610
v  -21.0955 28.0716 -8.9179
v  -19.8385 28.0716 -8.9179
v  -19.8385 28.0716 -7.6610
v  -21.0955 28.0716 -10.1748
v  -19.8385 28.0716 -10.1748
v  -21.0955 28.0716 -11.4318
v  -19.8385 28.0716 -11.4318
v  -18.5816 28.0716 -8.9179
v  -18.5816 28.0716 -7.6610
v  -18.5816 28.0716 -10.1748
v  -18.5816 28.0716 -11.4318
v  -17.3247 28.0716 -8.9179
v  -17.3247 28.0716 -7.6610
v  -17.3247 28.0716 -10.1748
v  -17.3247 28.0716 -11.4318
v  -21.0955 17.1156 -8.9179
v  -21.0955 17.1156 -7.6610
v  -21.5391 9.7792 -8.9179
v  -21.5391 9.7792 -10.1748
v  -21.5391 17.1156 -10.1748
v  -21.5391 17.1156 -8.9179
v  -21.0955 17.1156 -11.4318
v  -21.0955 17.1156 -10.1748
v  -21.5391 28.0716 -10.1748
v  -21.5391 28.0716 -8.9179
v  -19.8385 17.1156 -11.4318
v  -19.8385 9.7792 -11.8754
v  -18.5816 9.7792 -11.8754
v  -18.5816 17.1156 -11.8754
v  -19.8385 17.1156 -11.8754
v  -17.3247 17.1156 -11.4318
v  -18.5816 17.1156 -11.4318
v  -18.5816 28.0716 -11.8754
v  -19.8385 28.0716 -11.8754
v  -17.3247 17.1156 -10.1748
v  -16.8811 9.7792 -10.1748
v  -16.8811 9.7792 -8.9179
v  -16.8811 17.1156 -8.9179
v  -16.8811 17.1156 -10.1748
v  -17.3247 17.1156 -7.6610
v  -17.3247 17.1156 -8.9179
v  -16.8811 28.0716 -8.9179
v  -16.8811 28.0716 -10.1748
v  -18.5816 17.1156 -7.6610
v  -18.5816 9.7792 -7.2174
v  -19.8385 9.7792 -7.2174
v  -19.8385 17.1156 -7.2174
v  -18.5816 17.1156 -7.2174
v  -19.8385 17.1156 -7.6610
v  -19.8385 28.0716 -7.2174
v  -18.5816 28.0716 -7.2174
# 68 vertices

vn 0.0000 -1.0000 -0.0000
vn 0.0000 1.0000 -0.0000
vn -1.0000 -0.0000 -0.0000
vn -1.0000 0.0000 -0.0000
vn 0.0000 -0.0000 -1.0000
vn 0.0000 0.0000 -1.0000
vn 1.0000 -0.0000 0.0000
vn 1.0000 0.0000 0.0000
vn -0.0000 -0.0000 1.0000
vn -0.0000 0.0000 1.0000
vn 0.0000 -0.0000 1.0000
vn -1.0000 -0.0000 0.0000
# 12 vertex normals

vt 1.0000 0.0000 0.0000
vt 1.0000 0.3333 0.0000
vt 0.6667 0.3333 0.0000
vt 0.6667 0.0000 0.0000
vt 0.3333 0.3333 0.0000
vt 0.3333 0.0000 0.0000
vt -0.0000 0.3333 0.0000
vt -0.0000 0.0000 0.0000
vt 1.0000 0.6667 0.0000
vt 0.6667 0.6667 0.0000
vt 0.3333 0.6667 0.0000
vt -0.0000 0.6667 0.0000
vt 1.0000 1.0000 0.0000
vt 0.6667 1.0000 0.0000
vt 0.3333 1.0000 0.0000
vt -0.0000 1.0000 0.0000
vt 0.0000 0.0000 0.0000
vt 0.0000 0.3333 0.0000
vt 0.0000 0.6667 0.0000
vt 0.0000 1.0000 0.0000
vt 0.3333 0.5000 0.0000
vt 0.0000 0.5000 0.0000
vt 0.6667 0.5000 0.0000
vt 1.0000 0.5000 0.0000
# 24 texture coords

g Box391
usemtl xdgh
s 2
f 2450/1972/746 2449/1971/746 2448/1970/746 2447/1969/746 
f 2452/1974/746 2451/1973/746 2449/1971/746 2450/1972/746 
f 2454/1976/746 2453/1975/746 2451/1973/746 2452/1974/746 
f 2449/1971/746 2456/1978/746 2455/1977/746 2448/1970/746 
f 2451/1973/746 2457/1979/746 2456/1978/746 2449/1971/746 
f 2453/1975/746 2458/1980/746 2457/1979/746 2451/1973/746 
f 2456/1978/746 2460/1982/746 2459/1981/746 2455/1977/746 
f 2457/1979/746 2461/1983/746 2460/1982/746 2456/1978/746 
f 2458/1980/746 2462/1984/746 2461/1983/746 2457/1979/746 
s 4
f 2466/1986/747 2465/1973/747 2464/1974/747 2463/1985/747 
f 2465/1973/747 2468/1971/747 2467/1972/747 2464/1974/747 
f 2468/1971/747 2470/1970/747 2469/1969/747 2467/1972/747 
f 2472/1987/747 2471/1979/747 2465/1973/747 2466/1986/747 
f 2471/1979/747 2473/1978/747 2468/1971/747 2465/1973/747 
f 2473/1978/747 2474/1977/747 2470/1970/747 2468/1971/747 
f 2476/1988/747 2475/1983/747 2471/1979/747 2472/1987/747 
f 2475/1983/747 2477/1982/747 2473/1978/747 2471/1979/747 
f 2477/1982/747 2478/1981/747 2474/1977/747 2473/1978/747 
s 8
f 2480/1990/748 2479/1989/748 2450/1974/748 2447/1985/748 
f 2484/1989/748 2483/1991/748 2482/1972/748 2481/1974/748 
f 2486/1991/748 2485/1992/748 2454/1969/748 2452/1972/748 
f 2463/1988/748 2464/1983/748 2479/1989/748 2480/1990/748 
f 2488/1983/749 2487/1982/749 2483/1991/748 2484/1989/748 
f 2467/1982/748 2469/1981/748 2485/1992/748 2486/1991/748 
s 16
f 2485/1990/750 2489/1989/750 2453/1974/750 2454/1985/750 
f 2493/1989/750 2492/1991/750 2491/1972/750 2490/1974/750 
f 2495/1991/750 2494/1992/750 2462/1969/750 2458/1972/750 
f 2469/1988/751 2470/1983/751 2489/1989/750 2485/1990/750 
f 2497/1983/751 2496/1982/751 2492/1991/750 2493/1989/750 
f 2474/1982/751 2478/1981/751 2494/1992/750 2495/1991/750 
s 32
f 2494/1990/752 2498/1989/752 2461/1974/752 2462/1985/752 
f 2502/1989/752 2501/1991/752 2500/1972/752 2499/1974/752 
f 2504/1991/752 2503/1992/752 2459/1969/752 2460/1972/752 
f 2478/1988/753 2477/1983/753 2498/1989/752 2494/1990/752 
f 2506/1983/753 2505/1982/753 2501/1991/752 2502/1989/752 
f 2475/1982/753 2476/1981/753 2503/1992/752 2504/1991/752 
s 64
f 2503/1990/754 2507/1989/754 2455/1974/754 2459/1985/754 
f 2511/1989/754 2510/1991/754 2509/1972/754 2508/1974/754 
f 2512/1991/754 2480/1992/754 2447/1969/754 2448/1972/754 
f 2476/1988/754 2472/1983/754 2507/1989/754 2503/1990/754 
f 2514/1983/755 2513/1982/755 2510/1991/754 2511/1989/754 
f 2466/1982/754 2463/1981/754 2480/1992/754 2512/1991/754 
s off
f 2481/1974/746 2482/1972/746 2452/1974/746 2450/1972/746 
usemtl tfg
f 2482/1972/750 2483/1991/750 2486/1991/750 2452/1972/750 
f 2483/1991/751 2487/1982/751 2467/1982/751 2486/1991/751 
usemtl xdgh
f 2487/1982/747 2488/1983/747 2464/1974/747 2467/1972/747 
usemtl tfg
f 2488/1983/756 2484/1989/756 2479/1989/756 2464/1983/756 
f 2484/1989/755 2481/1974/755 2450/1974/755 2479/1989/755 
usemtl xdgh
f 2490/1974/746 2491/1972/746 2458/1980/746 2453/1975/746 
usemtl tfg
f 2491/1972/752 2492/1991/752 2495/1991/752 2458/1972/752 
f 2492/1991/753 2496/1982/753 2474/1982/753 2495/1991/753 
usemtl xdgh
f 2496/1982/747 2497/1983/747 2470/1970/747 2474/1977/747 
usemtl tfg
f 2497/1983/757 2493/1989/757 2489/1989/757 2470/1983/757 
f 2493/1989/749 2490/1974/749 2453/1974/749 2489/1989/749 
usemtl xdgh
f 2499/1974/746 2500/1972/746 2460/1982/746 2461/1983/746 
usemtl tfg
f 2500/1972/755 2501/1991/755 2504/1991/755 2460/1972/755 
f 2501/1991/754 2505/1982/754 2475/1982/754 2504/1991/754 
usemtl xdgh
f 2505/1982/747 2506/1983/747 2477/1982/747 2475/1983/747 
usemtl tfg
f 2506/1983/751 2502/1989/751 2498/1989/751 2477/1983/751 
f 2502/1989/750 2499/1974/750 2461/1974/750 2498/1989/750 
usemtl xdgh
f 2508/1974/746 2509/1972/746 2448/1970/746 2455/1977/746 
usemtl tfg
f 2509/1972/749 2510/1991/749 2512/1991/749 2448/1972/749 
f 2510/1991/748 2513/1982/748 2466/1982/748 2512/1991/748 
usemtl xdgh
f 2513/1982/747 2514/1983/747 2472/1987/747 2466/1986/747 
usemtl tfg
f 2514/1983/753 2511/1989/753 2507/1989/753 2472/1983/753 
f 2511/1989/752 2508/1974/752 2455/1974/752 2507/1989/752 
# 66 polygons

#
# object Box392
#

v  -21.2421 28.6489 -7.5144
v  -17.1781 28.6489 -7.5144
v  -17.1781 28.6489 -11.5784
v  -21.2421 28.6489 -11.5784
v  -21.2421 29.3336 -7.5144
v  -21.2421 29.3336 -11.5784
v  -17.1781 29.3336 -11.5784
v  -17.1781 29.3336 -7.5144
v  -21.6231 28.1791 -7.1334
v  -16.7971 28.1791 -7.1334
v  -16.7971 28.1791 -11.9594
v  -21.6231 28.1791 -11.9594
v  -21.6231 28.6871 -7.1334
v  -21.6231 28.6871 -11.9594
v  -16.7971 28.6871 -11.9594
v  -16.7971 28.6871 -7.1334
# 16 vertices

vn 0.0000 -1.0000 -0.0000
vn 0.0000 1.0000 -0.0000
vn -1.0000 0.0000 -0.0000
vn 0.0000 0.0000 -1.0000
vn 1.0000 0.0000 0.0000
vn -0.0000 0.0000 1.0000
# 6 vertex normals

vt 1.0000 0.0000 0.0000
vt 1.0000 1.0000 0.0000
vt 0.0000 1.0000 0.0000
vt 0.0000 0.0000 0.0000
# 4 texture coords

g Box392
usemtl tfg
s 2
f 2518/1996/758 2517/1995/758 2516/1994/758 2515/1993/758 
usemtl xdgh
s 4
f 2522/1995/759 2521/1994/759 2520/1993/759 2519/1996/759 
usemtl tfg
s 8
f 2519/1995/760 2520/1994/760 2518/1993/760 2515/1996/760 
s 16
f 2520/1995/761 2521/1994/761 2517/1993/761 2518/1996/761 
s 32
f 2521/1995/762 2522/1994/762 2516/1993/762 2517/1996/762 
s 64
f 2522/1995/763 2519/1994/763 2515/1993/763 2516/1996/763 
s 2
f 2526/1996/758 2525/1995/758 2524/1994/758 2523/1993/758 
s 4
f 2530/1995/759 2529/1994/759 2528/1993/759 2527/1996/759 
s 8
f 2527/1995/760 2528/1994/760 2526/1993/760 2523/1996/760 
s 16
f 2528/1995/761 2529/1994/761 2525/1993/761 2526/1996/761 
s 32
f 2529/1995/762 2530/1994/762 2524/1993/762 2525/1996/762 
s 64
f 2530/1995/763 2527/1994/763 2523/1993/763 2524/1996/763 
# 12 polygons

#
# object Box393
#

v  -21.3050 -0.3273 -7.3776
v  -19.8657 -0.3273 -7.3776
v  -19.8657 -0.3273 -8.8170
v  -21.3050 -0.3273 -8.8170
v  -19.8657 -0.3273 -10.2563
v  -21.3050 -0.3273 -10.2563
v  -19.8657 -0.3273 -11.6956
v  -21.3050 -0.3273 -11.6956
v  -18.4264 -0.3273 -7.3776
v  -18.4264 -0.3273 -8.8170
v  -18.4264 -0.3273 -10.2563
v  -18.4264 -0.3273 -11.6956
v  -16.9870 -0.3273 -7.3776
v  -16.9870 -0.3273 -8.8170
v  -16.9870 -0.3273 -10.2563
v  -16.9870 -0.3273 -11.6956
v  -21.3050 9.8327 -7.3776
v  -21.3050 9.8327 -8.8170
v  -19.8657 9.8327 -8.8170
v  -19.8657 9.8327 -7.3776
v  -21.3050 9.8327 -10.2563
v  -19.8657 9.8327 -10.2563
v  -21.3050 9.8327 -11.6956
v  -19.8657 9.8327 -11.6956
v  -18.4264 9.8327 -8.8170
v  -18.4264 9.8327 -7.3776
v  -18.4264 9.8327 -10.2563
v  -18.4264 9.8327 -11.6956
v  -16.9870 9.8327 -8.8170
v  -16.9870 9.8327 -7.3776
v  -16.9870 9.8327 -10.2563
v  -16.9870 9.8327 -11.6956
v  -21.3050 4.7527 -8.8170
v  -21.3050 4.7527 -7.3776
v  -21.8130 -0.3273 -8.8170
v  -21.8130 -0.3273 -10.2563
v  -21.8130 4.7527 -10.2563
v  -21.8130 4.7527 -8.8170
v  -21.3050 4.7527 -11.6956
v  -21.3050 4.7527 -10.2563
v  -21.8130 9.8327 -10.2563
v  -21.8130 9.8327 -8.8170
v  -19.8657 4.7527 -11.6956
v  -19.8657 -0.3273 -12.2036
v  -18.4264 -0.3273 -12.2036
v  -18.4264 4.7527 -12.2036
v  -19.8657 4.7527 -12.2036
v  -16.9870 4.7527 -11.6956
v  -18.4264 4.7527 -11.6956
v  -18.4264 9.8327 -12.2036
v  -19.8657 9.8327 -12.2036
v  -16.9870 4.7527 -10.2563
v  -16.4790 -0.3273 -10.2563
v  -16.4790 -0.3273 -8.8170
v  -16.4790 4.7527 -8.8170
v  -16.4790 4.7527 -10.2563
v  -16.9870 4.7527 -7.3776
v  -16.9870 4.7527 -8.8170
v  -16.4790 9.8327 -8.8170
v  -16.4790 9.8327 -10.2563
v  -18.4264 4.7527 -7.3776
v  -18.4264 -0.3273 -6.8696
v  -19.8657 -0.3273 -6.8696
v  -19.8657 4.7527 -6.8696
v  -18.4264 4.7527 -6.8696
v  -19.8657 4.7527 -7.3776
v  -19.8657 9.8327 -6.8696
v  -18.4264 9.8327 -6.8696
# 68 vertices

vn 0.0000 -1.0000 -0.0000
vn 0.0000 1.0000 -0.0000
vn -1.0000 0.0000 -0.0000
vn 0.0000 0.0000 -1.0000
vn 0.0000 -0.0000 -1.0000
vn 1.0000 0.0000 0.0000
vn 1.0000 -0.0000 0.0000
vn -0.0000 0.0000 1.0000
vn -0.0000 -0.0000 1.0000
vn -1.0000 -0.0000 -0.0000
# 10 vertex normals

vt 1.0000 0.0000 0.0000
vt 1.0000 0.3333 0.0000
vt 0.6667 0.3333 0.0000
vt 0.6667 0.0000 0.0000
vt 0.3333 0.3333 0.0000
vt 0.3333 0.0000 0.0000
vt -0.0000 0.3333 0.0000
vt -0.0000 0.0000 0.0000
vt 1.0000 0.6667 0.0000
vt 0.6667 0.6667 0.0000
vt 0.3333 0.6667 0.0000
vt -0.0000 0.6667 0.0000
vt 1.0000 1.0000 0.0000
vt 0.6667 1.0000 0.0000
vt 0.3333 1.0000 0.0000
vt -0.0000 1.0000 0.0000
vt 0.0000 0.0000 0.0000
vt 0.0000 0.3333 0.0000
vt 0.0000 0.6667 0.0000
vt 0.0000 1.0000 0.0000
vt 0.3333 0.5000 0.0000
vt 0.0000 0.5000 0.0000
vt 0.6667 0.5000 0.0000
vt 1.0000 0.5000 0.0000
# 24 texture coords

g Box393
usemtl xdgh
s 2
f 2534/2000/764 2533/1999/764 2532/1998/764 2531/1997/764 
f 2536/2002/764 2535/2001/764 2533/1999/764 2534/2000/764 
f 2538/2004/764 2537/2003/764 2535/2001/764 2536/2002/764 
f 2533/1999/764 2540/2006/764 2539/2005/764 2532/1998/764 
f 2535/2001/764 2541/2007/764 2540/2006/764 2533/1999/764 
f 2537/2003/764 2542/2008/764 2541/2007/764 2535/2001/764 
f 2540/2006/764 2544/2010/764 2543/2009/764 2539/2005/764 
f 2541/2007/764 2545/2011/764 2544/2010/764 2540/2006/764 
f 2542/2008/764 2546/2012/764 2545/2011/764 2541/2007/764 
usemtl tfg
s 4
f 2550/2014/765 2549/2001/765 2548/2002/765 2547/2013/765 
f 2549/2001/765 2552/1999/765 2551/2000/765 2548/2002/765 
f 2552/1999/765 2554/1998/765 2553/1997/765 2551/2000/765 
f 2556/2015/765 2555/2007/765 2549/2001/765 2550/2014/765 
f 2555/2007/765 2557/2006/765 2552/1999/765 2549/2001/765 
f 2557/2006/765 2558/2005/765 2554/1998/765 2552/1999/765 
f 2560/2016/765 2559/2011/765 2555/2007/765 2556/2015/765 
f 2559/2011/765 2561/2010/765 2557/2006/765 2555/2007/765 
f 2561/2010/765 2562/2009/765 2558/2005/765 2557/2006/765 
usemtl xdgh
s 8
f 2564/2018/766 2563/2017/766 2534/2002/766 2531/2013/766 
f 2568/2017/766 2567/2019/766 2566/2000/766 2565/2002/766 
f 2570/2019/766 2569/2020/766 2538/1997/766 2536/2000/766 
usemtl tfg
f 2547/2016/766 2548/2011/766 2563/2017/766 2564/2018/766 
usemtl xdgh
f 2572/2011/766 2571/2010/766 2567/2019/766 2568/2017/766 
f 2551/2010/766 2553/2009/766 2569/2020/766 2570/2019/766 
s 16
f 2569/2018/767 2573/2017/767 2537/2002/767 2538/2013/767 
f 2577/2017/767 2576/2019/767 2575/2000/768 2574/2002/768 
f 2579/2019/767 2578/2020/767 2546/1997/767 2542/2000/767 
f 2553/2016/767 2554/2011/767 2573/2017/767 2569/2018/767 
f 2581/2011/767 2580/2010/767 2576/2019/767 2577/2017/767 
usemtl tfg
f 2558/2010/767 2562/2009/767 2578/2020/767 2579/2019/767 
usemtl xdgh
s 32
f 2578/2018/769 2582/2017/769 2545/2002/769 2546/2013/769 
f 2586/2017/769 2585/2019/769 2584/2000/770 2583/2002/770 
f 2588/2019/769 2587/2020/769 2543/1997/769 2544/2000/769 
usemtl tfg
f 2562/2016/769 2561/2011/769 2582/2017/769 2578/2018/769 
usemtl xdgh
f 2590/2011/769 2589/2010/769 2585/2019/769 2586/2017/769 
usemtl tfg
f 2559/2010/769 2560/2009/769 2587/2020/769 2588/2019/769 
usemtl xdgh
s 64
f 2587/2018/771 2591/2017/771 2539/2002/771 2543/2013/771 
f 2595/2017/771 2594/2019/771 2593/2000/771 2592/2002/771 
f 2596/2019/771 2564/2020/771 2531/1997/771 2532/2000/771 
usemtl tfg
f 2560/2016/771 2556/2011/771 2591/2017/771 2587/2018/771 
usemtl xdgh
f 2598/2011/771 2597/2010/771 2594/2019/771 2595/2017/771 
usemtl tfg
f 2550/2010/771 2547/2009/771 2564/2020/771 2596/2019/771 
usemtl xdgh
s off
f 2565/2002/764 2566/2000/764 2536/2002/764 2534/2000/764 
usemtl 03___Defaulttyi
f 2566/2000/767 2567/2019/767 2570/2019/767 2536/2000/767 
f 2567/2019/767 2571/2010/767 2551/2010/767 2570/2019/767 
usemtl tfg
f 2571/2010/765 2572/2011/765 2548/2002/765 2551/2000/765 
usemtl 03___Defaulttyi
f 2572/2011/771 2568/2017/771 2563/2017/771 2548/2011/771 
f 2568/2017/771 2565/2002/771 2534/2002/771 2563/2017/771 
usemtl xdgh
f 2574/2002/764 2575/2000/764 2542/2008/764 2537/2003/764 
usemtl tfg
f 2575/2000/769 2576/2019/769 2579/2019/769 2542/2000/769 
f 2576/2019/769 2580/2010/769 2558/2010/769 2579/2019/769 
f 2580/2010/765 2581/2011/765 2554/1998/765 2558/2005/765 
f 2581/2011/766 2577/2017/766 2573/2017/766 2554/2011/766 
f 2577/2017/766 2574/2002/766 2537/2002/766 2573/2017/766 
usemtl xdgh
f 2583/2002/764 2584/2000/764 2544/2010/764 2545/2011/764 
usemtl tfg
f 2584/2000/771 2585/2019/771 2588/2019/771 2544/2000/771 
f 2585/2019/772 2589/2010/772 2559/2010/772 2588/2019/772 
f 2589/2010/765 2590/2011/765 2561/2010/765 2559/2011/765 
f 2590/2011/767 2586/2017/767 2582/2017/767 2561/2011/767 
f 2586/2017/768 2583/2002/768 2545/2002/768 2582/2017/768 
usemtl xdgh
f 2592/2002/764 2593/2000/764 2532/1998/764 2539/2005/764 
usemtl tfg
f 2593/2000/766 2594/2019/766 2596/2019/766 2532/2000/766 
f 2594/2019/773 2597/2010/773 2550/2010/773 2596/2019/773 
f 2597/2010/765 2598/2011/765 2556/2015/765 2550/2014/765 
f 2598/2011/769 2595/2017/769 2591/2017/769 2556/2011/769 
f 2595/2017/770 2592/2002/770 2539/2002/770 2591/2017/770 
# 66 polygons

#
# object Cylinder151
#

v  -16.2460 4.0354 -9.5521
v  -16.2460 4.7393 -8.8482
v  -16.2460 5.4432 -9.5521
v  -16.2460 4.7393 -10.2560
v  -16.2968 4.7393 -8.8482
v  -16.2968 5.4432 -9.5521
v  -16.2968 4.0354 -9.5521
v  -16.2968 4.7393 -10.2560
v  -16.3476 4.7393 -8.8482
v  -16.3476 5.4432 -9.5521
v  -16.3476 4.0354 -9.5521
v  -16.3476 4.7393 -10.2560
v  -16.3984 4.7393 -8.8482
v  -16.3984 5.4432 -9.5521
v  -16.3984 4.0354 -9.5521
v  -16.3984 4.7393 -10.2560
v  -16.4492 4.7393 -8.8482
v  -16.4492 5.4432 -9.5521
v  -16.4492 4.0354 -9.5521
v  -16.4492 4.7393 -10.2560
v  -16.5000 4.7393 -8.8482
v  -16.5000 5.4432 -9.5521
v  -16.5000 4.0354 -9.5521
v  -16.5000 4.7393 -10.2560
# 24 vertices

vn 1.0000 0.0000 0.0000
vn -0.0000 1.0000 -0.0000
vn -0.0000 0.0000 1.0000
vn 0.0000 -1.0000 0.0000
vn 0.0000 -0.0000 -1.0000
vn -1.0000 -0.0000 -0.0000
# 6 vertex normals

vt 0.2500 0.0000 1.0000
vt 0.0000 0.0000 1.0000
vt -0.2500 0.0000 1.0000
vt 0.7500 0.0000 1.0000
vt 0.5000 0.0000 1.0000
vt 0.0000 0.2000 1.0000
vt -0.2500 0.2000 1.0000
vt 0.2500 0.2000 1.0000
vt 0.5000 0.2000 1.0000
vt 0.7500 0.2000 1.0000
vt 0.0000 0.4000 1.0000
vt -0.2500 0.4000 1.0000
vt 0.2500 0.4000 1.0000
vt 0.5000 0.4000 1.0000
vt 0.7500 0.4000 1.0000
vt 0.0000 0.6000 1.0000
vt -0.2500 0.6000 1.0000
vt 0.2500 0.6000 1.0000
vt 0.5000 0.6000 1.0000
vt 0.7500 0.6000 1.0000
vt 0.0000 0.8000 1.0000
vt -0.2500 0.8000 1.0000
vt 0.2500 0.8000 1.0000
vt 0.5000 0.8000 1.0000
vt 0.7500 0.8000 1.0000
vt 0.0000 1.0000 1.0000
vt -0.2500 1.0000 1.0000
vt 0.2500 1.0000 1.0000
vt 0.5000 1.0000 1.0000
vt 0.7500 1.0000 1.0000
vt 1.0000 1.0000 -1.0000
# 31 texture coords

g Cylinder151
usemtl 03___Defaulttyi
s 1
f 2601/2023/774 2600/2022/774 2599/2021/774 
f 2599/2021/774 2602/2025/774 2601/2024/774 
s 8
f 2604/2027/775 2603/2026/776 2600/2022/776 2601/2023/775 
f 2603/2026/776 2605/2028/777 2599/2021/777 2600/2022/776 
f 2605/2028/777 2606/2029/778 2602/2025/778 2599/2021/777 
f 2606/2029/778 2604/2030/775 2601/2024/775 2602/2025/778 
f 2608/2032/775 2607/2031/776 2603/2026/776 2604/2027/775 
f 2607/2031/776 2609/2033/777 2605/2028/777 2603/2026/776 
f 2609/2033/777 2610/2034/778 2606/2029/778 2605/2028/777 
f 2610/2034/778 2608/2035/775 2604/2030/775 2606/2029/778 
f 2612/2037/775 2611/2036/776 2607/2031/776 2608/2032/775 
f 2611/2036/776 2613/2038/777 2609/2033/777 2607/2031/776 
f 2613/2038/777 2614/2039/778 2610/2034/778 2609/2033/777 
f 2614/2039/778 2612/2040/775 2608/2035/775 2610/2034/778 
f 2616/2042/775 2615/2041/776 2611/2036/776 2612/2037/775 
f 2615/2041/776 2617/2043/777 2613/2038/777 2611/2036/776 
f 2617/2043/777 2618/2044/778 2614/2039/778 2613/2038/777 
f 2618/2044/778 2616/2045/775 2612/2040/775 2614/2039/778 
f 2620/2047/775 2619/2046/776 2615/2041/776 2616/2042/775 
f 2619/2046/776 2621/2048/777 2617/2043/777 2615/2041/776 
f 2621/2048/777 2622/2049/778 2618/2044/778 2617/2043/777 
f 2622/2049/778 2620/2050/775 2616/2045/775 2618/2044/778 
s 1
f 2619/2046/779 2620/2047/779 2622/2051/779 
f 2622/2049/779 2621/2048/779 2619/2046/779 
# 20 polygons - 4 triangles

#
# object Cylinder152
#

v  -19.1884 4.0354 -12.4257
v  -18.4845 4.7393 -12.4257
v  -19.1884 5.4432 -12.4257
v  -19.8923 4.7393 -12.4257
v  -18.4845 4.7393 -12.3749
v  -19.1884 5.4432 -12.3749
v  -19.1884 4.0354 -12.3749
v  -19.8923 4.7393 -12.3749
v  -18.4845 4.7393 -12.3241
v  -19.1884 5.4432 -12.3241
v  -19.1884 4.0354 -12.3241
v  -19.8923 4.7393 -12.3241
v  -18.4845 4.7393 -12.2733
v  -19.1884 5.4432 -12.2733
v  -19.1884 4.0354 -12.2733
v  -19.8923 4.7393 -12.2733
v  -18.4845 4.7393 -12.2225
v  -19.1884 5.4432 -12.2225
v  -19.1884 4.0354 -12.2225
v  -19.8923 4.7393 -12.2225
v  -18.4845 4.7393 -12.1717
v  -19.1884 5.4432 -12.1717
v  -19.1884 4.0354 -12.1717
v  -19.8923 4.7393 -12.1717
# 24 vertices

vn 0.0000 -0.0000 -1.0000
vn -0.0000 1.0000 -0.0000
vn 1.0000 0.0000 0.0000
vn 0.0000 -1.0000 0.0000
vn -1.0000 -0.0000 -0.0000
vn -0.0000 0.0000 1.0000
# 6 vertex normals

vt 0.2500 0.0000 1.0000
vt 0.0000 0.0000 1.0000
vt -0.2500 0.0000 1.0000
vt 0.7500 0.0000 1.0000
vt 0.5000 0.0000 1.0000
vt 0.0000 0.2000 1.0000
vt -0.2500 0.2000 1.0000
vt 0.2500 0.2000 1.0000
vt 0.5000 0.2000 1.0000
vt 0.7500 0.2000 1.0000
vt 0.0000 0.4000 1.0000
vt -0.2500 0.4000 1.0000
vt 0.2500 0.4000 1.0000
vt 0.5000 0.4000 1.0000
vt 0.7500 0.4000 1.0000
vt 0.0000 0.6000 1.0000
vt -0.2500 0.6000 1.0000
vt 0.2500 0.6000 1.0000
vt 0.5000 0.6000 1.0000
vt 0.7500 0.6000 1.0000
vt 0.0000 0.8000 1.0000
vt -0.2500 0.8000 1.0000
vt 0.2500 0.8000 1.0000
vt 0.5000 0.8000 1.0000
vt 0.7500 0.8000 1.0000
vt 0.0000 1.0000 1.0000
vt -0.2500 1.0000 1.0000
vt 0.2500 1.0000 1.0000
vt 0.5000 1.0000 1.0000
vt 0.7500 1.0000 1.0000
vt 1.0000 1.0000 -1.0000
# 31 texture coords

g Cylinder152
usemtl 03___Defaulttyi
s 1
f 2625/2054/780 2624/2053/780 2623/2052/780 
f 2623/2052/780 2626/2056/780 2625/2055/780 
s 8
f 2628/2058/781 2627/2057/782 2624/2053/782 2625/2054/781 
f 2627/2057/782 2629/2059/783 2623/2052/783 2624/2053/782 
f 2629/2059/783 2630/2060/784 2626/2056/784 2623/2052/783 
f 2630/2060/784 2628/2061/781 2625/2055/781 2626/2056/784 
f 2632/2063/781 2631/2062/782 2627/2057/782 2628/2058/781 
f 2631/2062/782 2633/2064/783 2629/2059/783 2627/2057/782 
f 2633/2064/783 2634/2065/784 2630/2060/784 2629/2059/783 
f 2634/2065/784 2632/2066/781 2628/2061/781 2630/2060/784 
f 2636/2068/781 2635/2067/782 2631/2062/782 2632/2063/781 
f 2635/2067/782 2637/2069/783 2633/2064/783 2631/2062/782 
f 2637/2069/783 2638/2070/784 2634/2065/784 2633/2064/783 
f 2638/2070/784 2636/2071/781 2632/2066/781 2634/2065/784 
f 2640/2073/781 2639/2072/782 2635/2067/782 2636/2068/781 
f 2639/2072/782 2641/2074/783 2637/2069/783 2635/2067/782 
f 2641/2074/783 2642/2075/784 2638/2070/784 2637/2069/783 
f 2642/2075/784 2640/2076/781 2636/2071/781 2638/2070/784 
f 2644/2078/781 2643/2077/782 2639/2072/782 2640/2073/781 
f 2643/2077/782 2645/2079/783 2641/2074/783 2639/2072/782 
f 2645/2079/783 2646/2080/784 2642/2075/784 2641/2074/783 
f 2646/2080/784 2644/2081/781 2640/2076/781 2642/2075/784 
s 1
f 2643/2077/785 2644/2078/785 2646/2082/785 
f 2646/2080/785 2645/2079/785 2643/2077/785 
# 20 polygons - 4 triangles

#
# object Box394
#

v  -21.6860 4.5718 -6.9966
v  -16.6060 4.5718 -6.9966
v  -16.6060 4.5718 -12.0766
v  -21.6860 4.5718 -12.0766
v  -21.6860 4.8258 -6.9966
v  -21.6860 4.8258 -12.0766
v  -16.6060 4.8258 -12.0766
v  -16.6060 4.8258 -6.9966
# 8 vertices

vn 0.0000 -1.0000 -0.0000
vn 0.0000 1.0000 -0.0000
vn -1.0000 0.0000 -0.0000
vn 0.0000 0.0000 -1.0000
vn 1.0000 0.0000 0.0000
vn -0.0000 0.0000 1.0000
# 6 vertex normals

vt 1.0000 0.0000 0.0000
vt 1.0000 1.0000 0.0000
vt 0.0000 1.0000 0.0000
vt 0.0000 0.0000 0.0000
# 4 texture coords

g Box394
usemtl cvj
s 2
f 2650/2086/786 2649/2085/786 2648/2084/786 2647/2083/786 
s 4
f 2654/2085/787 2653/2084/787 2652/2083/787 2651/2086/787 
s 8
f 2651/2085/788 2652/2084/788 2650/2083/788 2647/2086/788 
s 16
f 2652/2085/789 2653/2084/789 2649/2083/789 2650/2086/789 
s 32
f 2653/2085/790 2654/2084/790 2648/2083/790 2649/2086/790 
s 64
f 2654/2085/791 2651/2084/791 2647/2083/791 2648/2086/791 
# 6 polygons

#
# object Box395
#

v  -21.5590 -0.3273 -7.1236
v  -16.7330 -0.3273 -7.1236
v  -16.7330 -0.3273 -11.9496
v  -21.5590 -0.3273 -11.9496
v  -21.5590 0.9427 -7.1236
v  -21.5590 0.9427 -11.9496
v  -16.7330 0.9427 -11.9496
v  -16.7330 0.9427 -7.1236
# 8 vertices

vn 0.0000 -1.0000 -0.0000
vn 0.0000 1.0000 -0.0000
vn -1.0000 0.0000 -0.0000
vn 0.0000 0.0000 -1.0000
vn 1.0000 0.0000 0.0000
vn -0.0000 0.0000 1.0000
# 6 vertex normals

vt 1.0000 0.0000 0.0000
vt 1.0000 1.0000 0.0000
vt 0.0000 1.0000 0.0000
vt 0.0000 0.0000 0.0000
# 4 texture coords

g Box395
usemtl tfg
s 2
f 2658/2090/792 2657/2089/792 2656/2088/792 2655/2087/792 
s 4
f 2662/2089/793 2661/2088/793 2660/2087/793 2659/2090/793 
s 8
f 2659/2089/794 2660/2088/794 2658/2087/794 2655/2090/794 
s 16
f 2660/2089/795 2661/2088/795 2657/2087/795 2658/2090/795 
s 32
f 2661/2089/796 2662/2088/796 2656/2087/796 2657/2090/796 
s 64
f 2662/2089/797 2659/2088/797 2655/2087/797 2656/2090/797 
# 6 polygons

#
# object Cylinder153
#

v  -19.1884 4.0354 -6.9671
v  -18.4845 4.7393 -6.9671
v  -19.1884 5.4432 -6.9671
v  -19.8923 4.7393 -6.9671
v  -18.4845 4.7393 -6.9163
v  -19.1884 5.4432 -6.9163
v  -19.1884 4.0354 -6.9163
v  -19.8923 4.7393 -6.9163
v  -18.4845 4.7393 -6.8655
v  -19.1884 5.4432 -6.8655
v  -19.1884 4.0354 -6.8655
v  -19.8923 4.7393 -6.8655
v  -18.4845 4.7393 -6.8147
v  -19.1884 5.4432 -6.8147
v  -19.1884 4.0354 -6.8147
v  -19.8923 4.7393 -6.8147
v  -18.4845 4.7393 -6.7639
v  -19.1884 5.4432 -6.7639
v  -19.1884 4.0354 -6.7639
v  -19.8923 4.7393 -6.7639
v  -18.4845 4.7393 -6.7131
v  -19.1884 5.4432 -6.7131
v  -19.1884 4.0354 -6.7131
v  -19.8923 4.7393 -6.7131
# 24 vertices

vn 0.0000 -0.0000 -1.0000
vn -0.0000 1.0000 -0.0000
vn 1.0000 0.0000 0.0000
vn 0.0000 -1.0000 0.0000
vn -1.0000 -0.0000 -0.0000
vn -0.0000 0.0000 1.0000
# 6 vertex normals

vt 0.2500 0.0000 1.0000
vt 0.0000 0.0000 1.0000
vt -0.2500 0.0000 1.0000
vt 0.7500 0.0000 1.0000
vt 0.5000 0.0000 1.0000
vt 0.0000 0.2000 1.0000
vt -0.2500 0.2000 1.0000
vt 0.2500 0.2000 1.0000
vt 0.5000 0.2000 1.0000
vt 0.7500 0.2000 1.0000
vt 0.0000 0.4000 1.0000
vt -0.2500 0.4000 1.0000
vt 0.2500 0.4000 1.0000
vt 0.5000 0.4000 1.0000
vt 0.7500 0.4000 1.0000
vt 0.0000 0.6000 1.0000
vt -0.2500 0.6000 1.0000
vt 0.2500 0.6000 1.0000
vt 0.5000 0.6000 1.0000
vt 0.7500 0.6000 1.0000
vt 0.0000 0.8000 1.0000
vt -0.2500 0.8000 1.0000
vt 0.2500 0.8000 1.0000
vt 0.5000 0.8000 1.0000
vt 0.7500 0.8000 1.0000
vt 0.0000 1.0000 1.0000
vt -0.2500 1.0000 1.0000
vt 0.2500 1.0000 1.0000
vt 0.5000 1.0000 1.0000
vt 0.7500 1.0000 1.0000
vt 1.0000 1.0000 -1.0000
# 31 texture coords

g Cylinder153
usemtl 03___Defaulttyi
s 1
f 2665/2093/798 2664/2092/798 2663/2091/798 
f 2663/2091/798 2666/2095/798 2665/2094/798 
s 8
f 2668/2097/799 2667/2096/800 2664/2092/800 2665/2093/799 
f 2667/2096/800 2669/2098/801 2663/2091/801 2664/2092/800 
f 2669/2098/801 2670/2099/802 2666/2095/802 2663/2091/801 
f 2670/2099/802 2668/2100/799 2665/2094/799 2666/2095/802 
f 2672/2102/799 2671/2101/800 2667/2096/800 2668/2097/799 
f 2671/2101/800 2673/2103/801 2669/2098/801 2667/2096/800 
f 2673/2103/801 2674/2104/802 2670/2099/802 2669/2098/801 
f 2674/2104/802 2672/2105/799 2668/2100/799 2670/2099/802 
f 2676/2107/799 2675/2106/800 2671/2101/800 2672/2102/799 
f 2675/2106/800 2677/2108/801 2673/2103/801 2671/2101/800 
f 2677/2108/801 2678/2109/802 2674/2104/802 2673/2103/801 
f 2678/2109/802 2676/2110/799 2672/2105/799 2674/2104/802 
f 2680/2112/799 2679/2111/800 2675/2106/800 2676/2107/799 
f 2679/2111/800 2681/2113/801 2677/2108/801 2675/2106/800 
f 2681/2113/801 2682/2114/802 2678/2109/802 2677/2108/801 
f 2682/2114/802 2680/2115/799 2676/2110/799 2678/2109/802 
f 2684/2117/799 2683/2116/800 2679/2111/800 2680/2112/799 
f 2683/2116/800 2685/2118/801 2681/2113/801 2679/2111/800 
f 2685/2118/801 2686/2119/802 2682/2114/802 2681/2113/801 
f 2686/2119/802 2684/2120/799 2680/2115/799 2682/2114/802 
s 1
f 2683/2116/803 2684/2117/803 2686/2121/803 
f 2686/2119/803 2685/2118/803 2683/2116/803 
# 20 polygons - 4 triangles

#
# object Cylinder154
#

v  -21.7271 4.0354 -9.5521
v  -21.7271 4.7393 -8.8482
v  -21.7271 5.4432 -9.5521
v  -21.7271 4.7393 -10.2560
v  -21.7779 4.7393 -8.8482
v  -21.7779 5.4432 -9.5521
v  -21.7779 4.0354 -9.5521
v  -21.7779 4.7393 -10.2560
v  -21.8287 4.7393 -8.8482
v  -21.8287 5.4432 -9.5521
v  -21.8287 4.0354 -9.5521
v  -21.8287 4.7393 -10.2560
v  -21.8795 4.7393 -8.8482
v  -21.8795 5.4432 -9.5521
v  -21.8795 4.0354 -9.5521
v  -21.8795 4.7393 -10.2560
v  -21.9303 4.7393 -8.8482
v  -21.9303 5.4432 -9.5521
v  -21.9303 4.0354 -9.5521
v  -21.9303 4.7393 -10.2560
v  -21.9811 4.7393 -8.8482
v  -21.9811 5.4432 -9.5521
v  -21.9811 4.0354 -9.5521
v  -21.9811 4.7393 -10.2560
# 24 vertices

vn 1.0000 0.0000 0.0000
vn -0.0000 1.0000 -0.0000
vn -0.0000 0.0000 1.0000
vn 0.0000 -1.0000 0.0000
vn 0.0000 -0.0000 -1.0000
vn -1.0000 -0.0000 -0.0000
# 6 vertex normals

vt 0.2500 0.0000 1.0000
vt 0.0000 0.0000 1.0000
vt -0.2500 0.0000 1.0000
vt 0.7500 0.0000 1.0000
vt 0.5000 0.0000 1.0000
vt 0.0000 0.2000 1.0000
vt -0.2500 0.2000 1.0000
vt 0.2500 0.2000 1.0000
vt 0.5000 0.2000 1.0000
vt 0.7500 0.2000 1.0000
vt 0.0000 0.4000 1.0000
vt -0.2500 0.4000 1.0000
vt 0.2500 0.4000 1.0000
vt 0.5000 0.4000 1.0000
vt 0.7500 0.4000 1.0000
vt 0.0000 0.6000 1.0000
vt -0.2500 0.6000 1.0000
vt 0.2500 0.6000 1.0000
vt 0.5000 0.6000 1.0000
vt 0.7500 0.6000 1.0000
vt 0.0000 0.8000 1.0000
vt -0.2500 0.8000 1.0000
vt 0.2500 0.8000 1.0000
vt 0.5000 0.8000 1.0000
vt 0.7500 0.8000 1.0000
vt 0.0000 1.0000 1.0000
vt -0.2500 1.0000 1.0000
vt 0.2500 1.0000 1.0000
vt 0.5000 1.0000 1.0000
vt 0.7500 1.0000 1.0000
vt 1.0000 1.0000 -1.0000
# 31 texture coords

g Cylinder154
usemtl 03___Defaulttyi
s 1
f 2689/2124/804 2688/2123/804 2687/2122/804 
f 2687/2122/804 2690/2126/804 2689/2125/804 
s 8
f 2692/2128/805 2691/2127/806 2688/2123/806 2689/2124/805 
f 2691/2127/806 2693/2129/807 2687/2122/807 2688/2123/806 
f 2693/2129/807 2694/2130/808 2690/2126/808 2687/2122/807 
f 2694/2130/808 2692/2131/805 2689/2125/805 2690/2126/808 
f 2696/2133/805 2695/2132/806 2691/2127/806 2692/2128/805 
f 2695/2132/806 2697/2134/807 2693/2129/807 2691/2127/806 
f 2697/2134/807 2698/2135/808 2694/2130/808 2693/2129/807 
f 2698/2135/808 2696/2136/805 2692/2131/805 2694/2130/808 
f 2700/2138/805 2699/2137/806 2695/2132/806 2696/2133/805 
f 2699/2137/806 2701/2139/807 2697/2134/807 2695/2132/806 
f 2701/2139/807 2702/2140/808 2698/2135/808 2697/2134/807 
f 2702/2140/808 2700/2141/805 2696/2136/805 2698/2135/808 
f 2704/2143/805 2703/2142/806 2699/2137/806 2700/2138/805 
f 2703/2142/806 2705/2144/807 2701/2139/807 2699/2137/806 
f 2705/2144/807 2706/2145/808 2702/2140/808 2701/2139/807 
f 2706/2145/808 2704/2146/805 2700/2141/805 2702/2140/808 
f 2708/2148/805 2707/2147/806 2703/2142/806 2704/2143/805 
f 2707/2147/806 2709/2149/807 2705/2144/807 2703/2142/806 
f 2709/2149/807 2710/2150/808 2706/2145/808 2705/2144/807 
f 2710/2150/808 2708/2151/805 2704/2146/805 2706/2145/808 
s 1
f 2707/2147/809 2708/2148/809 2710/2152/809 
f 2710/2150/809 2709/2149/809 2707/2147/809 
# 20 polygons - 4 triangles

#
# object Box340
#

v  -31.3615 -1.0135 15.1257
v  -31.3614 -1.0135 -9.5839
v  -32.6314 -1.0135 -9.5839
v  -32.6315 -1.0135 15.1257
v  -31.3615 19.3065 15.1257
v  -32.6315 19.3065 15.1257
v  -32.6314 19.3065 -9.5839
v  -31.3614 19.3065 -9.5839
# 8 vertices

vn -0.0000 -1.0000 0.0000
vn 0.0000 1.0000 -0.0000
vn -0.0000 0.0000 1.0000
vn -1.0000 0.0000 -0.0000
vn 0.0000 -0.0000 -1.0000
vn 1.0000 0.0000 0.0000
# 6 vertex normals

vt 1.0000 0.0000 0.0000
vt 1.0000 1.0000 0.0000
vt 0.0000 1.0000 0.0000
vt 0.0000 0.0000 0.0000
# 4 texture coords

g Box340
usemtl 01___Default
s 2
f 2714/2156/810 2713/2155/810 2712/2154/810 2711/2153/810 
s 4
f 2718/2155/811 2717/2154/811 2716/2153/811 2715/2156/811 
s 8
f 2715/2155/812 2716/2154/812 2714/2153/812 2711/2156/812 
s 16
f 2716/2155/813 2717/2154/813 2713/2153/813 2714/2156/813 
s 32
f 2717/2155/814 2718/2154/814 2712/2153/814 2713/2156/814 
usemtl h
s 64
f 2718/2155/815 2715/2154/815 2711/2153/815 2712/2156/815 
# 6 polygons

#
# object Box341
#

v  -31.6273 -1.0366 -8.9085
v  -31.6273 -1.0366 -9.6343
v  -21.6504 -1.0366 -9.6343
v  -21.6504 -1.0366 -8.9085
v  -31.6273 19.2834 -8.9085
v  -21.6504 19.2834 -8.9085
v  -21.6504 19.2834 -9.6343
v  -31.6273 19.2834 -9.6343
# 8 vertices

vn 0.0000 -1.0000 -0.0000
vn 0.0000 1.0000 -0.0000
vn 0.0000 0.0000 1.0000
vn 1.0000 0.0000 -0.0000
vn -0.0000 0.0000 -1.0000
vn -1.0000 0.0000 -0.0000
# 6 vertex normals

vt 1.0000 0.0000 0.0000
vt 1.0000 1.0000 0.0000
vt 0.0000 1.0000 0.0000
vt 0.0000 0.0000 0.0000
# 4 texture coords

g Box341
usemtl 01___Default
s 2
f 2719/2157/816 2720/2158/816 2721/2159/816 2722/2160/816 
s 4
f 2723/2160/817 2724/2157/817 2725/2158/817 2726/2159/817 
usemtl h
s 8
f 2719/2160/818 2722/2157/818 2724/2158/818 2723/2159/818 
usemtl 01___Default
s 16
f 2722/2160/819 2721/2157/819 2725/2158/819 2724/2159/819 
s 32
f 2721/2160/820 2720/2157/820 2726/2158/820 2725/2159/820 
s 64
f 2720/2160/821 2719/2157/821 2723/2158/821 2726/2159/821 
# 6 polygons

#
# object Box355
#

v  -31.5218 -1.0135 -52.4286
v  -31.5218 -1.0135 -27.7189
v  -32.7918 -1.0135 -27.7189
v  -32.7918 -1.0135 -52.4286
v  -31.5218 19.3065 -52.4286
v  -32.7918 19.3065 -52.4286
v  -32.7918 19.3065 -27.7189
v  -31.5218 19.3065 -27.7189
# 8 vertices

vn 0.0000 -1.0000 -0.0000
vn 0.0000 1.0000 -0.0000
vn 0.0000 0.0000 -1.0000
vn -1.0000 0.0000 -0.0000
vn -0.0000 0.0000 1.0000
vn 1.0000 0.0000 0.0000
# 6 vertex normals

vt 1.0000 0.0000 0.0000
vt 1.0000 1.0000 0.0000
vt 0.0000 1.0000 0.0000
vt 0.0000 0.0000 0.0000
# 4 texture coords

g Box355
usemtl 01___Default
s 2
f 2727/2161/822 2728/2162/822 2729/2163/822 2730/2164/822 
s 4
f 2731/2164/823 2732/2161/823 2733/2162/823 2734/2163/823 
s 8
f 2727/2164/824 2730/2161/824 2732/2162/824 2731/2163/824 
s 16
f 2730/2164/825 2729/2161/825 2733/2162/825 2732/2163/825 
s 32
f 2729/2164/826 2728/2161/826 2734/2162/826 2733/2163/826 
usemtl h
s 64
f 2728/2164/827 2727/2161/827 2731/2162/827 2734/2163/827 
# 6 polygons

#
# object Box356
#

v  -32.7748 -1.0366 -28.3943
v  -32.7748 -1.0366 -27.6685
v  -22.7980 -1.0366 -27.6685
v  -22.7980 -1.0366 -28.3943
v  -32.7748 19.2834 -28.3943
v  -22.7980 19.2834 -28.3943
v  -22.7980 19.2834 -27.6685
v  -32.7748 19.2834 -27.6685
# 8 vertices

vn 0.0000 -1.0000 -0.0000
vn -0.0000 1.0000 0.0000
vn 0.0000 0.0000 -1.0000
vn 1.0000 0.0000 0.0000
vn -0.0000 -0.0000 1.0000
vn -1.0000 0.0000 -0.0000
# 6 vertex normals

vt 1.0000 0.0000 0.0000
vt 1.0000 1.0000 0.0000
vt 0.0000 1.0000 0.0000
vt 0.0000 0.0000 0.0000
# 4 texture coords

g Box356
usemtl 01___Default
s 2
f 2738/2168/828 2737/2167/828 2736/2166/828 2735/2165/828 
s 4
f 2742/2167/829 2741/2166/829 2740/2165/829 2739/2168/829 
s 8
f 2739/2167/830 2740/2166/830 2738/2165/830 2735/2168/830 
s 16
f 2740/2167/831 2741/2166/831 2737/2165/831 2738/2168/831 
s 32
f 2741/2167/832 2742/2166/832 2736/2165/832 2737/2168/832 
s 64
f 2742/2167/833 2739/2166/833 2735/2165/833 2736/2168/833 
# 6 polygons

#
# object Box396
#

v  -21.0955 9.7792 -26.6089
v  -19.8385 9.7792 -26.6089
v  -19.8385 9.7792 -27.8659
v  -21.0955 9.7792 -27.8659
v  -19.8385 9.7792 -29.1228
v  -21.0955 9.7792 -29.1228
v  -19.8385 9.7792 -30.3797
v  -21.0955 9.7792 -30.3797
v  -18.5816 9.7792 -26.6089
v  -18.5816 9.7792 -27.8659
v  -18.5816 9.7792 -29.1228
v  -18.5816 9.7792 -30.3797
v  -17.3247 9.7792 -26.6089
v  -17.3247 9.7792 -27.8659
v  -17.3247 9.7792 -29.1228
v  -17.3247 9.7792 -30.3797
v  -21.0955 28.0716 -26.6089
v  -21.0955 28.0716 -27.8659
v  -19.8385 28.0716 -27.8659
v  -19.8385 28.0716 -26.6089
v  -21.0955 28.0716 -29.1228
v  -19.8385 28.0716 -29.1228
v  -21.0955 28.0716 -30.3797
v  -19.8385 28.0716 -30.3797
v  -18.5816 28.0716 -27.8659
v  -18.5816 28.0716 -26.6089
v  -18.5816 28.0716 -29.1228
v  -18.5816 28.0716 -30.3797
v  -17.3247 28.0716 -27.8659
v  -17.3247 28.0716 -26.6089
v  -17.3247 28.0716 -29.1228
v  -17.3247 28.0716 -30.3797
v  -21.0955 17.1156 -27.8659
v  -21.0955 17.1156 -26.6089
v  -21.5391 9.7792 -27.8659
v  -21.5391 9.7792 -29.1228
v  -21.5391 17.1156 -29.1228
v  -21.5391 17.1156 -27.8659
v  -21.0955 17.1156 -30.3797
v  -21.0955 17.1156 -29.1228
v  -21.5391 28.0716 -29.1228
v  -21.5391 28.0716 -27.8659
v  -19.8385 17.1156 -30.3797
v  -19.8385 9.7792 -30.8233
v  -18.5816 9.7792 -30.8233
v  -18.5816 17.1156 -30.8233
v  -19.8385 17.1156 -30.8233
v  -17.3247 17.1156 -30.3797
v  -18.5816 17.1156 -30.3797
v  -18.5816 28.0716 -30.8233
v  -19.8385 28.0716 -30.8233
v  -17.3247 17.1156 -29.1228
v  -16.8811 9.7792 -29.1228
v  -16.8811 9.7792 -27.8659
v  -16.8811 17.1156 -27.8659
v  -16.8811 17.1156 -29.1228
v  -17.3247 17.1156 -26.6089
v  -17.3247 17.1156 -27.8659
v  -16.8811 28.0716 -27.8659
v  -16.8811 28.0716 -29.1228
v  -18.5816 17.1156 -26.6089
v  -18.5816 9.7792 -26.1653
v  -19.8385 9.7792 -26.1653
v  -19.8385 17.1156 -26.1653
v  -18.5816 17.1156 -26.1653
v  -19.8385 17.1156 -26.6089
v  -19.8385 28.0716 -26.1653
v  -18.5816 28.0716 -26.1653
# 68 vertices

vn 0.0000 -1.0000 -0.0000
vn 0.0000 1.0000 -0.0000
vn -1.0000 -0.0000 -0.0000
vn -1.0000 0.0000 -0.0000
vn 0.0000 -0.0000 -1.0000
vn 0.0000 0.0000 -1.0000
vn 1.0000 -0.0000 0.0000
vn 1.0000 0.0000 0.0000
vn -0.0000 -0.0000 1.0000
vn -0.0000 0.0000 1.0000
vn 0.0000 -0.0000 1.0000
vn -1.0000 -0.0000 0.0000
# 12 vertex normals

vt 1.0000 0.0000 0.0000
vt 1.0000 0.3333 0.0000
vt 0.6667 0.3333 0.0000
vt 0.6667 0.0000 0.0000
vt 0.3333 0.3333 0.0000
vt 0.3333 0.0000 0.0000
vt -0.0000 0.3333 0.0000
vt -0.0000 0.0000 0.0000
vt 1.0000 0.6667 0.0000
vt 0.6667 0.6667 0.0000
vt 0.3333 0.6667 0.0000
vt -0.0000 0.6667 0.0000
vt 1.0000 1.0000 0.0000
vt 0.6667 1.0000 0.0000
vt 0.3333 1.0000 0.0000
vt -0.0000 1.0000 0.0000
vt 0.0000 0.0000 0.0000
vt 0.0000 0.3333 0.0000
vt 0.0000 0.6667 0.0000
vt 0.0000 1.0000 0.0000
vt 0.3333 0.5000 0.0000
vt 0.0000 0.5000 0.0000
vt 0.6667 0.5000 0.0000
vt 1.0000 0.5000 0.0000
# 24 texture coords

g Box396
usemtl xdgh
s 2
f 2746/2172/834 2745/2171/834 2744/2170/834 2743/2169/834 
f 2748/2174/834 2747/2173/834 2745/2171/834 2746/2172/834 
f 2750/2176/834 2749/2175/834 2747/2173/834 2748/2174/834 
f 2745/2171/834 2752/2178/834 2751/2177/834 2744/2170/834 
f 2747/2173/834 2753/2179/834 2752/2178/834 2745/2171/834 
f 2749/2175/834 2754/2180/834 2753/2179/834 2747/2173/834 
f 2752/2178/834 2756/2182/834 2755/2181/834 2751/2177/834 
f 2753/2179/834 2757/2183/834 2756/2182/834 2752/2178/834 
f 2754/2180/834 2758/2184/834 2757/2183/834 2753/2179/834 
s 4
f 2762/2186/835 2761/2173/835 2760/2174/835 2759/2185/835 
f 2761/2173/835 2764/2171/835 2763/2172/835 2760/2174/835 
f 2764/2171/835 2766/2170/835 2765/2169/835 2763/2172/835 
f 2768/2187/835 2767/2179/835 2761/2173/835 2762/2186/835 
f 2767/2179/835 2769/2178/835 2764/2171/835 2761/2173/835 
f 2769/2178/835 2770/2177/835 2766/2170/835 2764/2171/835 
f 2772/2188/835 2771/2183/835 2767/2179/835 2768/2187/835 
f 2771/2183/835 2773/2182/835 2769/2178/835 2767/2179/835 
f 2773/2182/835 2774/2181/835 2770/2177/835 2769/2178/835 
s 8
f 2776/2190/836 2775/2189/836 2746/2174/836 2743/2185/836 
f 2780/2189/836 2779/2191/836 2778/2172/836 2777/2174/836 
f 2782/2191/836 2781/2192/836 2750/2169/836 2748/2172/836 
f 2759/2188/836 2760/2183/836 2775/2189/836 2776/2190/836 
f 2784/2183/837 2783/2182/837 2779/2191/836 2780/2189/836 
f 2763/2182/836 2765/2181/836 2781/2192/836 2782/2191/836 
s 16
f 2781/2190/838 2785/2189/838 2749/2174/838 2750/2185/838 
f 2789/2189/838 2788/2191/838 2787/2172/838 2786/2174/838 
f 2791/2191/838 2790/2192/838 2758/2169/838 2754/2172/838 
f 2765/2188/839 2766/2183/839 2785/2189/838 2781/2190/838 
f 2793/2183/839 2792/2182/839 2788/2191/838 2789/2189/838 
f 2770/2182/839 2774/2181/839 2790/2192/838 2791/2191/838 
s 32
f 2790/2190/840 2794/2189/840 2757/2174/840 2758/2185/840 
f 2798/2189/840 2797/2191/840 2796/2172/840 2795/2174/840 
f 2800/2191/840 2799/2192/840 2755/2169/840 2756/2172/840 
f 2774/2188/841 2773/2183/841 2794/2189/840 2790/2190/840 
f 2802/2183/841 2801/2182/841 2797/2191/840 2798/2189/840 
f 2771/2182/841 2772/2181/841 2799/2192/840 2800/2191/840 
s 64
f 2799/2190/842 2803/2189/842 2751/2174/842 2755/2185/842 
f 2807/2189/842 2806/2191/842 2805/2172/842 2804/2174/842 
f 2808/2191/842 2776/2192/842 2743/2169/842 2744/2172/842 
f 2772/2188/842 2768/2183/842 2803/2189/842 2799/2190/842 
f 2810/2183/843 2809/2182/843 2806/2191/842 2807/2189/842 
f 2762/2182/842 2759/2181/842 2776/2192/842 2808/2191/842 
s off
f 2777/2174/834 2778/2172/834 2748/2174/834 2746/2172/834 
usemtl tfg
f 2778/2172/838 2779/2191/838 2782/2191/838 2748/2172/838 
f 2779/2191/839 2783/2182/839 2763/2182/839 2782/2191/839 
usemtl xdgh
f 2783/2182/835 2784/2183/835 2760/2174/835 2763/2172/835 
usemtl tfg
f 2784/2183/844 2780/2189/844 2775/2189/844 2760/2183/844 
f 2780/2189/843 2777/2174/843 2746/2174/843 2775/2189/843 
usemtl xdgh
f 2786/2174/834 2787/2172/834 2754/2180/834 2749/2175/834 
usemtl tfg
f 2787/2172/840 2788/2191/840 2791/2191/840 2754/2172/840 
f 2788/2191/841 2792/2182/841 2770/2182/841 2791/2191/841 
usemtl xdgh
f 2792/2182/835 2793/2183/835 2766/2170/835 2770/2177/835 
usemtl tfg
f 2793/2183/845 2789/2189/845 2785/2189/845 2766/2183/845 
f 2789/2189/837 2786/2174/837 2749/2174/837 2785/2189/837 
usemtl xdgh
f 2795/2174/834 2796/2172/834 2756/2182/834 2757/2183/834 
usemtl tfg
f 2796/2172/843 2797/2191/843 2800/2191/843 2756/2172/843 
f 2797/2191/842 2801/2182/842 2771/2182/842 2800/2191/842 
usemtl xdgh
f 2801/2182/835 2802/2183/835 2773/2182/835 2771/2183/835 
usemtl tfg
f 2802/2183/839 2798/2189/839 2794/2189/839 2773/2183/839 
f 2798/2189/838 2795/2174/838 2757/2174/838 2794/2189/838 
usemtl xdgh
f 2804/2174/834 2805/2172/834 2744/2170/834 2751/2177/834 
usemtl tfg
f 2805/2172/837 2806/2191/837 2808/2191/837 2744/2172/837 
f 2806/2191/836 2809/2182/836 2762/2182/836 2808/2191/836 
usemtl xdgh
f 2809/2182/835 2810/2183/835 2768/2187/835 2762/2186/835 
usemtl tfg
f 2810/2183/841 2807/2189/841 2803/2189/841 2768/2183/841 
f 2807/2189/840 2804/2174/840 2751/2174/840 2803/2189/840 
# 66 polygons

#
# object Box397
#

v  -21.2421 28.6489 -26.4623
v  -17.1781 28.6489 -26.4623
v  -17.1781 28.6489 -30.5263
v  -21.2421 28.6489 -30.5263
v  -21.2421 29.3336 -26.4623
v  -21.2421 29.3336 -30.5263
v  -17.1781 29.3336 -30.5263
v  -17.1781 29.3336 -26.4623
v  -21.6231 28.1791 -26.0813
v  -16.7971 28.1791 -26.0813
v  -16.7971 28.1791 -30.9073
v  -21.6231 28.1791 -30.9073
v  -21.6231 28.6871 -26.0813
v  -21.6231 28.6871 -30.9073
v  -16.7971 28.6871 -30.9073
v  -16.7971 28.6871 -26.0813
# 16 vertices

vn 0.0000 -1.0000 -0.0000
vn 0.0000 1.0000 -0.0000
vn -1.0000 0.0000 -0.0000
vn 0.0000 0.0000 -1.0000
vn 1.0000 0.0000 0.0000
vn -0.0000 0.0000 1.0000
# 6 vertex normals

vt 1.0000 0.0000 0.0000
vt 1.0000 1.0000 0.0000
vt 0.0000 1.0000 0.0000
vt 0.0000 0.0000 0.0000
# 4 texture coords

g Box397
usemtl tfg
s 2
f 2814/2196/846 2813/2195/846 2812/2194/846 2811/2193/846 
usemtl xdgh
s 4
f 2818/2195/847 2817/2194/847 2816/2193/847 2815/2196/847 
usemtl tfg
s 8
f 2815/2195/848 2816/2194/848 2814/2193/848 2811/2196/848 
s 16
f 2816/2195/849 2817/2194/849 2813/2193/849 2814/2196/849 
s 32
f 2817/2195/850 2818/2194/850 2812/2193/850 2813/2196/850 
s 64
f 2818/2195/851 2815/2194/851 2811/2193/851 2812/2196/851 
s 2
f 2822/2196/846 2821/2195/846 2820/2194/846 2819/2193/846 
s 4
f 2826/2195/847 2825/2194/847 2824/2193/847 2823/2196/847 
s 8
f 2823/2195/848 2824/2194/848 2822/2193/848 2819/2196/848 
s 16
f 2824/2195/849 2825/2194/849 2821/2193/849 2822/2196/849 
s 32
f 2825/2195/850 2826/2194/850 2820/2193/850 2821/2196/850 
s 64
f 2826/2195/851 2823/2194/851 2819/2193/851 2820/2196/851 
# 12 polygons

#
# object Box398
#

v  -21.3050 -0.3273 -26.3256
v  -19.8657 -0.3273 -26.3256
v  -19.8657 -0.3273 -27.7649
v  -21.3050 -0.3273 -27.7649
v  -19.8657 -0.3273 -29.2042
v  -21.3050 -0.3273 -29.2042
v  -19.8657 -0.3273 -30.6436
v  -21.3050 -0.3273 -30.6436
v  -18.4264 -0.3273 -26.3256
v  -18.4264 -0.3273 -27.7649
v  -18.4264 -0.3273 -29.2042
v  -18.4264 -0.3273 -30.6436
v  -16.9870 -0.3273 -26.3256
v  -16.9870 -0.3273 -27.7649
v  -16.9870 -0.3273 -29.2042
v  -16.9870 -0.3273 -30.6436
v  -21.3050 9.8327 -26.3256
v  -21.3050 9.8327 -27.7649
v  -19.8657 9.8327 -27.7649
v  -19.8657 9.8327 -26.3256
v  -21.3050 9.8327 -29.2042
v  -19.8657 9.8327 -29.2042
v  -21.3050 9.8327 -30.6436
v  -19.8657 9.8327 -30.6436
v  -18.4264 9.8327 -27.7649
v  -18.4264 9.8327 -26.3256
v  -18.4264 9.8327 -29.2042
v  -18.4264 9.8327 -30.6436
v  -16.9870 9.8327 -27.7649
v  -16.9870 9.8327 -26.3256
v  -16.9870 9.8327 -29.2042
v  -16.9870 9.8327 -30.6436
v  -21.3050 4.7527 -27.7649
v  -21.3050 4.7527 -26.3256
v  -21.8130 -0.3273 -27.7649
v  -21.8130 -0.3273 -29.2042
v  -21.8130 4.7527 -29.2042
v  -21.8130 4.7527 -27.7649
v  -21.3050 4.7527 -30.6436
v  -21.3050 4.7527 -29.2042
v  -21.8130 9.8327 -29.2042
v  -21.8130 9.8327 -27.7649
v  -19.8657 4.7527 -30.6436
v  -19.8657 -0.3273 -31.1516
v  -18.4264 -0.3273 -31.1516
v  -18.4264 4.7527 -31.1516
v  -19.8657 4.7527 -31.1516
v  -16.9870 4.7527 -30.6436
v  -18.4264 4.7527 -30.6436
v  -18.4264 9.8327 -31.1516
v  -19.8657 9.8327 -31.1516
v  -16.9870 4.7527 -29.2042
v  -16.4790 -0.3273 -29.2042
v  -16.4790 -0.3273 -27.7649
v  -16.4790 4.7527 -27.7649
v  -16.4790 4.7527 -29.2042
v  -16.9870 4.7527 -26.3256
v  -16.9870 4.7527 -27.7649
v  -16.4790 9.8327 -27.7649
v  -16.4790 9.8327 -29.2042
v  -18.4264 4.7527 -26.3256
v  -18.4264 -0.3273 -25.8176
v  -19.8657 -0.3273 -25.8176
v  -19.8657 4.7527 -25.8176
v  -18.4264 4.7527 -25.8176
v  -19.8657 4.7527 -26.3256
v  -19.8657 9.8327 -25.8176
v  -18.4264 9.8327 -25.8176
# 68 vertices

vn 0.0000 -1.0000 -0.0000
vn 0.0000 1.0000 -0.0000
vn -1.0000 0.0000 -0.0000
vn 0.0000 0.0000 -1.0000
vn 0.0000 -0.0000 -1.0000
vn 1.0000 0.0000 0.0000
vn 1.0000 -0.0000 0.0000
vn -0.0000 0.0000 1.0000
vn -0.0000 -0.0000 1.0000
vn -1.0000 -0.0000 -0.0000
# 10 vertex normals

vt 1.0000 0.0000 0.0000
vt 1.0000 0.3333 0.0000
vt 0.6667 0.3333 0.0000
vt 0.6667 0.0000 0.0000
vt 0.3333 0.3333 0.0000
vt 0.3333 0.0000 0.0000
vt -0.0000 0.3333 0.0000
vt -0.0000 0.0000 0.0000
vt 1.0000 0.6667 0.0000
vt 0.6667 0.6667 0.0000
vt 0.3333 0.6667 0.0000
vt -0.0000 0.6667 0.0000
vt 1.0000 1.0000 0.0000
vt 0.6667 1.0000 0.0000
vt 0.3333 1.0000 0.0000
vt -0.0000 1.0000 0.0000
vt 0.0000 0.0000 0.0000
vt 0.0000 0.3333 0.0000
vt 0.0000 0.6667 0.0000
vt 0.0000 1.0000 0.0000
vt 0.3333 0.5000 0.0000
vt 0.0000 0.5000 0.0000
vt 0.6667 0.5000 0.0000
vt 1.0000 0.5000 0.0000
# 24 texture coords

g Box398
usemtl xdgh
s 2
f 2830/2200/852 2829/2199/852 2828/2198/852 2827/2197/852 
f 2832/2202/852 2831/2201/852 2829/2199/852 2830/2200/852 
f 2834/2204/852 2833/2203/852 2831/2201/852 2832/2202/852 
f 2829/2199/852 2836/2206/852 2835/2205/852 2828/2198/852 
f 2831/2201/852 2837/2207/852 2836/2206/852 2829/2199/852 
f 2833/2203/852 2838/2208/852 2837/2207/852 2831/2201/852 
f 2836/2206/852 2840/2210/852 2839/2209/852 2835/2205/852 
f 2837/2207/852 2841/2211/852 2840/2210/852 2836/2206/852 
f 2838/2208/852 2842/2212/852 2841/2211/852 2837/2207/852 
usemtl tfg
s 4
f 2846/2214/853 2845/2201/853 2844/2202/853 2843/2213/853 
f 2845/2201/853 2848/2199/853 2847/2200/853 2844/2202/853 
f 2848/2199/853 2850/2198/853 2849/2197/853 2847/2200/853 
f 2852/2215/853 2851/2207/853 2845/2201/853 2846/2214/853 
f 2851/2207/853 2853/2206/853 2848/2199/853 2845/2201/853 
f 2853/2206/853 2854/2205/853 2850/2198/853 2848/2199/853 
f 2856/2216/853 2855/2211/853 2851/2207/853 2852/2215/853 
f 2855/2211/853 2857/2210/853 2853/2206/853 2851/2207/853 
f 2857/2210/853 2858/2209/853 2854/2205/853 2853/2206/853 
usemtl xdgh
s 8
f 2860/2218/854 2859/2217/854 2830/2202/854 2827/2213/854 
f 2864/2217/854 2863/2219/854 2862/2200/854 2861/2202/854 
f 2866/2219/854 2865/2220/854 2834/2197/854 2832/2200/854 
usemtl tfg
f 2843/2216/854 2844/2211/854 2859/2217/854 2860/2218/854 
usemtl xdgh
f 2868/2211/854 2867/2210/854 2863/2219/854 2864/2217/854 
f 2847/2210/854 2849/2209/854 2865/2220/854 2866/2219/854 
s 16
f 2865/2218/855 2869/2217/855 2833/2202/855 2834/2213/855 
f 2873/2217/855 2872/2219/855 2871/2200/856 2870/2202/856 
f 2875/2219/855 2874/2220/855 2842/2197/855 2838/2200/855 
f 2849/2216/855 2850/2211/855 2869/2217/855 2865/2218/855 
f 2877/2211/855 2876/2210/855 2872/2219/855 2873/2217/855 
usemtl tfg
f 2854/2210/855 2858/2209/855 2874/2220/855 2875/2219/855 
usemtl xdgh
s 32
f 2874/2218/857 2878/2217/857 2841/2202/857 2842/2213/857 
f 2882/2217/857 2881/2219/857 2880/2200/858 2879/2202/858 
f 2884/2219/857 2883/2220/857 2839/2197/857 2840/2200/857 
usemtl tfg
f 2858/2216/857 2857/2211/857 2878/2217/857 2874/2218/857 
usemtl xdgh
f 2886/2211/857 2885/2210/857 2881/2219/857 2882/2217/857 
usemtl tfg
f 2855/2210/857 2856/2209/857 2883/2220/857 2884/2219/857 
usemtl xdgh
s 64
f 2883/2218/859 2887/2217/859 2835/2202/859 2839/2213/859 
f 2891/2217/859 2890/2219/859 2889/2200/859 2888/2202/859 
f 2892/2219/859 2860/2220/859 2827/2197/859 2828/2200/859 
usemtl tfg
f 2856/2216/859 2852/2211/859 2887/2217/859 2883/2218/859 
usemtl xdgh
f 2894/2211/859 2893/2210/859 2890/2219/859 2891/2217/859 
usemtl tfg
f 2846/2210/859 2843/2209/859 2860/2220/859 2892/2219/859 
usemtl xdgh
s off
f 2861/2202/852 2862/2200/852 2832/2202/852 2830/2200/852 
usemtl 03___Defaulttyi
f 2862/2200/855 2863/2219/855 2866/2219/855 2832/2200/855 
f 2863/2219/855 2867/2210/855 2847/2210/855 2866/2219/855 
usemtl tfg
f 2867/2210/853 2868/2211/853 2844/2202/853 2847/2200/853 
usemtl 03___Defaulttyi
f 2868/2211/859 2864/2217/859 2859/2217/859 2844/2211/859 
f 2864/2217/859 2861/2202/859 2830/2202/859 2859/2217/859 
usemtl xdgh
f 2870/2202/852 2871/2200/852 2838/2208/852 2833/2203/852 
usemtl tfg
f 2871/2200/857 2872/2219/857 2875/2219/857 2838/2200/857 
f 2872/2219/857 2876/2210/857 2854/2210/857 2875/2219/857 
f 2876/2210/853 2877/2211/853 2850/2198/853 2854/2205/853 
f 2877/2211/854 2873/2217/854 2869/2217/854 2850/2211/854 
f 2873/2217/854 2870/2202/854 2833/2202/854 2869/2217/854 
usemtl xdgh
f 2879/2202/852 2880/2200/852 2840/2210/852 2841/2211/852 
usemtl tfg
f 2880/2200/859 2881/2219/859 2884/2219/859 2840/2200/859 
f 2881/2219/860 2885/2210/860 2855/2210/860 2884/2219/860 
f 2885/2210/853 2886/2211/853 2857/2210/853 2855/2211/853 
f 2886/2211/855 2882/2217/855 2878/2217/855 2857/2211/855 
f 2882/2217/856 2879/2202/856 2841/2202/856 2878/2217/856 
usemtl xdgh
f 2888/2202/852 2889/2200/852 2828/2198/852 2835/2205/852 
usemtl tfg
f 2889/2200/854 2890/2219/854 2892/2219/854 2828/2200/854 
f 2890/2219/861 2893/2210/861 2846/2210/861 2892/2219/861 
f 2893/2210/853 2894/2211/853 2852/2215/853 2846/2214/853 
f 2894/2211/857 2891/2217/857 2887/2217/857 2852/2211/857 
f 2891/2217/858 2888/2202/858 2835/2202/858 2887/2217/858 
# 66 polygons

#
# object Cylinder155
#

v  -16.2460 4.0354 -28.5000
v  -16.2460 4.7393 -27.7961
v  -16.2460 5.4432 -28.5000
v  -16.2460 4.7393 -29.2039
v  -16.2968 4.7393 -27.7961
v  -16.2968 5.4432 -28.5000
v  -16.2968 4.0354 -28.5000
v  -16.2968 4.7393 -29.2039
v  -16.3476 4.7393 -27.7961
v  -16.3476 5.4432 -28.5000
v  -16.3476 4.0354 -28.5000
v  -16.3476 4.7393 -29.2039
v  -16.3984 4.7393 -27.7961
v  -16.3984 5.4432 -28.5000
v  -16.3984 4.0354 -28.5000
v  -16.3984 4.7393 -29.2039
v  -16.4492 4.7393 -27.7961
v  -16.4492 5.4432 -28.5000
v  -16.4492 4.0354 -28.5000
v  -16.4492 4.7393 -29.2039
v  -16.5000 4.7393 -27.7961
v  -16.5000 5.4432 -28.5000
v  -16.5000 4.0354 -28.5000
v  -16.5000 4.7393 -29.2039
# 24 vertices

vn 1.0000 0.0000 0.0000
vn -0.0000 1.0000 -0.0000
vn -0.0000 0.0000 1.0000
vn 0.0000 -1.0000 0.0000
vn 0.0000 -0.0000 -1.0000
vn -1.0000 -0.0000 -0.0000
# 6 vertex normals

vt 0.2500 0.0000 1.0000
vt 0.0000 0.0000 1.0000
vt -0.2500 0.0000 1.0000
vt 0.7500 0.0000 1.0000
vt 0.5000 0.0000 1.0000
vt 0.0000 0.2000 1.0000
vt -0.2500 0.2000 1.0000
vt 0.2500 0.2000 1.0000
vt 0.5000 0.2000 1.0000
vt 0.7500 0.2000 1.0000
vt 0.0000 0.4000 1.0000
vt -0.2500 0.4000 1.0000
vt 0.2500 0.4000 1.0000
vt 0.5000 0.4000 1.0000
vt 0.7500 0.4000 1.0000
vt 0.0000 0.6000 1.0000
vt -0.2500 0.6000 1.0000
vt 0.2500 0.6000 1.0000
vt 0.5000 0.6000 1.0000
vt 0.7500 0.6000 1.0000
vt 0.0000 0.8000 1.0000
vt -0.2500 0.8000 1.0000
vt 0.2500 0.8000 1.0000
vt 0.5000 0.8000 1.0000
vt 0.7500 0.8000 1.0000
vt 0.0000 1.0000 1.0000
vt -0.2500 1.0000 1.0000
vt 0.2500 1.0000 1.0000
vt 0.5000 1.0000 1.0000
vt 0.7500 1.0000 1.0000
vt 1.0000 1.0000 -1.0000
# 31 texture coords

g Cylinder155
usemtl 03___Defaulttyi
s 1
f 2897/2223/862 2896/2222/862 2895/2221/862 
f 2895/2221/862 2898/2225/862 2897/2224/862 
s 8
f 2900/2227/863 2899/2226/864 2896/2222/864 2897/2223/863 
f 2899/2226/864 2901/2228/865 2895/2221/865 2896/2222/864 
f 2901/2228/865 2902/2229/866 2898/2225/866 2895/2221/865 
f 2902/2229/866 2900/2230/863 2897/2224/863 2898/2225/866 
f 2904/2232/863 2903/2231/864 2899/2226/864 2900/2227/863 
f 2903/2231/864 2905/2233/865 2901/2228/865 2899/2226/864 
f 2905/2233/865 2906/2234/866 2902/2229/866 2901/2228/865 
f 2906/2234/866 2904/2235/863 2900/2230/863 2902/2229/866 
f 2908/2237/863 2907/2236/864 2903/2231/864 2904/2232/863 
f 2907/2236/864 2909/2238/865 2905/2233/865 2903/2231/864 
f 2909/2238/865 2910/2239/866 2906/2234/866 2905/2233/865 
f 2910/2239/866 2908/2240/863 2904/2235/863 2906/2234/866 
f 2912/2242/863 2911/2241/864 2907/2236/864 2908/2237/863 
f 2911/2241/864 2913/2243/865 2909/2238/865 2907/2236/864 
f 2913/2243/865 2914/2244/866 2910/2239/866 2909/2238/865 
f 2914/2244/866 2912/2245/863 2908/2240/863 2910/2239/866 
f 2916/2247/863 2915/2246/864 2911/2241/864 2912/2242/863 
f 2915/2246/864 2917/2248/865 2913/2243/865 2911/2241/864 
f 2917/2248/865 2918/2249/866 2914/2244/866 2913/2243/865 
f 2918/2249/866 2916/2250/863 2912/2245/863 2914/2244/866 
s 1
f 2915/2246/867 2916/2247/867 2918/2251/867 
f 2918/2249/867 2917/2248/867 2915/2246/867 
# 20 polygons - 4 triangles

#
# object Cylinder156
#

v  -19.1884 4.0354 -31.3737
v  -18.4845 4.7393 -31.3737
v  -19.1884 5.4432 -31.3737
v  -19.8923 4.7393 -31.3737
v  -18.4845 4.7393 -31.3229
v  -19.1884 5.4432 -31.3229
v  -19.1884 4.0354 -31.3229
v  -19.8923 4.7393 -31.3229
v  -18.4845 4.7393 -31.2721
v  -19.1884 5.4432 -31.2721
v  -19.1884 4.0354 -31.2721
v  -19.8923 4.7393 -31.2721
v  -18.4845 4.7393 -31.2213
v  -19.1884 5.4432 -31.2213
v  -19.1884 4.0354 -31.2213
v  -19.8923 4.7393 -31.2213
v  -18.4845 4.7393 -31.1705
v  -19.1884 5.4432 -31.1705
v  -19.1884 4.0354 -31.1705
v  -19.8923 4.7393 -31.1705
v  -18.4845 4.7393 -31.1197
v  -19.1884 5.4432 -31.1197
v  -19.1884 4.0354 -31.1197
v  -19.8923 4.7393 -31.1197
# 24 vertices

vn 0.0000 -0.0000 -1.0000
vn -0.0000 1.0000 -0.0000
vn 1.0000 0.0000 0.0000
vn 0.0000 -1.0000 0.0000
vn -1.0000 -0.0000 -0.0000
vn -0.0000 0.0000 1.0000
# 6 vertex normals

vt 0.2500 0.0000 1.0000
vt 0.0000 0.0000 1.0000
vt -0.2500 0.0000 1.0000
vt 0.7500 0.0000 1.0000
vt 0.5000 0.0000 1.0000
vt 0.0000 0.2000 1.0000
vt -0.2500 0.2000 1.0000
vt 0.2500 0.2000 1.0000
vt 0.5000 0.2000 1.0000
vt 0.7500 0.2000 1.0000
vt 0.0000 0.4000 1.0000
vt -0.2500 0.4000 1.0000
vt 0.2500 0.4000 1.0000
vt 0.5000 0.4000 1.0000
vt 0.7500 0.4000 1.0000
vt 0.0000 0.6000 1.0000
vt -0.2500 0.6000 1.0000
vt 0.2500 0.6000 1.0000
vt 0.5000 0.6000 1.0000
vt 0.7500 0.6000 1.0000
vt 0.0000 0.8000 1.0000
vt -0.2500 0.8000 1.0000
vt 0.2500 0.8000 1.0000
vt 0.5000 0.8000 1.0000
vt 0.7500 0.8000 1.0000
vt 0.0000 1.0000 1.0000
vt -0.2500 1.0000 1.0000
vt 0.2500 1.0000 1.0000
vt 0.5000 1.0000 1.0000
vt 0.7500 1.0000 1.0000
vt 1.0000 1.0000 -1.0000
# 31 texture coords

g Cylinder156
usemtl 03___Defaulttyi
s 1
f 2921/2254/868 2920/2253/868 2919/2252/868 
f 2919/2252/868 2922/2256/868 2921/2255/868 
s 8
f 2924/2258/869 2923/2257/870 2920/2253/870 2921/2254/869 
f 2923/2257/870 2925/2259/871 2919/2252/871 2920/2253/870 
f 2925/2259/871 2926/2260/872 2922/2256/872 2919/2252/871 
f 2926/2260/872 2924/2261/869 2921/2255/869 2922/2256/872 
f 2928/2263/869 2927/2262/870 2923/2257/870 2924/2258/869 
f 2927/2262/870 2929/2264/871 2925/2259/871 2923/2257/870 
f 2929/2264/871 2930/2265/872 2926/2260/872 2925/2259/871 
f 2930/2265/872 2928/2266/869 2924/2261/869 2926/2260/872 
f 2932/2268/869 2931/2267/870 2927/2262/870 2928/2263/869 
f 2931/2267/870 2933/2269/871 2929/2264/871 2927/2262/870 
f 2933/2269/871 2934/2270/872 2930/2265/872 2929/2264/871 
f 2934/2270/872 2932/2271/869 2928/2266/869 2930/2265/872 
f 2936/2273/869 2935/2272/870 2931/2267/870 2932/2268/869 
f 2935/2272/870 2937/2274/871 2933/2269/871 2931/2267/870 
f 2937/2274/871 2938/2275/872 2934/2270/872 2933/2269/871 
f 2938/2275/872 2936/2276/869 2932/2271/869 2934/2270/872 
f 2940/2278/869 2939/2277/870 2935/2272/870 2936/2273/869 
f 2939/2277/870 2941/2279/871 2937/2274/871 2935/2272/870 
f 2941/2279/871 2942/2280/872 2938/2275/872 2937/2274/871 
f 2942/2280/872 2940/2281/869 2936/2276/869 2938/2275/872 
s 1
f 2939/2277/873 2940/2278/873 2942/2282/873 
f 2942/2280/873 2941/2279/873 2939/2277/873 
# 20 polygons - 4 triangles

#
# object Box399
#

v  -21.6860 4.5718 -25.9446
v  -16.6060 4.5718 -25.9446
v  -16.6060 4.5718 -31.0246
v  -21.6860 4.5718 -31.0246
v  -21.6860 4.8258 -25.9446
v  -21.6860 4.8258 -31.0246
v  -16.6060 4.8258 -31.0246
v  -16.6060 4.8258 -25.9446
# 8 vertices

vn 0.0000 -1.0000 -0.0000
vn 0.0000 1.0000 -0.0000
vn -1.0000 0.0000 -0.0000
vn 0.0000 0.0000 -1.0000
vn 1.0000 0.0000 0.0000
vn -0.0000 0.0000 1.0000
# 6 vertex normals

vt 1.0000 0.0000 0.0000
vt 1.0000 1.0000 0.0000
vt 0.0000 1.0000 0.0000
vt 0.0000 0.0000 0.0000
# 4 texture coords

g Box399
usemtl cvj
s 2
f 2946/2286/874 2945/2285/874 2944/2284/874 2943/2283/874 
s 4
f 2950/2285/875 2949/2284/875 2948/2283/875 2947/2286/875 
s 8
f 2947/2285/876 2948/2284/876 2946/2283/876 2943/2286/876 
s 16
f 2948/2285/877 2949/2284/877 2945/2283/877 2946/2286/877 
s 32
f 2949/2285/878 2950/2284/878 2944/2283/878 2945/2286/878 
s 64
f 2950/2285/879 2947/2284/879 2943/2283/879 2944/2286/879 
# 6 polygons

#
# object Box400
#

v  -21.5590 -0.3273 -26.0716
v  -16.7330 -0.3273 -26.0716
v  -16.7330 -0.3273 -30.8976
v  -21.5590 -0.3273 -30.8976
v  -21.5590 0.9427 -26.0716
v  -21.5590 0.9427 -30.8976
v  -16.7330 0.9427 -30.8976
v  -16.7330 0.9427 -26.0716
# 8 vertices

vn 0.0000 -1.0000 -0.0000
vn 0.0000 1.0000 -0.0000
vn -1.0000 0.0000 -0.0000
vn 0.0000 0.0000 -1.0000
vn 1.0000 0.0000 0.0000
vn -0.0000 0.0000 1.0000
# 6 vertex normals

vt 1.0000 0.0000 0.0000
vt 1.0000 1.0000 0.0000
vt 0.0000 1.0000 0.0000
vt 0.0000 0.0000 0.0000
# 4 texture coords

g Box400
usemtl tfg
s 2
f 2954/2290/880 2953/2289/880 2952/2288/880 2951/2287/880 
s 4
f 2958/2289/881 2957/2288/881 2956/2287/881 2955/2290/881 
s 8
f 2955/2289/882 2956/2288/882 2954/2287/882 2951/2290/882 
s 16
f 2956/2289/883 2957/2288/883 2953/2287/883 2954/2290/883 
s 32
f 2957/2289/884 2958/2288/884 2952/2287/884 2953/2290/884 
s 64
f 2958/2289/885 2955/2288/885 2951/2287/885 2952/2290/885 
# 6 polygons

#
# object Cylinder157
#

v  -19.1884 4.0354 -25.9150
v  -18.4845 4.7393 -25.9150
v  -19.1884 5.4432 -25.9150
v  -19.8923 4.7393 -25.9150
v  -18.4845 4.7393 -25.8642
v  -19.1884 5.4432 -25.8642
v  -19.1884 4.0354 -25.8642
v  -19.8923 4.7393 -25.8642
v  -18.4845 4.7393 -25.8134
v  -19.1884 5.4432 -25.8134
v  -19.1884 4.0354 -25.8134
v  -19.8923 4.7393 -25.8134
v  -18.4845 4.7393 -25.7626
v  -19.1884 5.4432 -25.7626
v  -19.1884 4.0354 -25.7626
v  -19.8923 4.7393 -25.7626
v  -18.4845 4.7393 -25.7118
v  -19.1884 5.4432 -25.7118
v  -19.1884 4.0354 -25.7118
v  -19.8923 4.7393 -25.7118
v  -18.4845 4.7393 -25.6610
v  -19.1884 5.4432 -25.6610
v  -19.1884 4.0354 -25.6610
v  -19.8923 4.7393 -25.6610
# 24 vertices

vn 0.0000 -0.0000 -1.0000
vn -0.0000 1.0000 -0.0000
vn 1.0000 0.0000 0.0000
vn 0.0000 -1.0000 0.0000
vn -1.0000 -0.0000 -0.0000
vn -0.0000 0.0000 1.0000
# 6 vertex normals

vt 0.2500 0.0000 1.0000
vt 0.0000 0.0000 1.0000
vt -0.2500 0.0000 1.0000
vt 0.7500 0.0000 1.0000
vt 0.5000 0.0000 1.0000
vt 0.0000 0.2000 1.0000
vt -0.2500 0.2000 1.0000
vt 0.2500 0.2000 1.0000
vt 0.5000 0.2000 1.0000
vt 0.7500 0.2000 1.0000
vt 0.0000 0.4000 1.0000
vt -0.2500 0.4000 1.0000
vt 0.2500 0.4000 1.0000
vt 0.5000 0.4000 1.0000
vt 0.7500 0.4000 1.0000
vt 0.0000 0.6000 1.0000
vt -0.2500 0.6000 1.0000
vt 0.2500 0.6000 1.0000
vt 0.5000 0.6000 1.0000
vt 0.7500 0.6000 1.0000
vt 0.0000 0.8000 1.0000
vt -0.2500 0.8000 1.0000
vt 0.2500 0.8000 1.0000
vt 0.5000 0.8000 1.0000
vt 0.7500 0.8000 1.0000
vt 0.0000 1.0000 1.0000
vt -0.2500 1.0000 1.0000
vt 0.2500 1.0000 1.0000
vt 0.5000 1.0000 1.0000
vt 0.7500 1.0000 1.0000
vt 1.0000 1.0000 -1.0000
# 31 texture coords

g Cylinder157
usemtl 03___Defaulttyi
s 1
f 2961/2293/886 2960/2292/886 2959/2291/886 
f 2959/2291/886 2962/2295/886 2961/2294/886 
s 8
f 2964/2297/887 2963/2296/888 2960/2292/888 2961/2293/887 
f 2963/2296/888 2965/2298/889 2959/2291/889 2960/2292/888 
f 2965/2298/889 2966/2299/890 2962/2295/890 2959/2291/889 
f 2966/2299/890 2964/2300/887 2961/2294/887 2962/2295/890 
f 2968/2302/887 2967/2301/888 2963/2296/888 2964/2297/887 
f 2967/2301/888 2969/2303/889 2965/2298/889 2963/2296/888 
f 2969/2303/889 2970/2304/890 2966/2299/890 2965/2298/889 
f 2970/2304/890 2968/2305/887 2964/2300/887 2966/2299/890 
f 2972/2307/887 2971/2306/888 2967/2301/888 2968/2302/887 
f 2971/2306/888 2973/2308/889 2969/2303/889 2967/2301/888 
f 2973/2308/889 2974/2309/890 2970/2304/890 2969/2303/889 
f 2974/2309/890 2972/2310/887 2968/2305/887 2970/2304/890 
f 2976/2312/887 2975/2311/888 2971/2306/888 2972/2307/887 
f 2975/2311/888 2977/2313/889 2973/2308/889 2971/2306/888 
f 2977/2313/889 2978/2314/890 2974/2309/890 2973/2308/889 
f 2978/2314/890 2976/2315/887 2972/2310/887 2974/2309/890 
f 2980/2317/887 2979/2316/888 2975/2311/888 2976/2312/887 
f 2979/2316/888 2981/2318/889 2977/2313/889 2975/2311/888 
f 2981/2318/889 2982/2319/890 2978/2314/890 2977/2313/889 
f 2982/2319/890 2980/2320/887 2976/2315/887 2978/2314/890 
s 1
f 2979/2316/891 2980/2317/891 2982/2321/891 
f 2982/2319/891 2981/2318/891 2979/2316/891 
# 20 polygons - 4 triangles

#
# object Cylinder158
#

v  -21.7271 4.0354 -28.5000
v  -21.7271 4.7393 -27.7961
v  -21.7271 5.4432 -28.5000
v  -21.7271 4.7393 -29.2039
v  -21.7779 4.7393 -27.7961
v  -21.7779 5.4432 -28.5000
v  -21.7779 4.0354 -28.5000
v  -21.7779 4.7393 -29.2039
v  -21.8287 4.7393 -27.7961
v  -21.8287 5.4432 -28.5000
v  -21.8287 4.0354 -28.5000
v  -21.8287 4.7393 -29.2039
v  -21.8795 4.7393 -27.7961
v  -21.8795 5.4432 -28.5000
v  -21.8795 4.0354 -28.5000
v  -21.8795 4.7393 -29.2039
v  -21.9303 4.7393 -27.7961
v  -21.9303 5.4432 -28.5000
v  -21.9303 4.0354 -28.5000
v  -21.9303 4.7393 -29.2039
v  -21.9811 4.7393 -27.7961
v  -21.9811 5.4432 -28.5000
v  -21.9811 4.0354 -28.5000
v  -21.9811 4.7393 -29.2039
# 24 vertices

vn 1.0000 0.0000 0.0000
vn -0.0000 1.0000 -0.0000
vn -0.0000 0.0000 1.0000
vn 0.0000 -1.0000 0.0000
vn 0.0000 -0.0000 -1.0000
vn -1.0000 -0.0000 -0.0000
# 6 vertex normals

vt 0.2500 0.0000 1.0000
vt 0.0000 0.0000 1.0000
vt -0.2500 0.0000 1.0000
vt 0.7500 0.0000 1.0000
vt 0.5000 0.0000 1.0000
vt 0.0000 0.2000 1.0000
vt -0.2500 0.2000 1.0000
vt 0.2500 0.2000 1.0000
vt 0.5000 0.2000 1.0000
vt 0.7500 0.2000 1.0000
vt 0.0000 0.4000 1.0000
vt -0.2500 0.4000 1.0000
vt 0.2500 0.4000 1.0000
vt 0.5000 0.4000 1.0000
vt 0.7500 0.4000 1.0000
vt 0.0000 0.6000 1.0000
vt -0.2500 0.6000 1.0000
vt 0.2500 0.6000 1.0000
vt 0.5000 0.6000 1.0000
vt 0.7500 0.6000 1.0000
vt 0.0000 0.8000 1.0000
vt -0.2500 0.8000 1.0000
vt 0.2500 0.8000 1.0000
vt 0.5000 0.8000 1.0000
vt 0.7500 0.8000 1.0000
vt 0.0000 1.0000 1.0000
vt -0.2500 1.0000 1.0000
vt 0.2500 1.0000 1.0000
vt 0.5000 1.0000 1.0000
vt 0.7500 1.0000 1.0000
vt 1.0000 1.0000 -1.0000
# 31 texture coords

g Cylinder158
usemtl 03___Defaulttyi
s 1
f 2985/2324/892 2984/2323/892 2983/2322/892 
f 2983/2322/892 2986/2326/892 2985/2325/892 
s 8
f 2988/2328/893 2987/2327/894 2984/2323/894 2985/2324/893 
f 2987/2327/894 2989/2329/895 2983/2322/895 2984/2323/894 
f 2989/2329/895 2990/2330/896 2986/2326/896 2983/2322/895 
f 2990/2330/896 2988/2331/893 2985/2325/893 2986/2326/896 
f 2992/2333/893 2991/2332/894 2987/2327/894 2988/2328/893 
f 2991/2332/894 2993/2334/895 2989/2329/895 2987/2327/894 
f 2993/2334/895 2994/2335/896 2990/2330/896 2989/2329/895 
f 2994/2335/896 2992/2336/893 2988/2331/893 2990/2330/896 
f 2996/2338/893 2995/2337/894 2991/2332/894 2992/2333/893 
f 2995/2337/894 2997/2339/895 2993/2334/895 2991/2332/894 
f 2997/2339/895 2998/2340/896 2994/2335/896 2993/2334/895 
f 2998/2340/896 2996/2341/893 2992/2336/893 2994/2335/896 
f 3000/2343/893 2999/2342/894 2995/2337/894 2996/2338/893 
f 2999/2342/894 3001/2344/895 2997/2339/895 2995/2337/894 
f 3001/2344/895 3002/2345/896 2998/2340/896 2997/2339/895 
f 3002/2345/896 3000/2346/893 2996/2341/893 2998/2340/896 
f 3004/2348/893 3003/2347/894 2999/2342/894 3000/2343/893 
f 3003/2347/894 3005/2349/895 3001/2344/895 2999/2342/894 
f 3005/2349/895 3006/2350/896 3002/2345/896 3001/2344/895 
f 3006/2350/896 3004/2351/893 3000/2346/893 3002/2345/896 
s 1
f 3003/2347/897 3004/2348/897 3006/2352/897 
f 3006/2350/897 3005/2349/897 3003/2347/897 
# 20 polygons - 4 triangles

#
# object Box372
#

v  87.0268 -0.3273 -44.7522
v  82.2008 -0.3273 -44.7522
v  82.2008 -0.3273 -49.5782
v  87.0268 -0.3273 -49.5782
v  87.0268 0.9427 -44.7522
v  87.0268 0.9427 -49.5782
v  82.2008 0.9427 -49.5782
v  82.2008 0.9427 -44.7522
# 8 vertices

vn 0.0000 -1.0000 -0.0000
vn 0.0000 1.0000 -0.0000
vn 1.0000 0.0000 -0.0000
vn -0.0000 0.0000 -1.0000
vn -1.0000 0.0000 0.0000
vn 0.0000 0.0000 1.0000
# 6 vertex normals

vt 1.0000 0.0000 0.0000
vt 1.0000 1.0000 0.0000
vt 0.0000 1.0000 0.0000
vt 0.0000 0.0000 0.0000
# 4 texture coords

g Box372
usemtl tfg
s 2
f 3007/2353/898 3008/2354/898 3009/2355/898 3010/2356/898 
s 4
f 3011/2356/899 3012/2353/899 3013/2354/899 3014/2355/899 
s 8
f 3007/2356/900 3010/2353/900 3012/2354/900 3011/2355/900 
s 16
f 3010/2356/901 3009/2353/901 3013/2354/901 3012/2355/901 
s 32
f 3009/2356/902 3008/2353/902 3014/2354/902 3013/2355/902 
s 64
f 3008/2356/903 3007/2353/903 3011/2354/903 3014/2355/903 
# 6 polygons

#
# object Box371
#

v  86.7728 -0.3273 -45.0062
v  85.3335 -0.3273 -45.0062
v  85.3335 -0.3273 -46.4455
v  86.7728 -0.3273 -46.4455
v  85.3335 -0.3273 -47.8848
v  86.7728 -0.3273 -47.8848
v  85.3335 -0.3273 -49.3242
v  86.7728 -0.3273 -49.3242
v  83.8941 -0.3273 -45.0062
v  83.8941 -0.3273 -46.4455
v  83.8941 -0.3273 -47.8848
v  83.8941 -0.3273 -49.3242
v  82.4548 -0.3273 -45.0062
v  82.4548 -0.3273 -46.4455
v  82.4548 -0.3273 -47.8848
v  82.4548 -0.3273 -49.3242
v  86.7728 9.8327 -45.0062
v  86.7728 9.8327 -46.4455
v  85.3335 9.8327 -46.4455
v  85.3335 9.8327 -45.0062
v  86.7728 9.8327 -47.8848
v  85.3335 9.8327 -47.8848
v  86.7728 9.8327 -49.3242
v  85.3335 9.8327 -49.3242
v  83.8941 9.8327 -46.4455
v  83.8941 9.8327 -45.0062
v  83.8941 9.8327 -47.8848
v  83.8941 9.8327 -49.3242
v  82.4548 9.8327 -46.4455
v  82.4548 9.8327 -45.0062
v  82.4548 9.8327 -47.8848
v  82.4548 9.8327 -49.3242
v  86.7728 4.7527 -46.4455
v  86.7728 4.7527 -45.0062
v  87.2808 -0.3273 -46.4455
v  87.2808 -0.3273 -47.8848
v  87.2808 4.7527 -47.8848
v  87.2808 4.7527 -46.4455
v  86.7728 4.7527 -49.3242
v  86.7728 4.7527 -47.8848
v  87.2808 9.8327 -47.8848
v  87.2808 9.8327 -46.4455
v  85.3335 4.7527 -49.3242
v  85.3335 -0.3273 -49.8322
v  83.8941 -0.3273 -49.8322
v  83.8941 4.7527 -49.8322
v  85.3335 4.7527 -49.8322
v  82.4548 4.7527 -49.3242
v  83.8941 4.7527 -49.3242
v  83.8941 9.8327 -49.8322
v  85.3335 9.8327 -49.8322
v  82.4548 4.7527 -47.8848
v  81.9468 -0.3273 -47.8848
v  81.9468 -0.3273 -46.4455
v  81.9468 4.7527 -46.4455
v  81.9468 4.7527 -47.8848
v  82.4548 4.7527 -45.0062
v  82.4548 4.7527 -46.4455
v  81.9468 9.8327 -46.4455
v  81.9468 9.8327 -47.8848
v  83.8941 4.7527 -45.0062
v  83.8941 -0.3273 -44.4982
v  85.3335 -0.3273 -44.4982
v  85.3335 4.7527 -44.4982
v  83.8941 4.7527 -44.4982
v  85.3335 4.7527 -45.0062
v  85.3335 9.8327 -44.4982
v  83.8941 9.8327 -44.4982
# 68 vertices

vn 0.0000 -1.0000 -0.0000
vn 0.0000 1.0000 -0.0000
vn 1.0000 0.0000 -0.0000
vn -0.0000 0.0000 -1.0000
vn -0.0000 -0.0000 -1.0000
vn -1.0000 0.0000 0.0000
vn -1.0000 -0.0000 0.0000
vn 0.0000 0.0000 1.0000
vn 0.0000 -0.0000 1.0000
vn 1.0000 -0.0000 -0.0000
# 10 vertex normals

vt 1.0000 0.0000 0.0000
vt 1.0000 0.3333 0.0000
vt 0.6667 0.3333 0.0000
vt 0.6667 0.0000 0.0000
vt 0.3333 0.3333 0.0000
vt 0.3333 0.0000 0.0000
vt -0.0000 0.3333 0.0000
vt -0.0000 0.0000 0.0000
vt 1.0000 0.6667 0.0000
vt 0.6667 0.6667 0.0000
vt 0.3333 0.6667 0.0000
vt -0.0000 0.6667 0.0000
vt 1.0000 1.0000 0.0000
vt 0.6667 1.0000 0.0000
vt 0.3333 1.0000 0.0000
vt -0.0000 1.0000 0.0000
vt 0.0000 0.0000 0.0000
vt 0.0000 0.3333 0.0000
vt 0.0000 0.6667 0.0000
vt 0.0000 1.0000 0.0000
vt 0.3333 0.5000 0.0000
vt 0.0000 0.5000 0.0000
vt 0.6667 0.5000 0.0000
vt 1.0000 0.5000 0.0000
# 24 texture coords

g Box371
usemtl xdgh
s 2
f 3015/2357/904 3016/2358/904 3017/2359/904 3018/2360/904 
f 3018/2360/904 3017/2359/904 3019/2361/904 3020/2362/904 
f 3020/2362/904 3019/2361/904 3021/2363/904 3022/2364/904 
f 3016/2358/904 3023/2365/904 3024/2366/904 3017/2359/904 
f 3017/2359/904 3024/2366/904 3025/2367/904 3019/2361/904 
f 3019/2361/904 3025/2367/904 3026/2368/904 3021/2363/904 
f 3023/2365/904 3027/2369/904 3028/2370/904 3024/2366/904 
f 3024/2366/904 3028/2370/904 3029/2371/904 3025/2367/904 
f 3025/2367/904 3029/2371/904 3030/2372/904 3026/2368/904 
s 4
f 3031/2373/905 3032/2362/905 3033/2361/905 3034/2374/905 
f 3032/2362/905 3035/2360/905 3036/2359/905 3033/2361/905 
f 3035/2360/905 3037/2357/905 3038/2358/905 3036/2359/905 
f 3034/2374/905 3033/2361/905 3039/2367/905 3040/2375/905 
f 3033/2361/905 3036/2359/905 3041/2366/905 3039/2367/905 
f 3036/2359/905 3038/2358/905 3042/2365/905 3041/2366/905 
f 3040/2375/905 3039/2367/905 3043/2371/905 3044/2376/905 
f 3039/2367/905 3041/2366/905 3045/2370/905 3043/2371/905 
f 3041/2366/905 3042/2365/905 3046/2369/905 3045/2370/905 
s 8
f 3015/2373/906 3018/2362/906 3047/2377/906 3048/2378/906 
f 3049/2362/906 3050/2360/906 3051/2379/906 3052/2377/906 
f 3020/2360/906 3022/2357/906 3053/2380/906 3054/2379/906 
usemtl tfg
f 3048/2378/906 3047/2377/906 3032/2371/906 3031/2376/906 
usemtl xdgh
f 3052/2377/906 3051/2379/906 3055/2370/906 3056/2371/906 
usemtl tfg
f 3054/2379/906 3053/2380/906 3037/2369/906 3035/2370/906 
usemtl xdgh
s 16
f 3022/2373/907 3021/2362/907 3057/2377/907 3053/2378/907 
f 3058/2362/908 3059/2360/908 3060/2379/907 3061/2377/907 
f 3026/2360/907 3030/2357/907 3062/2380/907 3063/2379/907 
usemtl tfg
f 3053/2378/907 3057/2377/907 3038/2371/907 3037/2376/907 
usemtl xdgh
f 3061/2377/907 3060/2379/907 3064/2370/907 3065/2371/907 
usemtl tfg
f 3063/2379/907 3062/2380/907 3046/2369/907 3042/2370/907 
usemtl xdgh
s 32
f 3030/2373/909 3029/2362/909 3066/2377/909 3062/2378/909 
f 3067/2362/910 3068/2360/910 3069/2379/909 3070/2377/909 
f 3028/2360/909 3027/2357/909 3071/2380/909 3072/2379/909 
usemtl tfg
f 3062/2378/909 3066/2377/909 3045/2371/909 3046/2376/909 
usemtl xdgh
f 3070/2377/909 3069/2379/909 3073/2370/909 3074/2371/909 
usemtl tfg
f 3072/2379/909 3071/2380/909 3044/2369/909 3043/2370/909 
usemtl xdgh
s 64
f 3027/2373/911 3023/2362/911 3075/2377/911 3071/2378/911 
f 3076/2362/911 3077/2360/911 3078/2379/911 3079/2377/911 
f 3016/2360/911 3015/2357/911 3048/2380/911 3080/2379/911 
usemtl tfg
f 3071/2378/911 3075/2377/911 3040/2371/911 3044/2376/911 
usemtl xdgh
f 3079/2377/911 3078/2379/911 3081/2370/911 3082/2371/911 
usemtl tfg
f 3080/2379/911 3048/2380/911 3031/2369/911 3034/2370/911 
usemtl xdgh
s off
f 3018/2360/904 3020/2362/904 3050/2360/904 3049/2362/904 
usemtl tfg
f 3020/2360/907 3054/2379/907 3051/2379/907 3050/2360/907 
f 3054/2379/907 3035/2370/907 3055/2370/907 3051/2379/907 
usemtl xdgh
f 3035/2360/905 3032/2362/905 3056/2371/905 3055/2370/905 
usemtl tfg
f 3032/2371/911 3047/2377/911 3052/2377/911 3056/2371/911 
f 3047/2377/911 3018/2362/911 3049/2362/911 3052/2377/911 
usemtl xdgh
f 3021/2363/904 3026/2368/904 3059/2360/904 3058/2362/904 
usemtl tfg
f 3026/2360/909 3063/2379/909 3060/2379/909 3059/2360/909 
f 3063/2379/909 3042/2370/909 3064/2370/909 3060/2379/909 
usemtl xdgh
f 3042/2365/905 3038/2358/905 3065/2371/905 3064/2370/905 
usemtl tfg
f 3038/2371/906 3057/2377/906 3061/2377/906 3065/2371/906 
f 3057/2377/906 3021/2362/906 3058/2362/906 3061/2377/906 
usemtl xdgh
f 3029/2371/904 3028/2370/904 3068/2360/904 3067/2362/904 
usemtl tfg
f 3028/2360/911 3072/2379/911 3069/2379/911 3068/2360/911 
f 3072/2379/912 3043/2370/912 3073/2370/912 3069/2379/912 
usemtl xdgh
f 3043/2371/905 3045/2370/905 3074/2371/905 3073/2370/905 
usemtl tfg
f 3045/2371/907 3066/2377/907 3070/2377/907 3074/2371/907 
f 3066/2377/908 3029/2362/908 3067/2362/908 3070/2377/908 
usemtl xdgh
f 3023/2365/904 3016/2358/904 3077/2360/904 3076/2362/904 
usemtl tfg
f 3016/2360/906 3080/2379/906 3078/2379/906 3077/2360/906 
f 3080/2379/913 3034/2370/913 3081/2370/913 3078/2379/913 
usemtl xdgh
f 3034/2374/905 3040/2375/905 3082/2371/905 3081/2370/905 
usemtl tfg
f 3040/2371/909 3075/2377/909 3079/2377/909 3082/2371/909 
f 3075/2377/910 3023/2362/910 3076/2362/910 3079/2377/910 
# 66 polygons

#
# object Box373
#

v  87.1538 4.5718 -44.6252
v  82.0738 4.5718 -44.6252
v  82.0738 4.5718 -49.7052
v  87.1538 4.5718 -49.7052
v  87.1538 4.8258 -44.6252
v  87.1538 4.8258 -49.7052
v  82.0738 4.8258 -49.7052
v  82.0738 4.8258 -44.6252
# 8 vertices

vn 0.0000 -1.0000 -0.0000
vn 0.0000 1.0000 -0.0000
vn 1.0000 0.0000 -0.0000
vn -0.0000 0.0000 -1.0000
vn -1.0000 0.0000 0.0000
vn 0.0000 0.0000 1.0000
# 6 vertex normals

vt 1.0000 0.0000 0.0000
vt 1.0000 1.0000 0.0000
vt 0.0000 1.0000 0.0000
vt 0.0000 0.0000 0.0000
# 4 texture coords

g Box373
usemtl cvj
s 2
f 3083/2381/914 3084/2382/914 3085/2383/914 3086/2384/914 
s 4
f 3087/2384/915 3088/2381/915 3089/2382/915 3090/2383/915 
s 8
f 3083/2384/916 3086/2381/916 3088/2382/916 3087/2383/916 
s 16
f 3086/2384/917 3085/2381/917 3089/2382/917 3088/2383/917 
s 32
f 3085/2384/918 3084/2381/918 3090/2382/918 3089/2383/918 
s 64
f 3084/2384/919 3083/2381/919 3087/2382/919 3090/2383/919 
# 6 polygons

#
# object Cylinder133
#

v  84.6561 4.0354 -50.0543
v  83.9522 4.7393 -50.0543
v  84.6561 5.4432 -50.0543
v  85.3600 4.7393 -50.0543
v  83.9522 4.7393 -50.0035
v  84.6561 5.4432 -50.0035
v  84.6561 4.0354 -50.0035
v  85.3600 4.7393 -50.0035
v  83.9522 4.7393 -49.9527
v  84.6561 5.4432 -49.9527
v  84.6561 4.0354 -49.9527
v  85.3600 4.7393 -49.9527
v  83.9522 4.7393 -49.9019
v  84.6561 5.4432 -49.9019
v  84.6561 4.0354 -49.9019
v  85.3600 4.7393 -49.9019
v  83.9522 4.7393 -49.8511
v  84.6561 5.4432 -49.8511
v  84.6561 4.0354 -49.8511
v  85.3600 4.7393 -49.8511
v  83.9522 4.7393 -49.8003
v  84.6561 5.4432 -49.8003
v  84.6561 4.0354 -49.8003
v  85.3600 4.7393 -49.8003
# 24 vertices

vn -0.0000 -0.0000 -1.0000
vn 0.0000 1.0000 -0.0000
vn -1.0000 0.0000 0.0000
vn -0.0000 -1.0000 0.0000
vn 1.0000 -0.0000 -0.0000
vn 0.0000 0.0000 1.0000
# 6 vertex normals

vt 0.2500 0.0000 1.0000
vt 0.0000 0.0000 1.0000
vt -0.2500 0.0000 1.0000
vt 0.7500 0.0000 1.0000
vt 0.5000 0.0000 1.0000
vt 0.0000 0.2000 1.0000
vt -0.2500 0.2000 1.0000
vt 0.2500 0.2000 1.0000
vt 0.5000 0.2000 1.0000
vt 0.7500 0.2000 1.0000
vt 0.0000 0.4000 1.0000
vt -0.2500 0.4000 1.0000
vt 0.2500 0.4000 1.0000
vt 0.5000 0.4000 1.0000
vt 0.7500 0.4000 1.0000
vt 0.0000 0.6000 1.0000
vt -0.2500 0.6000 1.0000
vt 0.2500 0.6000 1.0000
vt 0.5000 0.6000 1.0000
vt 0.7500 0.6000 1.0000
vt 0.0000 0.8000 1.0000
vt -0.2500 0.8000 1.0000
vt 0.2500 0.8000 1.0000
vt 0.5000 0.8000 1.0000
vt 0.7500 0.8000 1.0000
vt 0.0000 1.0000 1.0000
vt -0.2500 1.0000 1.0000
vt 0.2500 1.0000 1.0000
vt 0.5000 1.0000 1.0000
vt 0.7500 1.0000 1.0000
vt 1.0000 1.0000 -1.0000
# 31 texture coords

g Cylinder133
usemtl 03___Defaulttyi
s 1
f 3091/2385/920 3092/2386/920 3093/2387/920 
f 3093/2388/920 3094/2389/920 3091/2385/920 
s 8
f 3093/2387/921 3092/2386/922 3095/2390/922 3096/2391/921 
f 3092/2386/922 3091/2385/923 3097/2392/923 3095/2390/922 
f 3091/2385/923 3094/2389/924 3098/2393/924 3097/2392/923 
f 3094/2389/924 3093/2388/921 3096/2394/921 3098/2393/924 
f 3096/2391/921 3095/2390/922 3099/2395/922 3100/2396/921 
f 3095/2390/922 3097/2392/923 3101/2397/923 3099/2395/922 
f 3097/2392/923 3098/2393/924 3102/2398/924 3101/2397/923 
f 3098/2393/924 3096/2394/921 3100/2399/921 3102/2398/924 
f 3100/2396/921 3099/2395/922 3103/2400/922 3104/2401/921 
f 3099/2395/922 3101/2397/923 3105/2402/923 3103/2400/922 
f 3101/2397/923 3102/2398/924 3106/2403/924 3105/2402/923 
f 3102/2398/924 3100/2399/921 3104/2404/921 3106/2403/924 
f 3104/2401/921 3103/2400/922 3107/2405/922 3108/2406/921 
f 3103/2400/922 3105/2402/923 3109/2407/923 3107/2405/922 
f 3105/2402/923 3106/2403/924 3110/2408/924 3109/2407/923 
f 3106/2403/924 3104/2404/921 3108/2409/921 3110/2408/924 
f 3108/2406/921 3107/2405/922 3111/2410/922 3112/2411/921 
f 3107/2405/922 3109/2407/923 3113/2412/923 3111/2410/922 
f 3109/2407/923 3110/2408/924 3114/2413/924 3113/2412/923 
f 3110/2408/924 3108/2409/921 3112/2414/921 3114/2413/924 
s 1
f 3114/2415/925 3112/2411/925 3111/2410/925 
f 3111/2410/925 3113/2412/925 3114/2413/925 
# 20 polygons - 4 triangles

#
# object Cylinder132
#

v  81.7138 4.0354 -47.1806
v  81.7138 4.7393 -46.4767
v  81.7138 5.4432 -47.1806
v  81.7138 4.7393 -47.8845
v  81.7646 4.7393 -46.4767
v  81.7646 5.4432 -47.1806
v  81.7646 4.0354 -47.1806
v  81.7646 4.7393 -47.8845
v  81.8154 4.7393 -46.4767
v  81.8154 5.4432 -47.1806
v  81.8154 4.0354 -47.1806
v  81.8154 4.7393 -47.8845
v  81.8662 4.7393 -46.4767
v  81.8662 5.4432 -47.1806
v  81.8662 4.0354 -47.1806
v  81.8662 4.7393 -47.8845
v  81.9170 4.7393 -46.4767
v  81.9170 5.4432 -47.1806
v  81.9170 4.0354 -47.1806
v  81.9170 4.7393 -47.8845
v  81.9678 4.7393 -46.4767
v  81.9678 5.4432 -47.1806
v  81.9678 4.0354 -47.1806
v  81.9678 4.7393 -47.8845
# 24 vertices

vn -1.0000 0.0000 0.0000
vn 0.0000 1.0000 -0.0000
vn 0.0000 0.0000 1.0000
vn -0.0000 -1.0000 0.0000
vn -0.0000 -0.0000 -1.0000
vn 1.0000 -0.0000 -0.0000
# 6 vertex normals

vt 0.2500 0.0000 1.0000
vt 0.0000 0.0000 1.0000
vt -0.2500 0.0000 1.0000
vt 0.7500 0.0000 1.0000
vt 0.5000 0.0000 1.0000
vt 0.0000 0.2000 1.0000
vt -0.2500 0.2000 1.0000
vt 0.2500 0.2000 1.0000
vt 0.5000 0.2000 1.0000
vt 0.7500 0.2000 1.0000
vt 0.0000 0.4000 1.0000
vt -0.2500 0.4000 1.0000
vt 0.2500 0.4000 1.0000
vt 0.5000 0.4000 1.0000
vt 0.7500 0.4000 1.0000
vt 0.0000 0.6000 1.0000
vt -0.2500 0.6000 1.0000
vt 0.2500 0.6000 1.0000
vt 0.5000 0.6000 1.0000
vt 0.7500 0.6000 1.0000
vt 0.0000 0.8000 1.0000
vt -0.2500 0.8000 1.0000
vt 0.2500 0.8000 1.0000
vt 0.5000 0.8000 1.0000
vt 0.7500 0.8000 1.0000
vt 0.0000 1.0000 1.0000
vt -0.2500 1.0000 1.0000
vt 0.2500 1.0000 1.0000
vt 0.5000 1.0000 1.0000
vt 0.7500 1.0000 1.0000
vt 1.0000 1.0000 -1.0000
# 31 texture coords

g Cylinder132
usemtl 03___Defaulttyi
s 1
f 3115/2416/926 3116/2417/926 3117/2418/926 
f 3117/2419/926 3118/2420/926 3115/2416/926 
s 8
f 3117/2418/927 3116/2417/928 3119/2421/928 3120/2422/927 
f 3116/2417/928 3115/2416/929 3121/2423/929 3119/2421/928 
f 3115/2416/929 3118/2420/930 3122/2424/930 3121/2423/929 
f 3118/2420/930 3117/2419/927 3120/2425/927 3122/2424/930 
f 3120/2422/927 3119/2421/928 3123/2426/928 3124/2427/927 
f 3119/2421/928 3121/2423/929 3125/2428/929 3123/2426/928 
f 3121/2423/929 3122/2424/930 3126/2429/930 3125/2428/929 
f 3122/2424/930 3120/2425/927 3124/2430/927 3126/2429/930 
f 3124/2427/927 3123/2426/928 3127/2431/928 3128/2432/927 
f 3123/2426/928 3125/2428/929 3129/2433/929 3127/2431/928 
f 3125/2428/929 3126/2429/930 3130/2434/930 3129/2433/929 
f 3126/2429/930 3124/2430/927 3128/2435/927 3130/2434/930 
f 3128/2432/927 3127/2431/928 3131/2436/928 3132/2437/927 
f 3127/2431/928 3129/2433/929 3133/2438/929 3131/2436/928 
f 3129/2433/929 3130/2434/930 3134/2439/930 3133/2438/929 
f 3130/2434/930 3128/2435/927 3132/2440/927 3134/2439/930 
f 3132/2437/927 3131/2436/928 3135/2441/928 3136/2442/927 
f 3131/2436/928 3133/2438/929 3137/2443/929 3135/2441/928 
f 3133/2438/929 3134/2439/930 3138/2444/930 3137/2443/929 
f 3134/2439/930 3132/2440/927 3136/2445/927 3138/2444/930 
s 1
f 3138/2446/931 3136/2442/931 3135/2441/931 
f 3135/2441/931 3137/2443/931 3138/2444/931 
# 20 polygons - 4 triangles

#
# object Cylinder134
#

v  84.6561 4.0354 -44.5956
v  83.9522 4.7393 -44.5956
v  84.6561 5.4432 -44.5956
v  85.3600 4.7393 -44.5956
v  83.9522 4.7393 -44.5448
v  84.6561 5.4432 -44.5448
v  84.6561 4.0354 -44.5448
v  85.3600 4.7393 -44.5448
v  83.9522 4.7393 -44.4940
v  84.6561 5.4432 -44.4940
v  84.6561 4.0354 -44.4940
v  85.3600 4.7393 -44.4940
v  83.9522 4.7393 -44.4432
v  84.6561 5.4432 -44.4432
v  84.6561 4.0354 -44.4432
v  85.3600 4.7393 -44.4432
v  83.9522 4.7393 -44.3924
v  84.6561 5.4432 -44.3924
v  84.6561 4.0354 -44.3924
v  85.3600 4.7393 -44.3924
v  83.9522 4.7393 -44.3416
v  84.6561 5.4432 -44.3416
v  84.6561 4.0354 -44.3416
v  85.3600 4.7393 -44.3416
# 24 vertices

vn -0.0000 -0.0000 -1.0000
vn 0.0000 1.0000 -0.0000
vn -1.0000 0.0000 0.0000
vn -0.0000 -1.0000 0.0000
vn 1.0000 -0.0000 -0.0000
vn 0.0000 0.0000 1.0000
# 6 vertex normals

vt 0.2500 0.0000 1.0000
vt 0.0000 0.0000 1.0000
vt -0.2500 0.0000 1.0000
vt 0.7500 0.0000 1.0000
vt 0.5000 0.0000 1.0000
vt 0.0000 0.2000 1.0000
vt -0.2500 0.2000 1.0000
vt 0.2500 0.2000 1.0000
vt 0.5000 0.2000 1.0000
vt 0.7500 0.2000 1.0000
vt 0.0000 0.4000 1.0000
vt -0.2500 0.4000 1.0000
vt 0.2500 0.4000 1.0000
vt 0.5000 0.4000 1.0000
vt 0.7500 0.4000 1.0000
vt 0.0000 0.6000 1.0000
vt -0.2500 0.6000 1.0000
vt 0.2500 0.6000 1.0000
vt 0.5000 0.6000 1.0000
vt 0.7500 0.6000 1.0000
vt 0.0000 0.8000 1.0000
vt -0.2500 0.8000 1.0000
vt 0.2500 0.8000 1.0000
vt 0.5000 0.8000 1.0000
vt 0.7500 0.8000 1.0000
vt 0.0000 1.0000 1.0000
vt -0.2500 1.0000 1.0000
vt 0.2500 1.0000 1.0000
vt 0.5000 1.0000 1.0000
vt 0.7500 1.0000 1.0000
vt 1.0000 1.0000 -1.0000
# 31 texture coords

g Cylinder134
usemtl 03___Defaulttyi
s 1
f 3139/2447/932 3140/2448/932 3141/2449/932 
f 3141/2450/932 3142/2451/932 3139/2447/932 
s 8
f 3141/2449/933 3140/2448/934 3143/2452/934 3144/2453/933 
f 3140/2448/934 3139/2447/935 3145/2454/935 3143/2452/934 
f 3139/2447/935 3142/2451/936 3146/2455/936 3145/2454/935 
f 3142/2451/936 3141/2450/933 3144/2456/933 3146/2455/936 
f 3144/2453/933 3143/2452/934 3147/2457/934 3148/2458/933 
f 3143/2452/934 3145/2454/935 3149/2459/935 3147/2457/934 
f 3145/2454/935 3146/2455/936 3150/2460/936 3149/2459/935 
f 3146/2455/936 3144/2456/933 3148/2461/933 3150/2460/936 
f 3148/2458/933 3147/2457/934 3151/2462/934 3152/2463/933 
f 3147/2457/934 3149/2459/935 3153/2464/935 3151/2462/934 
f 3149/2459/935 3150/2460/936 3154/2465/936 3153/2464/935 
f 3150/2460/936 3148/2461/933 3152/2466/933 3154/2465/936 
f 3152/2463/933 3151/2462/934 3155/2467/934 3156/2468/933 
f 3151/2462/934 3153/2464/935 3157/2469/935 3155/2467/934 
f 3153/2464/935 3154/2465/936 3158/2470/936 3157/2469/935 
f 3154/2465/936 3152/2466/933 3156/2471/933 3158/2470/936 
f 3156/2468/933 3155/2467/934 3159/2472/934 3160/2473/933 
f 3155/2467/934 3157/2469/935 3161/2474/935 3159/2472/934 
f 3157/2469/935 3158/2470/936 3162/2475/936 3161/2474/935 
f 3158/2470/936 3156/2471/933 3160/2476/933 3162/2475/936 
s 1
f 3162/2477/937 3160/2473/937 3159/2472/937 
f 3159/2472/937 3161/2474/937 3162/2475/937 
# 20 polygons - 4 triangles

#
# object Cylinder135
#

v  87.1948 4.0354 -47.1806
v  87.1948 4.7393 -46.4767
v  87.1948 5.4432 -47.1806
v  87.1948 4.7393 -47.8845
v  87.2456 4.7393 -46.4767
v  87.2456 5.4432 -47.1806
v  87.2456 4.0354 -47.1806
v  87.2456 4.7393 -47.8845
v  87.2964 4.7393 -46.4767
v  87.2964 5.4432 -47.1806
v  87.2964 4.0354 -47.1806
v  87.2964 4.7393 -47.8845
v  87.3472 4.7393 -46.4767
v  87.3472 5.4432 -47.1806
v  87.3472 4.0354 -47.1806
v  87.3472 4.7393 -47.8845
v  87.3980 4.7393 -46.4767
v  87.3980 5.4432 -47.1806
v  87.3980 4.0354 -47.1806
v  87.3980 4.7393 -47.8845
v  87.4488 4.7393 -46.4767
v  87.4488 5.4432 -47.1806
v  87.4488 4.0354 -47.1806
v  87.4488 4.7393 -47.8845
# 24 vertices

vn -1.0000 0.0000 0.0000
vn 0.0000 1.0000 -0.0000
vn 0.0000 0.0000 1.0000
vn -0.0000 -1.0000 0.0000
vn -0.0000 -0.0000 -1.0000
vn 1.0000 -0.0000 -0.0000
# 6 vertex normals

vt 0.2500 0.0000 1.0000
vt 0.0000 0.0000 1.0000
vt -0.2500 0.0000 1.0000
vt 0.7500 0.0000 1.0000
vt 0.5000 0.0000 1.0000
vt 0.0000 0.2000 1.0000
vt -0.2500 0.2000 1.0000
vt 0.2500 0.2000 1.0000
vt 0.5000 0.2000 1.0000
vt 0.7500 0.2000 1.0000
vt 0.0000 0.4000 1.0000
vt -0.2500 0.4000 1.0000
vt 0.2500 0.4000 1.0000
vt 0.5000 0.4000 1.0000
vt 0.7500 0.4000 1.0000
vt 0.0000 0.6000 1.0000
vt -0.2500 0.6000 1.0000
vt 0.2500 0.6000 1.0000
vt 0.5000 0.6000 1.0000
vt 0.7500 0.6000 1.0000
vt 0.0000 0.8000 1.0000
vt -0.2500 0.8000 1.0000
vt 0.2500 0.8000 1.0000
vt 0.5000 0.8000 1.0000
vt 0.7500 0.8000 1.0000
vt 0.0000 1.0000 1.0000
vt -0.2500 1.0000 1.0000
vt 0.2500 1.0000 1.0000
vt 0.5000 1.0000 1.0000
vt 0.7500 1.0000 1.0000
vt 1.0000 1.0000 -1.0000
# 31 texture coords

g Cylinder135
usemtl 03___Defaulttyi
s 1
f 3163/2478/938 3164/2479/938 3165/2480/938 
f 3165/2481/938 3166/2482/938 3163/2478/938 
s 8
f 3165/2480/939 3164/2479/940 3167/2483/940 3168/2484/939 
f 3164/2479/940 3163/2478/941 3169/2485/941 3167/2483/940 
f 3163/2478/941 3166/2482/942 3170/2486/942 3169/2485/941 
f 3166/2482/942 3165/2481/939 3168/2487/939 3170/2486/942 
f 3168/2484/939 3167/2483/940 3171/2488/940 3172/2489/939 
f 3167/2483/940 3169/2485/941 3173/2490/941 3171/2488/940 
f 3169/2485/941 3170/2486/942 3174/2491/942 3173/2490/941 
f 3170/2486/942 3168/2487/939 3172/2492/939 3174/2491/942 
f 3172/2489/939 3171/2488/940 3175/2493/940 3176/2494/939 
f 3171/2488/940 3173/2490/941 3177/2495/941 3175/2493/940 
f 3173/2490/941 3174/2491/942 3178/2496/942 3177/2495/941 
f 3174/2491/942 3172/2492/939 3176/2497/939 3178/2496/942 
f 3176/2494/939 3175/2493/940 3179/2498/940 3180/2499/939 
f 3175/2493/940 3177/2495/941 3181/2500/941 3179/2498/940 
f 3177/2495/941 3178/2496/942 3182/2501/942 3181/2500/941 
f 3178/2496/942 3176/2497/939 3180/2502/939 3182/2501/942 
f 3180/2499/939 3179/2498/940 3183/2503/940 3184/2504/939 
f 3179/2498/940 3181/2500/941 3185/2505/941 3183/2503/940 
f 3181/2500/941 3182/2501/942 3186/2506/942 3185/2505/941 
f 3182/2501/942 3180/2502/939 3184/2507/939 3186/2506/942 
s 1
f 3186/2508/943 3184/2504/943 3183/2503/943 
f 3183/2503/943 3185/2505/943 3186/2506/943 
# 20 polygons - 4 triangles

#
# object Box401
#

v  -17.8843 -0.3273 -57.1022
v  -22.7103 -0.3273 -57.1022
v  -22.7103 -0.3273 -61.9282
v  -17.8843 -0.3273 -61.9282
v  -17.8843 0.9427 -57.1022
v  -17.8843 0.9427 -61.9282
v  -22.7103 0.9427 -61.9282
v  -22.7103 0.9427 -57.1022
# 8 vertices

vn 0.0000 -1.0000 -0.0000
vn 0.0000 1.0000 -0.0000
vn 1.0000 0.0000 -0.0000
vn -0.0000 0.0000 -1.0000
vn -1.0000 0.0000 0.0000
vn 0.0000 0.0000 1.0000
# 6 vertex normals

vt 1.0000 0.0000 0.0000
vt 1.0000 1.0000 0.0000
vt 0.0000 1.0000 0.0000
vt 0.0000 0.0000 0.0000
# 4 texture coords

g Box401
usemtl tfg
s 2
f 3187/2509/944 3188/2510/944 3189/2511/944 3190/2512/944 
s 4
f 3191/2512/945 3192/2509/945 3193/2510/945 3194/2511/945 
s 8
f 3187/2512/946 3190/2509/946 3192/2510/946 3191/2511/946 
s 16
f 3190/2512/947 3189/2509/947 3193/2510/947 3192/2511/947 
s 32
f 3189/2512/948 3188/2509/948 3194/2510/948 3193/2511/948 
s 64
f 3188/2512/949 3187/2509/949 3191/2510/949 3194/2511/949 
# 6 polygons

#
# object Box402
#

v  -18.1383 -0.3273 -57.3562
v  -19.5776 -0.3273 -57.3562
v  -19.5776 -0.3273 -58.7955
v  -18.1383 -0.3273 -58.7955
v  -19.5776 -0.3273 -60.2349
v  -18.1383 -0.3273 -60.2349
v  -19.5776 -0.3273 -61.6742
v  -18.1383 -0.3273 -61.6742
v  -21.0169 -0.3273 -57.3562
v  -21.0169 -0.3273 -58.7955
v  -21.0169 -0.3273 -60.2349
v  -21.0169 -0.3273 -61.6742
v  -22.4563 -0.3273 -57.3562
v  -22.4563 -0.3273 -58.7955
v  -22.4563 -0.3273 -60.2349
v  -22.4563 -0.3273 -61.6742
v  -18.1383 9.8327 -57.3562
v  -18.1383 9.8327 -58.7955
v  -19.5776 9.8327 -58.7955
v  -19.5776 9.8327 -57.3562
v  -18.1383 9.8327 -60.2349
v  -19.5776 9.8327 -60.2349
v  -18.1383 9.8327 -61.6742
v  -19.5776 9.8327 -61.6742
v  -21.0169 9.8327 -58.7955
v  -21.0169 9.8327 -57.3562
v  -21.0169 9.8327 -60.2349
v  -21.0169 9.8327 -61.6742
v  -22.4563 9.8327 -58.7955
v  -22.4563 9.8327 -57.3562
v  -22.4563 9.8327 -60.2349
v  -22.4563 9.8327 -61.6742
v  -18.1383 4.7527 -58.7955
v  -18.1383 4.7527 -57.3562
v  -17.6303 -0.3273 -58.7955
v  -17.6303 -0.3273 -60.2349
v  -17.6303 4.7527 -60.2349
v  -17.6303 4.7527 -58.7955
v  -18.1383 4.7527 -61.6742
v  -18.1383 4.7527 -60.2349
v  -17.6303 9.8327 -60.2349
v  -17.6303 9.8327 -58.7955
v  -19.5776 4.7527 -61.6742
v  -19.5776 -0.3273 -62.1822
v  -21.0169 -0.3273 -62.1822
v  -21.0169 4.7527 -62.1822
v  -19.5776 4.7527 -62.1822
v  -22.4563 4.7527 -61.6742
v  -21.0169 4.7527 -61.6742
v  -21.0169 9.8327 -62.1822
v  -19.5776 9.8327 -62.1822
v  -22.4563 4.7527 -60.2349
v  -22.9643 -0.3273 -60.2349
v  -22.9643 -0.3273 -58.7955
v  -22.9643 4.7527 -58.7955
v  -22.9643 4.7527 -60.2349
v  -22.4563 4.7527 -57.3562
v  -22.4563 4.7527 -58.7955
v  -22.9643 9.8327 -58.7955
v  -22.9643 9.8327 -60.2349
v  -21.0169 4.7527 -57.3562
v  -21.0169 -0.3273 -56.8482
v  -19.5776 -0.3273 -56.8482
v  -19.5776 4.7527 -56.8482
v  -21.0169 4.7527 -56.8482
v  -19.5776 4.7527 -57.3562
v  -19.5776 9.8327 -56.8482
v  -21.0169 9.8327 -56.8482
# 68 vertices

vn 0.0000 -1.0000 -0.0000
vn 0.0000 1.0000 -0.0000
vn 1.0000 0.0000 -0.0000
vn -0.0000 0.0000 -1.0000
vn -0.0000 -0.0000 -1.0000
vn -1.0000 0.0000 0.0000
vn -1.0000 -0.0000 0.0000
vn 0.0000 0.0000 1.0000
vn 0.0000 -0.0000 1.0000
vn 1.0000 -0.0000 -0.0000
# 10 vertex normals

vt 1.0000 0.0000 0.0000
vt 1.0000 0.3333 0.0000
vt 0.6667 0.3333 0.0000
vt 0.6667 0.0000 0.0000
vt 0.3333 0.3333 0.0000
vt 0.3333 0.0000 0.0000
vt -0.0000 0.3333 0.0000
vt -0.0000 0.0000 0.0000
vt 1.0000 0.6667 0.0000
vt 0.6667 0.6667 0.0000
vt 0.3333 0.6667 0.0000
vt -0.0000 0.6667 0.0000
vt 1.0000 1.0000 0.0000
vt 0.6667 1.0000 0.0000
vt 0.3333 1.0000 0.0000
vt -0.0000 1.0000 0.0000
vt 0.0000 0.0000 0.0000
vt 0.0000 0.3333 0.0000
vt 0.0000 0.6667 0.0000
vt 0.0000 1.0000 0.0000
vt 0.3333 0.5000 0.0000
vt 0.0000 0.5000 0.0000
vt 0.6667 0.5000 0.0000
vt 1.0000 0.5000 0.0000
# 24 texture coords

g Box402
usemtl xdgh
s 2
f 3195/2513/950 3196/2514/950 3197/2515/950 3198/2516/950 
f 3198/2516/950 3197/2515/950 3199/2517/950 3200/2518/950 
f 3200/2518/950 3199/2517/950 3201/2519/950 3202/2520/950 
f 3196/2514/950 3203/2521/950 3204/2522/950 3197/2515/950 
f 3197/2515/950 3204/2522/950 3205/2523/950 3199/2517/950 
f 3199/2517/950 3205/2523/950 3206/2524/950 3201/2519/950 
f 3203/2521/950 3207/2525/950 3208/2526/950 3204/2522/950 
f 3204/2522/950 3208/2526/950 3209/2527/950 3205/2523/950 
f 3205/2523/950 3209/2527/950 3210/2528/950 3206/2524/950 
s 4
f 3211/2529/951 3212/2518/951 3213/2517/951 3214/2530/951 
f 3212/2518/951 3215/2516/951 3216/2515/951 3213/2517/951 
f 3215/2516/951 3217/2513/951 3218/2514/951 3216/2515/951 
f 3214/2530/951 3213/2517/951 3219/2523/951 3220/2531/951 
f 3213/2517/951 3216/2515/951 3221/2522/951 3219/2523/951 
f 3216/2515/951 3218/2514/951 3222/2521/951 3221/2522/951 
f 3220/2531/951 3219/2523/951 3223/2527/951 3224/2532/951 
f 3219/2523/951 3221/2522/951 3225/2526/951 3223/2527/951 
f 3221/2522/951 3222/2521/951 3226/2525/951 3225/2526/951 
s 8
f 3195/2529/952 3198/2518/952 3227/2533/952 3228/2534/952 
f 3229/2518/952 3230/2516/952 3231/2535/952 3232/2533/952 
f 3200/2516/952 3202/2513/952 3233/2536/952 3234/2535/952 
usemtl tfg
f 3228/2534/952 3227/2533/952 3212/2527/952 3211/2532/952 
usemtl xdgh
f 3232/2533/952 3231/2535/952 3235/2526/952 3236/2527/952 
usemtl tfg
f 3234/2535/952 3233/2536/952 3217/2525/952 3215/2526/952 
usemtl xdgh
s 16
f 3202/2529/953 3201/2518/953 3237/2533/953 3233/2534/953 
f 3238/2518/954 3239/2516/954 3240/2535/953 3241/2533/953 
f 3206/2516/953 3210/2513/953 3242/2536/953 3243/2535/953 
usemtl tfg
f 3233/2534/953 3237/2533/953 3218/2527/953 3217/2532/953 
usemtl xdgh
f 3241/2533/953 3240/2535/953 3244/2526/953 3245/2527/953 
usemtl tfg
f 3243/2535/953 3242/2536/953 3226/2525/953 3222/2526/953 
usemtl xdgh
s 32
f 3210/2529/955 3209/2518/955 3246/2533/955 3242/2534/955 
f 3247/2518/956 3248/2516/956 3249/2535/955 3250/2533/955 
f 3208/2516/955 3207/2513/955 3251/2536/955 3252/2535/955 
usemtl tfg
f 3242/2534/955 3246/2533/955 3225/2527/955 3226/2532/955 
usemtl xdgh
f 3250/2533/955 3249/2535/955 3253/2526/955 3254/2527/955 
usemtl tfg
f 3252/2535/955 3251/2536/955 3224/2525/955 3223/2526/955 
usemtl xdgh
s 64
f 3207/2529/957 3203/2518/957 3255/2533/957 3251/2534/957 
f 3256/2518/957 3257/2516/957 3258/2535/957 3259/2533/957 
f 3196/2516/957 3195/2513/957 3228/2536/957 3260/2535/957 
usemtl tfg
f 3251/2534/957 3255/2533/957 3220/2527/957 3224/2532/957 
usemtl xdgh
f 3259/2533/957 3258/2535/957 3261/2526/957 3262/2527/957 
usemtl tfg
f 3260/2535/957 3228/2536/957 3211/2525/957 3214/2526/957 
usemtl xdgh
s off
f 3198/2516/950 3200/2518/950 3230/2516/950 3229/2518/950 
usemtl tfg
f 3200/2516/953 3234/2535/953 3231/2535/953 3230/2516/953 
f 3234/2535/953 3215/2526/953 3235/2526/953 3231/2535/953 
usemtl xdgh
f 3215/2516/951 3212/2518/951 3236/2527/951 3235/2526/951 
usemtl tfg
f 3212/2527/957 3227/2533/957 3232/2533/957 3236/2527/957 
f 3227/2533/957 3198/2518/957 3229/2518/957 3232/2533/957 
usemtl xdgh
f 3201/2519/950 3206/2524/950 3239/2516/950 3238/2518/950 
usemtl tfg
f 3206/2516/955 3243/2535/955 3240/2535/955 3239/2516/955 
f 3243/2535/955 3222/2526/955 3244/2526/955 3240/2535/955 
usemtl xdgh
f 3222/2521/951 3218/2514/951 3245/2527/951 3244/2526/951 
usemtl tfg
f 3218/2527/952 3237/2533/952 3241/2533/952 3245/2527/952 
f 3237/2533/952 3201/2518/952 3238/2518/952 3241/2533/952 
usemtl xdgh
f 3209/2527/950 3208/2526/950 3248/2516/950 3247/2518/950 
usemtl tfg
f 3208/2516/957 3252/2535/957 3249/2535/957 3248/2516/957 
f 3252/2535/958 3223/2526/958 3253/2526/958 3249/2535/958 
usemtl xdgh
f 3223/2527/951 3225/2526/951 3254/2527/951 3253/2526/951 
usemtl tfg
f 3225/2527/953 3246/2533/953 3250/2533/953 3254/2527/953 
f 3246/2533/954 3209/2518/954 3247/2518/954 3250/2533/954 
usemtl xdgh
f 3203/2521/950 3196/2514/950 3257/2516/950 3256/2518/950 
usemtl tfg
f 3196/2516/952 3260/2535/952 3258/2535/952 3257/2516/952 
f 3260/2535/959 3214/2526/959 3261/2526/959 3258/2535/959 
usemtl xdgh
f 3214/2530/951 3220/2531/951 3262/2527/951 3261/2526/951 
usemtl tfg
f 3220/2527/955 3255/2533/955 3259/2533/955 3262/2527/955 
f 3255/2533/956 3203/2518/956 3256/2518/956 3259/2533/956 
# 66 polygons

#
# object Box403
#

v  -17.7573 4.5718 -56.9752
v  -22.8373 4.5718 -56.9752
v  -22.8373 4.5718 -62.0552
v  -17.7573 4.5718 -62.0552
v  -17.7573 4.8258 -56.9752
v  -17.7573 4.8258 -62.0552
v  -22.8373 4.8258 -62.0552
v  -22.8373 4.8258 -56.9752
# 8 vertices

vn 0.0000 -1.0000 -0.0000
vn 0.0000 1.0000 -0.0000
vn 1.0000 0.0000 -0.0000
vn -0.0000 0.0000 -1.0000
vn -1.0000 0.0000 0.0000
vn 0.0000 0.0000 1.0000
# 6 vertex normals

vt 1.0000 0.0000 0.0000
vt 1.0000 1.0000 0.0000
vt 0.0000 1.0000 0.0000
vt 0.0000 0.0000 0.0000
# 4 texture coords

g Box403
usemtl cvj
s 2
f 3263/2537/960 3264/2538/960 3265/2539/960 3266/2540/960 
s 4
f 3267/2540/961 3268/2537/961 3269/2538/961 3270/2539/961 
s 8
f 3263/2540/962 3266/2537/962 3268/2538/962 3267/2539/962 
s 16
f 3266/2540/963 3265/2537/963 3269/2538/963 3268/2539/963 
s 32
f 3265/2540/964 3264/2537/964 3270/2538/964 3269/2539/964 
s 64
f 3264/2540/965 3263/2537/965 3267/2538/965 3270/2539/965 
# 6 polygons

#
# object Cylinder159
#

v  -20.2549 4.0354 -62.4043
v  -20.9588 4.7393 -62.4043
v  -20.2549 5.4432 -62.4043
v  -19.5510 4.7393 -62.4043
v  -20.9588 4.7393 -62.3535
v  -20.2549 5.4432 -62.3535
v  -20.2549 4.0354 -62.3535
v  -19.5510 4.7393 -62.3535
v  -20.9588 4.7393 -62.3027
v  -20.2549 5.4432 -62.3027
v  -20.2549 4.0354 -62.3027
v  -19.5510 4.7393 -62.3027
v  -20.9588 4.7393 -62.2519
v  -20.2549 5.4432 -62.2519
v  -20.2549 4.0354 -62.2519
v  -19.5510 4.7393 -62.2519
v  -20.9588 4.7393 -62.2011
v  -20.2549 5.4432 -62.2011
v  -20.2549 4.0354 -62.2011
v  -19.5510 4.7393 -62.2011
v  -20.9588 4.7393 -62.1503
v  -20.2549 5.4432 -62.1503
v  -20.2549 4.0354 -62.1503
v  -19.5510 4.7393 -62.1503
# 24 vertices

vn -0.0000 -0.0000 -1.0000
vn 0.0000 1.0000 -0.0000
vn -1.0000 0.0000 0.0000
vn -0.0000 -1.0000 0.0000
vn 1.0000 -0.0000 -0.0000
vn 0.0000 0.0000 1.0000
# 6 vertex normals

vt 0.2500 0.0000 1.0000
vt 0.0000 0.0000 1.0000
vt -0.2500 0.0000 1.0000
vt 0.7500 0.0000 1.0000
vt 0.5000 0.0000 1.0000
vt 0.0000 0.2000 1.0000
vt -0.2500 0.2000 1.0000
vt 0.2500 0.2000 1.0000
vt 0.5000 0.2000 1.0000
vt 0.7500 0.2000 1.0000
vt 0.0000 0.4000 1.0000
vt -0.2500 0.4000 1.0000
vt 0.2500 0.4000 1.0000
vt 0.5000 0.4000 1.0000
vt 0.7500 0.4000 1.0000
vt 0.0000 0.6000 1.0000
vt -0.2500 0.6000 1.0000
vt 0.2500 0.6000 1.0000
vt 0.5000 0.6000 1.0000
vt 0.7500 0.6000 1.0000
vt 0.0000 0.8000 1.0000
vt -0.2500 0.8000 1.0000
vt 0.2500 0.8000 1.0000
vt 0.5000 0.8000 1.0000
vt 0.7500 0.8000 1.0000
vt 0.0000 1.0000 1.0000
vt -0.2500 1.0000 1.0000
vt 0.2500 1.0000 1.0000
vt 0.5000 1.0000 1.0000
vt 0.7500 1.0000 1.0000
vt 1.0000 1.0000 -1.0000
# 31 texture coords

g Cylinder159
usemtl 03___Defaulttyi
s 1
f 3271/2541/966 3272/2542/966 3273/2543/966 
f 3273/2544/966 3274/2545/966 3271/2541/966 
s 8
f 3273/2543/967 3272/2542/968 3275/2546/968 3276/2547/967 
f 3272/2542/968 3271/2541/969 3277/2548/969 3275/2546/968 
f 3271/2541/969 3274/2545/970 3278/2549/970 3277/2548/969 
f 3274/2545/970 3273/2544/967 3276/2550/967 3278/2549/970 
f 3276/2547/967 3275/2546/968 3279/2551/968 3280/2552/967 
f 3275/2546/968 3277/2548/969 3281/2553/969 3279/2551/968 
f 3277/2548/969 3278/2549/970 3282/2554/970 3281/2553/969 
f 3278/2549/970 3276/2550/967 3280/2555/967 3282/2554/970 
f 3280/2552/967 3279/2551/968 3283/2556/968 3284/2557/967 
f 3279/2551/968 3281/2553/969 3285/2558/969 3283/2556/968 
f 3281/2553/969 3282/2554/970 3286/2559/970 3285/2558/969 
f 3282/2554/970 3280/2555/967 3284/2560/967 3286/2559/970 
f 3284/2557/967 3283/2556/968 3287/2561/968 3288/2562/967 
f 3283/2556/968 3285/2558/969 3289/2563/969 3287/2561/968 
f 3285/2558/969 3286/2559/970 3290/2564/970 3289/2563/969 
f 3286/2559/970 3284/2560/967 3288/2565/967 3290/2564/970 
f 3288/2562/967 3287/2561/968 3291/2566/968 3292/2567/967 
f 3287/2561/968 3289/2563/969 3293/2568/969 3291/2566/968 
f 3289/2563/969 3290/2564/970 3294/2569/970 3293/2568/969 
f 3290/2564/970 3288/2565/967 3292/2570/967 3294/2569/970 
s 1
f 3294/2571/971 3292/2567/971 3291/2566/971 
f 3291/2566/971 3293/2568/971 3294/2569/971 
# 20 polygons - 4 triangles

#
# object Cylinder160
#

v  -23.1973 4.0354 -59.5306
v  -23.1973 4.7393 -58.8267
v  -23.1973 5.4432 -59.5306
v  -23.1973 4.7393 -60.2345
v  -23.1465 4.7393 -58.8267
v  -23.1465 5.4432 -59.5306
v  -23.1465 4.0354 -59.5306
v  -23.1465 4.7393 -60.2345
v  -23.0957 4.7393 -58.8267
v  -23.0957 5.4432 -59.5306
v  -23.0957 4.0354 -59.5306
v  -23.0957 4.7393 -60.2345
v  -23.0449 4.7393 -58.8267
v  -23.0449 5.4432 -59.5306
v  -23.0449 4.0354 -59.5306
v  -23.0449 4.7393 -60.2345
v  -22.9941 4.7393 -58.8267
v  -22.9941 5.4432 -59.5306
v  -22.9941 4.0354 -59.5306
v  -22.9941 4.7393 -60.2345
v  -22.9433 4.7393 -58.8267
v  -22.9433 5.4432 -59.5306
v  -22.9433 4.0354 -59.5306
v  -22.9433 4.7393 -60.2345
# 24 vertices

vn -1.0000 0.0000 0.0000
vn 0.0000 1.0000 -0.0000
vn 0.0000 0.0000 1.0000
vn -0.0000 -1.0000 0.0000
vn -0.0000 -0.0000 -1.0000
vn 1.0000 -0.0000 -0.0000
# 6 vertex normals

vt 0.2500 0.0000 1.0000
vt 0.0000 0.0000 1.0000
vt -0.2500 0.0000 1.0000
vt 0.7500 0.0000 1.0000
vt 0.5000 0.0000 1.0000
vt 0.0000 0.2000 1.0000
vt -0.2500 0.2000 1.0000
vt 0.2500 0.2000 1.0000
vt 0.5000 0.2000 1.0000
vt 0.7500 0.2000 1.0000
vt 0.0000 0.4000 1.0000
vt -0.2500 0.4000 1.0000
vt 0.2500 0.4000 1.0000
vt 0.5000 0.4000 1.0000
vt 0.7500 0.4000 1.0000
vt 0.0000 0.6000 1.0000
vt -0.2500 0.6000 1.0000
vt 0.2500 0.6000 1.0000
vt 0.5000 0.6000 1.0000
vt 0.7500 0.6000 1.0000
vt 0.0000 0.8000 1.0000
vt -0.2500 0.8000 1.0000
vt 0.2500 0.8000 1.0000
vt 0.5000 0.8000 1.0000
vt 0.7500 0.8000 1.0000
vt 0.0000 1.0000 1.0000
vt -0.2500 1.0000 1.0000
vt 0.2500 1.0000 1.0000
vt 0.5000 1.0000 1.0000
vt 0.7500 1.0000 1.0000
vt 1.0000 1.0000 -1.0000
# 31 texture coords

g Cylinder160
usemtl 03___Defaulttyi
s 1
f 3295/2572/972 3296/2573/972 3297/2574/972 
f 3297/2575/972 3298/2576/972 3295/2572/972 
s 8
f 3297/2574/973 3296/2573/974 3299/2577/974 3300/2578/973 
f 3296/2573/974 3295/2572/975 3301/2579/975 3299/2577/974 
f 3295/2572/975 3298/2576/976 3302/2580/976 3301/2579/975 
f 3298/2576/976 3297/2575/973 3300/2581/973 3302/2580/976 
f 3300/2578/973 3299/2577/974 3303/2582/974 3304/2583/973 
f 3299/2577/974 3301/2579/975 3305/2584/975 3303/2582/974 
f 3301/2579/975 3302/2580/976 3306/2585/976 3305/2584/975 
f 3302/2580/976 3300/2581/973 3304/2586/973 3306/2585/976 
f 3304/2583/973 3303/2582/974 3307/2587/974 3308/2588/973 
f 3303/2582/974 3305/2584/975 3309/2589/975 3307/2587/974 
f 3305/2584/975 3306/2585/976 3310/2590/976 3309/2589/975 
f 3306/2585/976 3304/2586/973 3308/2591/973 3310/2590/976 
f 3308/2588/973 3307/2587/974 3311/2592/974 3312/2593/973 
f 3307/2587/974 3309/2589/975 3313/2594/975 3311/2592/974 
f 3309/2589/975 3310/2590/976 3314/2595/976 3313/2594/975 
f 3310/2590/976 3308/2591/973 3312/2596/973 3314/2595/976 
f 3312/2593/973 3311/2592/974 3315/2597/974 3316/2598/973 
f 3311/2592/974 3313/2594/975 3317/2599/975 3315/2597/974 
f 3313/2594/975 3314/2595/976 3318/2600/976 3317/2599/975 
f 3314/2595/976 3312/2596/973 3316/2601/973 3318/2600/976 
s 1
f 3318/2602/977 3316/2598/977 3315/2597/977 
f 3315/2597/977 3317/2599/977 3318/2600/977 
# 20 polygons - 4 triangles

#
# object Cylinder161
#

v  -20.2549 4.0354 -56.9456
v  -20.9588 4.7393 -56.9456
v  -20.2549 5.4432 -56.9456
v  -19.5510 4.7393 -56.9456
v  -20.9588 4.7393 -56.8948
v  -20.2549 5.4432 -56.8948
v  -20.2549 4.0354 -56.8948
v  -19.5510 4.7393 -56.8948
v  -20.9588 4.7393 -56.8440
v  -20.2549 5.4432 -56.8440
v  -20.2549 4.0354 -56.8440
v  -19.5510 4.7393 -56.8440
v  -20.9588 4.7393 -56.7932
v  -20.2549 5.4432 -56.7932
v  -20.2549 4.0354 -56.7932
v  -19.5510 4.7393 -56.7932
v  -20.9588 4.7393 -56.7424
v  -20.2549 5.4432 -56.7424
v  -20.2549 4.0354 -56.7424
v  -19.5510 4.7393 -56.7425
v  -20.9588 4.7393 -56.6916
v  -20.2549 5.4432 -56.6917
v  -20.2549 4.0354 -56.6916
v  -19.5510 4.7393 -56.6917
# 24 vertices

vn -0.0000 -0.0000 -1.0000
vn 0.0000 1.0000 -0.0000
vn -1.0000 0.0000 0.0000
vn -0.0000 -1.0000 0.0000
vn 1.0000 -0.0000 -0.0000
vn 0.0000 0.0000 1.0000
# 6 vertex normals

vt 0.2500 0.0000 1.0000
vt 0.0000 0.0000 1.0000
vt -0.2500 0.0000 1.0000
vt 0.7500 0.0000 1.0000
vt 0.5000 0.0000 1.0000
vt 0.0000 0.2000 1.0000
vt -0.2500 0.2000 1.0000
vt 0.2500 0.2000 1.0000
vt 0.5000 0.2000 1.0000
vt 0.7500 0.2000 1.0000
vt 0.0000 0.4000 1.0000
vt -0.2500 0.4000 1.0000
vt 0.2500 0.4000 1.0000
vt 0.5000 0.4000 1.0000
vt 0.7500 0.4000 1.0000
vt 0.0000 0.6000 1.0000
vt -0.2500 0.6000 1.0000
vt 0.2500 0.6000 1.0000
vt 0.5000 0.6000 1.0000
vt 0.7500 0.6000 1.0000
vt 0.0000 0.8000 1.0000
vt -0.2500 0.8000 1.0000
vt 0.2500 0.8000 1.0000
vt 0.5000 0.8000 1.0000
vt 0.7500 0.8000 1.0000
vt 0.0000 1.0000 1.0000
vt -0.2500 1.0000 1.0000
vt 0.2500 1.0000 1.0000
vt 0.5000 1.0000 1.0000
vt 0.7500 1.0000 1.0000
vt 1.0000 1.0000 -1.0000
# 31 texture coords

g Cylinder161
usemtl 03___Defaulttyi
s 1
f 3319/2603/978 3320/2604/978 3321/2605/978 
f 3321/2606/978 3322/2607/978 3319/2603/978 
s 8
f 3321/2605/979 3320/2604/980 3323/2608/980 3324/2609/979 
f 3320/2604/980 3319/2603/981 3325/2610/981 3323/2608/980 
f 3319/2603/981 3322/2607/982 3326/2611/982 3325/2610/981 
f 3322/2607/982 3321/2606/979 3324/2612/979 3326/2611/982 
f 3324/2609/979 3323/2608/980 3327/2613/980 3328/2614/979 
f 3323/2608/980 3325/2610/981 3329/2615/981 3327/2613/980 
f 3325/2610/981 3326/2611/982 3330/2616/982 3329/2615/981 
f 3326/2611/982 3324/2612/979 3328/2617/979 3330/2616/982 
f 3328/2614/979 3327/2613/980 3331/2618/980 3332/2619/979 
f 3327/2613/980 3329/2615/981 3333/2620/981 3331/2618/980 
f 3329/2615/981 3330/2616/982 3334/2621/982 3333/2620/981 
f 3330/2616/982 3328/2617/979 3332/2622/979 3334/2621/982 
f 3332/2619/979 3331/2618/980 3335/2623/980 3336/2624/979 
f 3331/2618/980 3333/2620/981 3337/2625/981 3335/2623/980 
f 3333/2620/981 3334/2621/982 3338/2626/982 3337/2625/981 
f 3334/2621/982 3332/2622/979 3336/2627/979 3338/2626/982 
f 3336/2624/979 3335/2623/980 3339/2628/980 3340/2629/979 
f 3335/2623/980 3337/2625/981 3341/2630/981 3339/2628/980 
f 3337/2625/981 3338/2626/982 3342/2631/982 3341/2630/981 
f 3338/2626/982 3336/2627/979 3340/2632/979 3342/2631/982 
s 1
f 3342/2633/983 3340/2629/983 3339/2628/983 
f 3339/2628/983 3341/2630/983 3342/2631/983 
# 20 polygons - 4 triangles

#
# object Cylinder162
#

v  -17.7162 4.0354 -59.5306
v  -17.7162 4.7393 -58.8267
v  -17.7162 5.4432 -59.5306
v  -17.7162 4.7393 -60.2345
v  -17.6654 4.7393 -58.8267
v  -17.6654 5.4432 -59.5306
v  -17.6654 4.0354 -59.5306
v  -17.6654 4.7393 -60.2345
v  -17.6146 4.7393 -58.8267
v  -17.6146 5.4432 -59.5306
v  -17.6146 4.0354 -59.5306
v  -17.6146 4.7393 -60.2345
v  -17.5638 4.7393 -58.8267
v  -17.5638 5.4432 -59.5306
v  -17.5638 4.0354 -59.5306
v  -17.5638 4.7393 -60.2345
v  -17.5130 4.7393 -58.8267
v  -17.5130 5.4432 -59.5306
v  -17.5130 4.0354 -59.5306
v  -17.5130 4.7393 -60.2345
v  -17.4622 4.7393 -58.8267
v  -17.4622 5.4432 -59.5306
v  -17.4622 4.0354 -59.5306
v  -17.4622 4.7393 -60.2345
# 24 vertices

vn -1.0000 0.0000 0.0000
vn 0.0000 1.0000 -0.0000
vn 0.0000 0.0000 1.0000
vn -0.0000 -1.0000 0.0000
vn -0.0000 -0.0000 -1.0000
vn 1.0000 -0.0000 -0.0000
# 6 vertex normals

vt 0.2500 0.0000 1.0000
vt 0.0000 0.0000 1.0000
vt -0.2500 0.0000 1.0000
vt 0.7500 0.0000 1.0000
vt 0.5000 0.0000 1.0000
vt 0.0000 0.2000 1.0000
vt -0.2500 0.2000 1.0000
vt 0.2500 0.2000 1.0000
vt 0.5000 0.2000 1.0000
vt 0.7500 0.2000 1.0000
vt 0.0000 0.4000 1.0000
vt -0.2500 0.4000 1.0000
vt 0.2500 0.4000 1.0000
vt 0.5000 0.4000 1.0000
vt 0.7500 0.4000 1.0000
vt 0.0000 0.6000 1.0000
vt -0.2500 0.6000 1.0000
vt 0.2500 0.6000 1.0000
vt 0.5000 0.6000 1.0000
vt 0.7500 0.6000 1.0000
vt 0.0000 0.8000 1.0000
vt -0.2500 0.8000 1.0000
vt 0.2500 0.8000 1.0000
vt 0.5000 0.8000 1.0000
vt 0.7500 0.8000 1.0000
vt 0.0000 1.0000 1.0000
vt -0.2500 1.0000 1.0000
vt 0.2500 1.0000 1.0000
vt 0.5000 1.0000 1.0000
vt 0.7500 1.0000 1.0000
vt 1.0000 1.0000 -1.0000
# 31 texture coords

g Cylinder162
usemtl 03___Defaulttyi
s 1
f 3343/2634/984 3344/2635/984 3345/2636/984 
f 3345/2637/984 3346/2638/984 3343/2634/984 
s 8
f 3345/2636/985 3344/2635/986 3347/2639/986 3348/2640/985 
f 3344/2635/986 3343/2634/987 3349/2641/987 3347/2639/986 
f 3343/2634/987 3346/2638/988 3350/2642/988 3349/2641/987 
f 3346/2638/988 3345/2637/985 3348/2643/985 3350/2642/988 
f 3348/2640/985 3347/2639/986 3351/2644/986 3352/2645/985 
f 3347/2639/986 3349/2641/987 3353/2646/987 3351/2644/986 
f 3349/2641/987 3350/2642/988 3354/2647/988 3353/2646/987 
f 3350/2642/988 3348/2643/985 3352/2648/985 3354/2647/988 
f 3352/2645/985 3351/2644/986 3355/2649/986 3356/2650/985 
f 3351/2644/986 3353/2646/987 3357/2651/987 3355/2649/986 
f 3353/2646/987 3354/2647/988 3358/2652/988 3357/2651/987 
f 3354/2647/988 3352/2648/985 3356/2653/985 3358/2652/988 
f 3356/2650/985 3355/2649/986 3359/2654/986 3360/2655/985 
f 3355/2649/986 3357/2651/987 3361/2656/987 3359/2654/986 
f 3357/2651/987 3358/2652/988 3362/2657/988 3361/2656/987 
f 3358/2652/988 3356/2653/985 3360/2658/985 3362/2657/988 
f 3360/2655/985 3359/2654/986 3363/2659/986 3364/2660/985 
f 3359/2654/986 3361/2656/987 3365/2661/987 3363/2659/986 
f 3361/2656/987 3362/2657/988 3366/2662/988 3365/2661/987 
f 3362/2657/988 3360/2658/985 3364/2663/985 3366/2662/988 
s 1
f 3366/2664/989 3364/2660/989 3363/2659/989 
f 3363/2659/989 3365/2661/989 3366/2662/989 
# 20 polygons - 4 triangles

#
# object Box404
#

v  111.3239 9.7792 4.5093
v  110.0670 9.7792 4.5093
v  110.0670 9.7792 3.2524
v  111.3239 9.7792 3.2524
v  110.0670 9.7792 1.9954
v  111.3239 9.7792 1.9954
v  110.0670 9.7792 0.7385
v  111.3239 9.7792 0.7385
v  108.8101 9.7792 4.5093
v  108.8101 9.7792 3.2524
v  108.8101 9.7792 1.9954
v  108.8101 9.7792 0.7385
v  107.5531 9.7792 4.5093
v  107.5531 9.7792 3.2524
v  107.5531 9.7792 1.9954
v  107.5531 9.7792 0.7385
v  111.3239 28.1890 4.5093
v  111.3239 28.1890 3.2524
v  110.0670 28.1890 3.2524
v  110.0670 28.1890 4.5093
v  111.3239 28.1890 1.9954
v  110.0670 28.1890 1.9954
v  111.3239 28.1890 0.7385
v  110.0670 28.1890 0.7385
v  108.8101 28.1890 3.2524
v  108.8101 28.1890 4.5093
v  108.8101 28.1890 1.9954
v  108.8101 28.1890 0.7385
v  107.5531 28.1890 3.2524
v  107.5531 28.1890 4.5093
v  107.5531 28.1890 1.9954
v  107.5531 28.1890 0.7385
v  111.3239 17.1156 3.2524
v  111.3239 17.1156 4.5093
v  111.7675 9.7792 3.2524
v  111.7675 9.7792 1.9954
v  111.7675 17.1156 1.9954
v  111.7675 17.1156 3.2524
v  111.3239 17.1156 0.7385
v  111.3239 17.1156 1.9954
v  111.7675 28.1890 1.9954
v  111.7675 28.1890 3.2524
v  110.0670 17.1156 0.7385
v  110.0670 9.7792 0.2949
v  108.8101 9.7792 0.2949
v  108.8101 17.1156 0.2949
v  110.0670 17.1156 0.2949
v  107.5531 17.1156 0.7385
v  108.8101 17.1156 0.7385
v  108.8101 28.1890 0.2949
v  110.0670 28.1890 0.2949
v  107.5531 17.1156 1.9954
v  107.1095 9.7792 1.9954
v  107.1095 9.7792 3.2524
v  107.1095 17.1156 3.2524
v  107.1095 17.1156 1.9954
v  107.5531 17.1156 4.5093
v  107.5531 17.1156 3.2524
v  107.1095 28.1890 3.2524
v  107.1095 28.1890 1.9954
v  108.8101 17.1156 4.5093
v  108.8101 9.7792 4.9529
v  110.0670 9.7792 4.9529
v  110.0670 17.1156 4.9529
v  108.8101 17.1156 4.9529
v  110.0670 17.1156 4.5093
v  110.0670 28.1890 4.9529
v  108.8101 28.1890 4.9529
# 68 vertices

vn 0.0000 -1.0000 -0.0000
vn 0.0000 1.0000 -0.0000
vn 1.0000 -0.0000 -0.0000
vn 1.0000 0.0000 -0.0000
vn -0.0000 -0.0000 -1.0000
vn -0.0000 0.0000 -1.0000
vn -1.0000 -0.0000 0.0000
vn -1.0000 0.0000 0.0000
vn 0.0000 -0.0000 1.0000
vn 0.0000 0.0000 1.0000
vn -0.0000 -0.0000 1.0000
vn 1.0000 -0.0000 0.0000
# 12 vertex normals

vt 1.0000 0.0000 0.0000
vt 1.0000 0.3333 0.0000
vt 0.6667 0.3333 0.0000
vt 0.6667 0.0000 0.0000
vt 0.3333 0.3333 0.0000
vt 0.3333 0.0000 0.0000
vt -0.0000 0.3333 0.0000
vt -0.0000 0.0000 0.0000
vt 1.0000 0.6667 0.0000
vt 0.6667 0.6667 0.0000
vt 0.3333 0.6667 0.0000
vt -0.0000 0.6667 0.0000
vt 1.0000 1.0000 0.0000
vt 0.6667 1.0000 0.0000
vt 0.3333 1.0000 0.0000
vt -0.0000 1.0000 0.0000
vt 0.0000 0.0000 0.0000
vt 0.0000 0.3333 0.0000
vt 0.0000 0.6667 0.0000
vt 0.0000 1.0000 0.0000
vt 0.3333 0.5000 0.0000
vt 0.0000 0.5000 0.0000
vt 0.6667 0.5000 0.0000
vt 1.0000 0.5000 0.0000
# 24 texture coords

g Box404
usemtl xdgh
s 2
f 3367/2665/990 3368/2666/990 3369/2667/990 3370/2668/990 
f 3370/2668/990 3369/2667/990 3371/2669/990 3372/2670/990 
f 3372/2670/990 3371/2669/990 3373/2671/990 3374/2672/990 
f 3368/2666/990 3375/2673/990 3376/2674/990 3369/2667/990 
f 3369/2667/990 3376/2674/990 3377/2675/990 3371/2669/990 
f 3371/2669/990 3377/2675/990 3378/2676/990 3373/2671/990 
f 3375/2673/990 3379/2677/990 3380/2678/990 3376/2674/990 
f 3376/2674/990 3380/2678/990 3381/2679/990 3377/2675/990 
f 3377/2675/990 3381/2679/990 3382/2680/990 3378/2676/990 
s 4
f 3383/2681/991 3384/2670/991 3385/2669/991 3386/2682/991 
f 3384/2670/991 3387/2668/991 3388/2667/991 3385/2669/991 
f 3387/2668/991 3389/2665/991 3390/2666/991 3388/2667/991 
f 3386/2682/991 3385/2669/991 3391/2675/991 3392/2683/991 
f 3385/2669/991 3388/2667/991 3393/2674/991 3391/2675/991 
f 3388/2667/991 3390/2666/991 3394/2673/991 3393/2674/991 
f 3392/2683/991 3391/2675/991 3395/2679/991 3396/2684/991 
f 3391/2675/991 3393/2674/991 3397/2678/991 3395/2679/991 
f 3393/2674/991 3394/2673/991 3398/2677/991 3397/2678/991 
s 8
f 3367/2681/992 3370/2670/992 3399/2685/992 3400/2686/992 
f 3401/2670/992 3402/2668/992 3403/2687/992 3404/2685/992 
f 3372/2668/992 3374/2665/992 3405/2688/992 3406/2687/992 
f 3400/2686/992 3399/2685/992 3384/2679/992 3383/2684/992 
f 3404/2685/992 3403/2687/992 3407/2678/993 3408/2679/993 
f 3406/2687/992 3405/2688/992 3389/2677/992 3387/2678/992 
s 16
f 3374/2681/994 3373/2670/994 3409/2685/994 3405/2686/994 
f 3410/2670/994 3411/2668/994 3412/2687/994 3413/2685/994 
f 3378/2668/994 3382/2665/994 3414/2688/994 3415/2687/994 
f 3405/2686/994 3409/2685/994 3390/2679/994 3389/2684/994 
f 3413/2685/994 3412/2687/994 3416/2678/995 3417/2679/995 
f 3415/2687/994 3414/2688/994 3398/2677/994 3394/2678/994 
s 32
f 3382/2681/996 3381/2670/996 3418/2685/996 3414/2686/996 
f 3419/2670/996 3420/2668/996 3421/2687/996 3422/2685/996 
f 3380/2668/996 3379/2665/996 3423/2688/996 3424/2687/996 
f 3414/2686/996 3418/2685/996 3397/2679/996 3398/2684/996 
f 3422/2685/996 3421/2687/996 3425/2678/997 3426/2679/997 
f 3424/2687/996 3423/2688/996 3396/2677/996 3395/2678/996 
s 64
f 3379/2681/998 3375/2670/998 3427/2685/998 3423/2686/998 
f 3428/2670/998 3429/2668/998 3430/2687/998 3431/2685/998 
f 3368/2668/998 3367/2665/998 3400/2688/998 3432/2687/998 
f 3423/2686/998 3427/2685/998 3392/2679/998 3396/2684/998 
f 3431/2685/998 3430/2687/998 3433/2678/999 3434/2679/999 
f 3432/2687/998 3400/2688/998 3383/2677/998 3386/2678/998 
s off
f 3370/2668/990 3372/2670/990 3402/2668/990 3401/2670/990 
usemtl tfg
f 3372/2668/994 3406/2687/994 3403/2687/994 3402/2668/994 
f 3406/2687/995 3387/2678/995 3407/2678/995 3403/2687/995 
usemtl xdgh
f 3387/2668/991 3384/2670/991 3408/2679/991 3407/2678/991 
usemtl tfg
f 3384/2679/1000 3399/2685/1000 3404/2685/1000 3408/2679/1000 
f 3399/2685/999 3370/2670/999 3401/2670/999 3404/2685/999 
usemtl xdgh
f 3373/2671/990 3378/2676/990 3411/2668/990 3410/2670/990 
usemtl tfg
f 3378/2668/996 3415/2687/996 3412/2687/996 3411/2668/996 
f 3415/2687/997 3394/2678/997 3416/2678/997 3412/2687/997 
usemtl xdgh
f 3394/2673/991 3390/2666/991 3417/2679/991 3416/2678/991 
usemtl tfg
f 3390/2679/1001 3409/2685/1001 3413/2685/1001 3417/2679/1001 
f 3409/2685/993 3373/2670/993 3410/2670/993 3413/2685/993 
usemtl xdgh
f 3381/2679/990 3380/2678/990 3420/2668/990 3419/2670/990 
usemtl tfg
f 3380/2668/999 3424/2687/999 3421/2687/999 3420/2668/999 
f 3424/2687/998 3395/2678/998 3425/2678/998 3421/2687/998 
usemtl xdgh
f 3395/2679/991 3397/2678/991 3426/2679/991 3425/2678/991 
usemtl tfg
f 3397/2679/995 3418/2685/995 3422/2685/995 3426/2679/995 
f 3418/2685/994 3381/2670/994 3419/2670/994 3422/2685/994 
usemtl xdgh
f 3375/2673/990 3368/2666/990 3429/2668/990 3428/2670/990 
usemtl tfg
f 3368/2668/993 3432/2687/993 3430/2687/993 3429/2668/993 
f 3432/2687/992 3386/2678/992 3433/2678/992 3430/2687/992 
usemtl xdgh
f 3386/2682/991 3392/2683/991 3434/2679/991 3433/2678/991 
usemtl tfg
f 3392/2679/997 3427/2685/997 3431/2685/997 3434/2679/997 
f 3427/2685/996 3375/2670/996 3428/2670/996 3431/2685/996 
# 66 polygons

#
# object Box405
#

v  111.4705 28.6128 4.6808
v  107.4065 28.6128 4.6808
v  107.4065 28.6128 0.6168
v  111.4705 28.6128 0.6168
v  111.4705 29.4121 4.6808
v  111.4705 29.4121 0.6168
v  107.4065 29.4121 0.6168
v  107.4065 29.4121 4.6808
v  111.8515 28.1429 5.0618
v  107.0255 28.1429 5.0618
v  107.0255 28.1429 0.2358
v  111.8515 28.1429 0.2358
v  111.8515 28.6509 5.0618
v  111.8515 28.6509 0.2358
v  107.0255 28.6509 0.2358
v  107.0255 28.6509 5.0618
# 16 vertices

vn 0.0000 -1.0000 -0.0000
vn 0.0000 1.0000 -0.0000
vn 1.0000 0.0000 -0.0000
vn -0.0000 0.0000 -1.0000
vn -1.0000 0.0000 0.0000
vn 0.0000 0.0000 1.0000
# 6 vertex normals

vt 1.0000 0.0000 0.0000
vt 1.0000 1.0000 0.0000
vt 0.0000 1.0000 0.0000
vt 0.0000 0.0000 0.0000
# 4 texture coords

g Box405
usemtl tfg
s 2
f 3435/2689/1002 3436/2690/1002 3437/2691/1002 3438/2692/1002 
usemtl xdgh
s 4
f 3439/2692/1003 3440/2689/1003 3441/2690/1003 3442/2691/1003 
usemtl tfg
s 8
f 3435/2692/1004 3438/2689/1004 3440/2690/1004 3439/2691/1004 
s 16
f 3438/2692/1005 3437/2689/1005 3441/2690/1005 3440/2691/1005 
s 32
f 3437/2692/1006 3436/2689/1006 3442/2690/1006 3441/2691/1006 
s 64
f 3436/2692/1007 3435/2689/1007 3439/2690/1007 3442/2691/1007 
s 2
f 3443/2689/1002 3444/2690/1002 3445/2691/1002 3446/2692/1002 
s 4
f 3447/2692/1003 3448/2689/1003 3449/2690/1003 3450/2691/1003 
s 8
f 3443/2692/1004 3446/2689/1004 3448/2690/1004 3447/2691/1004 
s 16
f 3446/2692/1005 3445/2689/1005 3449/2690/1005 3448/2691/1005 
s 32
f 3445/2692/1006 3444/2689/1006 3450/2690/1006 3449/2691/1006 
s 64
f 3444/2692/1007 3443/2689/1007 3447/2690/1007 3450/2691/1007 
# 12 polygons

#
# object Box406
#

v  111.3239 9.7792 -14.2989
v  110.0670 9.7792 -14.2989
v  110.0670 9.7792 -15.5559
v  111.3239 9.7792 -15.5559
v  110.0670 9.7792 -16.8128
v  111.3239 9.7792 -16.8128
v  110.0670 9.7792 -18.0697
v  111.3239 9.7792 -18.0697
v  108.8101 9.7792 -14.2989
v  108.8101 9.7792 -15.5559
v  108.8101 9.7792 -16.8128
v  108.8101 9.7792 -18.0697
v  107.5531 9.7792 -14.2989
v  107.5531 9.7792 -15.5559
v  107.5531 9.7792 -16.8128
v  107.5531 9.7792 -18.0697
v  111.3239 28.1890 -14.2989
v  111.3239 28.1890 -15.5559
v  110.0670 28.1890 -15.5559
v  110.0670 28.1890 -14.2989
v  111.3239 28.1890 -16.8128
v  110.0670 28.1890 -16.8128
v  111.3239 28.1890 -18.0697
v  110.0670 28.1890 -18.0697
v  108.8101 28.1890 -15.5559
v  108.8101 28.1890 -14.2989
v  108.8101 28.1890 -16.8128
v  108.8101 28.1890 -18.0697
v  107.5531 28.1890 -15.5559
v  107.5531 28.1890 -14.2989
v  107.5531 28.1890 -16.8128
v  107.5531 28.1890 -18.0697
v  111.3239 17.1156 -15.5559
v  111.3239 17.1156 -14.2989
v  111.7675 9.7792 -15.5559
v  111.7675 9.7792 -16.8128
v  111.7675 17.1156 -16.8128
v  111.7675 17.1156 -15.5559
v  111.3239 17.1156 -18.0697
v  111.3239 17.1156 -16.8128
v  111.7675 28.1890 -16.8128
v  111.7675 28.1890 -15.5559
v  110.0670 17.1156 -18.0697
v  110.0670 9.7792 -18.5133
v  108.8101 9.7792 -18.5133
v  108.8101 17.1156 -18.5133
v  110.0670 17.1156 -18.5133
v  107.5531 17.1156 -18.0697
v  108.8101 17.1156 -18.0697
v  108.8101 28.1890 -18.5133
v  110.0670 28.1890 -18.5133
v  107.5531 17.1156 -16.8128
v  107.1095 9.7792 -16.8128
v  107.1095 9.7792 -15.5559
v  107.1095 17.1156 -15.5559
v  107.1095 17.1156 -16.8128
v  107.5531 17.1156 -14.2989
v  107.5531 17.1156 -15.5559
v  107.1095 28.1890 -15.5559
v  107.1095 28.1890 -16.8128
v  108.8101 17.1156 -14.2989
v  108.8101 9.7792 -13.8553
v  110.0670 9.7792 -13.8553
v  110.0670 17.1156 -13.8553
v  108.8101 17.1156 -13.8553
v  110.0670 17.1156 -14.2989
v  110.0670 28.1890 -13.8553
v  108.8101 28.1890 -13.8553
# 68 vertices

vn 0.0000 -1.0000 -0.0000
vn 0.0000 1.0000 -0.0000
vn 1.0000 -0.0000 -0.0000
vn 1.0000 0.0000 -0.0000
vn -0.0000 -0.0000 -1.0000
vn -0.0000 0.0000 -1.0000
vn -1.0000 -0.0000 0.0000
vn -1.0000 0.0000 0.0000
vn 0.0000 -0.0000 1.0000
vn 0.0000 0.0000 1.0000
vn -0.0000 -0.0000 1.0000
vn 1.0000 -0.0000 0.0000
# 12 vertex normals

vt 1.0000 0.0000 0.0000
vt 1.0000 0.3333 0.0000
vt 0.6667 0.3333 0.0000
vt 0.6667 0.0000 0.0000
vt 0.3333 0.3333 0.0000
vt 0.3333 0.0000 0.0000
vt -0.0000 0.3333 0.0000
vt -0.0000 0.0000 0.0000
vt 1.0000 0.6667 0.0000
vt 0.6667 0.6667 0.0000
vt 0.3333 0.6667 0.0000
vt -0.0000 0.6667 0.0000
vt 1.0000 1.0000 0.0000
vt 0.6667 1.0000 0.0000
vt 0.3333 1.0000 0.0000
vt -0.0000 1.0000 0.0000
vt 0.0000 0.0000 0.0000
vt 0.0000 0.3333 0.0000
vt 0.0000 0.6667 0.0000
vt 0.0000 1.0000 0.0000
vt 0.3333 0.5000 0.0000
vt 0.0000 0.5000 0.0000
vt 0.6667 0.5000 0.0000
vt 1.0000 0.5000 0.0000
# 24 texture coords

g Box406
usemtl xdgh
s 2
f 3451/2693/1008 3452/2694/1008 3453/2695/1008 3454/2696/1008 
f 3454/2696/1008 3453/2695/1008 3455/2697/1008 3456/2698/1008 
f 3456/2698/1008 3455/2697/1008 3457/2699/1008 3458/2700/1008 
f 3452/2694/1008 3459/2701/1008 3460/2702/1008 3453/2695/1008 
f 3453/2695/1008 3460/2702/1008 3461/2703/1008 3455/2697/1008 
f 3455/2697/1008 3461/2703/1008 3462/2704/1008 3457/2699/1008 
f 3459/2701/1008 3463/2705/1008 3464/2706/1008 3460/2702/1008 
f 3460/2702/1008 3464/2706/1008 3465/2707/1008 3461/2703/1008 
f 3461/2703/1008 3465/2707/1008 3466/2708/1008 3462/2704/1008 
s 4
f 3467/2709/1009 3468/2698/1009 3469/2697/1009 3470/2710/1009 
f 3468/2698/1009 3471/2696/1009 3472/2695/1009 3469/2697/1009 
f 3471/2696/1009 3473/2693/1009 3474/2694/1009 3472/2695/1009 
f 3470/2710/1009 3469/2697/1009 3475/2703/1009 3476/2711/1009 
f 3469/2697/1009 3472/2695/1009 3477/2702/1009 3475/2703/1009 
f 3472/2695/1009 3474/2694/1009 3478/2701/1009 3477/2702/1009 
f 3476/2711/1009 3475/2703/1009 3479/2707/1009 3480/2712/1009 
f 3475/2703/1009 3477/2702/1009 3481/2706/1009 3479/2707/1009 
f 3477/2702/1009 3478/2701/1009 3482/2705/1009 3481/2706/1009 
s 8
f 3451/2709/1010 3454/2698/1010 3483/2713/1010 3484/2714/1010 
f 3485/2698/1010 3486/2696/1010 3487/2715/1010 3488/2713/1010 
f 3456/2696/1010 3458/2693/1010 3489/2716/1010 3490/2715/1010 
f 3484/2714/1010 3483/2713/1010 3468/2707/1010 3467/2712/1010 
f 3488/2713/1010 3487/2715/1010 3491/2706/1011 3492/2707/1011 
f 3490/2715/1010 3489/2716/1010 3473/2705/1010 3471/2706/1010 
s 16
f 3458/2709/1012 3457/2698/1012 3493/2713/1012 3489/2714/1012 
f 3494/2698/1012 3495/2696/1012 3496/2715/1012 3497/2713/1012 
f 3462/2696/1012 3466/2693/1012 3498/2716/1012 3499/2715/1012 
f 3489/2714/1012 3493/2713/1012 3474/2707/1012 3473/2712/1012 
f 3497/2713/1012 3496/2715/1012 3500/2706/1013 3501/2707/1013 
f 3499/2715/1012 3498/2716/1012 3482/2705/1012 3478/2706/1012 
s 32
f 3466/2709/1014 3465/2698/1014 3502/2713/1014 3498/2714/1014 
f 3503/2698/1014 3504/2696/1014 3505/2715/1014 3506/2713/1014 
f 3464/2696/1014 3463/2693/1014 3507/2716/1014 3508/2715/1014 
f 3498/2714/1014 3502/2713/1014 3481/2707/1014 3482/2712/1014 
f 3506/2713/1014 3505/2715/1014 3509/2706/1015 3510/2707/1015 
f 3508/2715/1014 3507/2716/1014 3480/2705/1014 3479/2706/1014 
s 64
f 3463/2709/1016 3459/2698/1016 3511/2713/1016 3507/2714/1016 
f 3512/2698/1016 3513/2696/1016 3514/2715/1016 3515/2713/1016 
f 3452/2696/1016 3451/2693/1016 3484/2716/1016 3516/2715/1016 
f 3507/2714/1016 3511/2713/1016 3476/2707/1016 3480/2712/1016 
f 3515/2713/1016 3514/2715/1016 3517/2706/1017 3518/2707/1017 
f 3516/2715/1016 3484/2716/1016 3467/2705/1016 3470/2706/1016 
s off
f 3454/2696/1008 3456/2698/1008 3486/2696/1008 3485/2698/1008 
usemtl tfg
f 3456/2696/1012 3490/2715/1012 3487/2715/1012 3486/2696/1012 
f 3490/2715/1013 3471/2706/1013 3491/2706/1013 3487/2715/1013 
usemtl xdgh
f 3471/2696/1009 3468/2698/1009 3492/2707/1009 3491/2706/1009 
usemtl tfg
f 3468/2707/1018 3483/2713/1018 3488/2713/1018 3492/2707/1018 
f 3483/2713/1017 3454/2698/1017 3485/2698/1017 3488/2713/1017 
usemtl xdgh
f 3457/2699/1008 3462/2704/1008 3495/2696/1008 3494/2698/1008 
usemtl tfg
f 3462/2696/1014 3499/2715/1014 3496/2715/1014 3495/2696/1014 
f 3499/2715/1015 3478/2706/1015 3500/2706/1015 3496/2715/1015 
usemtl xdgh
f 3478/2701/1009 3474/2694/1009 3501/2707/1009 3500/2706/1009 
usemtl tfg
f 3474/2707/1019 3493/2713/1019 3497/2713/1019 3501/2707/1019 
f 3493/2713/1011 3457/2698/1011 3494/2698/1011 3497/2713/1011 
usemtl xdgh
f 3465/2707/1008 3464/2706/1008 3504/2696/1008 3503/2698/1008 
usemtl tfg
f 3464/2696/1017 3508/2715/1017 3505/2715/1017 3504/2696/1017 
f 3508/2715/1016 3479/2706/1016 3509/2706/1016 3505/2715/1016 
usemtl xdgh
f 3479/2707/1009 3481/2706/1009 3510/2707/1009 3509/2706/1009 
usemtl tfg
f 3481/2707/1013 3502/2713/1013 3506/2713/1013 3510/2707/1013 
f 3502/2713/1012 3465/2698/1012 3503/2698/1012 3506/2713/1012 
usemtl xdgh
f 3459/2701/1008 3452/2694/1008 3513/2696/1008 3512/2698/1008 
usemtl tfg
f 3452/2696/1011 3516/2715/1011 3514/2715/1011 3513/2696/1011 
f 3516/2715/1010 3470/2706/1010 3517/2706/1010 3514/2715/1010 
usemtl xdgh
f 3470/2710/1009 3476/2711/1009 3518/2707/1009 3517/2706/1009 
usemtl tfg
f 3476/2707/1015 3511/2713/1015 3515/2713/1015 3518/2707/1015 
f 3511/2713/1014 3459/2698/1014 3512/2698/1014 3515/2713/1014 
# 66 polygons

#
# object Box407
#

v  111.4705 28.6128 -14.1274
v  107.4065 28.6128 -14.1274
v  107.4065 28.6128 -18.1914
v  111.4705 28.6128 -18.1914
v  111.4705 29.4121 -14.1274
v  111.4705 29.4121 -18.1914
v  107.4065 29.4121 -18.1914
v  107.4065 29.4121 -14.1274
v  111.8515 28.1429 -13.7464
v  107.0255 28.1429 -13.7464
v  107.0255 28.1429 -18.5724
v  111.8515 28.1429 -18.5724
v  111.8515 28.6509 -13.7464
v  111.8515 28.6509 -18.5724
v  107.0255 28.6509 -18.5724
v  107.0255 28.6509 -13.7464
# 16 vertices

vn 0.0000 -1.0000 -0.0000
vn 0.0000 1.0000 -0.0000
vn 1.0000 0.0000 -0.0000
vn -0.0000 0.0000 -1.0000
vn -1.0000 0.0000 0.0000
vn 0.0000 0.0000 1.0000
# 6 vertex normals

vt 1.0000 0.0000 0.0000
vt 1.0000 1.0000 0.0000
vt 0.0000 1.0000 0.0000
vt 0.0000 0.0000 0.0000
# 4 texture coords

g Box407
usemtl tfg
s 2
f 3519/2717/1020 3520/2718/1020 3521/2719/1020 3522/2720/1020 
usemtl xdgh
s 4
f 3523/2720/1021 3524/2717/1021 3525/2718/1021 3526/2719/1021 
usemtl tfg
s 8
f 3519/2720/1022 3522/2717/1022 3524/2718/1022 3523/2719/1022 
s 16
f 3522/2720/1023 3521/2717/1023 3525/2718/1023 3524/2719/1023 
s 32
f 3521/2720/1024 3520/2717/1024 3526/2718/1024 3525/2719/1024 
s 64
f 3520/2720/1025 3519/2717/1025 3523/2718/1025 3526/2719/1025 
s 2
f 3527/2717/1020 3528/2718/1020 3529/2719/1020 3530/2720/1020 
s 4
f 3531/2720/1021 3532/2717/1021 3533/2718/1021 3534/2719/1021 
s 8
f 3527/2720/1022 3530/2717/1022 3532/2718/1022 3531/2719/1022 
s 16
f 3530/2720/1023 3529/2717/1023 3533/2718/1023 3532/2719/1023 
s 32
f 3529/2720/1024 3528/2717/1024 3534/2718/1024 3533/2719/1024 
s 64
f 3528/2720/1025 3527/2717/1025 3531/2718/1025 3534/2719/1025 
# 12 polygons

#
# object Box314
#

v  111.6165 -0.3273 -13.9631
v  110.1771 -0.3273 -13.9631
v  110.1771 -0.3273 -15.4024
v  111.6165 -0.3273 -15.4024
v  110.1771 -0.3273 -16.8417
v  111.6165 -0.3273 -16.8417
v  110.1771 -0.3273 -18.2811
v  111.6165 -0.3273 -18.2811
v  108.7378 -0.3273 -13.9631
v  108.7378 -0.3273 -15.4024
v  108.7378 -0.3273 -16.8417
v  108.7378 -0.3273 -18.2811
v  107.2985 -0.3273 -13.9631
v  107.2985 -0.3273 -15.4024
v  107.2985 -0.3273 -16.8417
v  107.2985 -0.3273 -18.2811
v  111.6165 9.8327 -13.9631
v  111.6165 9.8327 -15.4024
v  110.1771 9.8327 -15.4024
v  110.1771 9.8327 -13.9631
v  111.6165 9.8327 -16.8417
v  110.1771 9.8327 -16.8417
v  111.6165 9.8327 -18.2811
v  110.1771 9.8327 -18.2811
v  108.7378 9.8327 -15.4024
v  108.7378 9.8327 -13.9631
v  108.7378 9.8327 -16.8417
v  108.7378 9.8327 -18.2811
v  107.2985 9.8327 -15.4024
v  107.2985 9.8327 -13.9631
v  107.2985 9.8327 -16.8417
v  107.2985 9.8327 -18.2811
v  111.6165 4.7527 -15.4024
v  111.6165 4.7527 -13.9631
v  115.3546 -0.3273 -15.4024
v  115.3546 -0.3273 -16.8417
v  115.3546 4.7527 -16.8417
v  115.3546 4.7527 -15.4024
v  111.6165 4.7527 -18.2811
v  111.6165 4.7527 -16.8417
v  112.1245 9.8327 -16.8417
v  112.1245 9.8327 -15.4024
v  110.1771 4.7527 -18.2811
v  110.1771 -0.3273 -18.7891
v  108.7378 -0.3273 -18.7891
v  108.7378 4.7527 -18.7891
v  110.1771 4.7527 -18.7891
v  107.2985 4.7527 -18.2811
v  108.7378 4.7527 -18.2811
v  108.7378 9.8327 -18.7891
v  110.1771 9.8327 -18.7891
v  107.2985 4.7527 -16.8417
v  106.7905 -0.3273 -16.8417
v  106.7905 -0.3273 -15.4024
v  106.7905 4.7527 -15.4024
v  106.7905 4.7527 -16.8417
v  107.2985 4.7527 -13.9631
v  107.2985 4.7527 -15.4024
v  106.7905 9.8327 -15.4024
v  106.7905 9.8327 -16.8417
v  108.7378 4.7527 -13.9631
v  108.7378 -0.3273 -13.4551
v  110.1771 -0.3273 -13.4551
v  110.1771 4.7527 -13.4551
v  108.7378 4.7527 -13.4551
v  110.1771 4.7527 -13.9631
v  110.1771 9.8327 -13.4551
v  108.7378 9.8327 -13.4551
# 68 vertices

vn 0.0000 -1.0000 -0.0000
vn 0.0000 1.0000 -0.0000
vn 1.0000 0.0000 -0.0000
vn 0.9602 0.2794 -0.0000
vn 0.8439 0.5366 -0.0000
vn -0.0000 0.0000 -1.0000
vn -0.0000 -0.0000 -1.0000
vn -1.0000 0.0000 0.0000
vn -1.0000 -0.0000 0.0000
vn 0.0000 0.0000 1.0000
vn 0.0000 0.0000 -1.0000
vn -0.0000 0.0000 1.0000
vn 0.0000 -0.0000 1.0000
vn 1.0000 -0.0000 -0.0000
# 14 vertex normals

vt 1.0000 0.0000 0.0000
vt 1.0000 0.3333 0.0000
vt 0.6667 0.3333 0.0000
vt 0.6667 0.0000 0.0000
vt 0.3333 0.3333 0.0000
vt 0.3333 0.0000 0.0000
vt -0.0000 0.3333 0.0000
vt -0.0000 0.0000 0.0000
vt 1.0000 0.6667 0.0000
vt 0.6667 0.6667 0.0000
vt 0.3333 0.6667 0.0000
vt -0.0000 0.6667 0.0000
vt 1.0000 1.0000 0.0000
vt 0.6667 1.0000 0.0000
vt 0.3333 1.0000 0.0000
vt -0.0000 1.0000 0.0000
vt 0.0000 0.0000 0.0000
vt 0.0000 0.3333 0.0000
vt 0.0000 0.6667 0.0000
vt 0.0000 1.0000 0.0000
vt 0.3333 0.5000 0.0000
vt 0.0000 0.5000 0.0000
vt 0.6667 0.5000 0.0000
vt 1.0000 0.5000 0.0000
# 24 texture coords

g Box314
usemtl xdgh
s 2
f 3535/2721/1026 3536/2722/1026 3537/2723/1026 3538/2724/1026 
f 3538/2724/1026 3537/2723/1026 3539/2725/1026 3540/2726/1026 
f 3540/2726/1026 3539/2725/1026 3541/2727/1026 3542/2728/1026 
f 3536/2722/1026 3543/2729/1026 3544/2730/1026 3537/2723/1026 
f 3537/2723/1026 3544/2730/1026 3545/2731/1026 3539/2725/1026 
f 3539/2725/1026 3545/2731/1026 3546/2732/1026 3541/2727/1026 
f 3543/2729/1026 3547/2733/1026 3548/2734/1026 3544/2730/1026 
f 3544/2730/1026 3548/2734/1026 3549/2735/1026 3545/2731/1026 
f 3545/2731/1026 3549/2735/1026 3550/2736/1026 3546/2732/1026 
usemtl tfg
s 4
f 3551/2737/1027 3552/2726/1027 3553/2725/1027 3554/2738/1027 
f 3552/2726/1027 3555/2724/1027 3556/2723/1027 3553/2725/1027 
f 3555/2724/1027 3557/2721/1027 3558/2722/1027 3556/2723/1027 
usemtl 03___Defaulttyi
f 3554/2738/1027 3553/2725/1027 3559/2731/1027 3560/2739/1027 
f 3553/2725/1027 3556/2723/1027 3561/2730/1027 3559/2731/1027 
usemtl tfg
f 3556/2723/1027 3558/2722/1027 3562/2729/1027 3561/2730/1027 
f 3560/2739/1027 3559/2731/1027 3563/2735/1027 3564/2740/1027 
f 3559/2731/1027 3561/2730/1027 3565/2734/1027 3563/2735/1027 
f 3561/2730/1027 3562/2729/1027 3566/2733/1027 3565/2734/1027 
usemtl xdgh
s 8
f 3535/2737/1028 3538/2726/1028 3567/2741/1028 3568/2742/1028 
f 3569/2726/1028 3570/2724/1028 3571/2743/1029 3572/2741/1029 
f 3540/2724/1028 3542/2721/1028 3573/2744/1028 3574/2743/1028 
usemtl tfg
f 3568/2742/1028 3567/2741/1028 3552/2735/1028 3551/2740/1028 
usemtl xdgh
f 3572/2741/1029 3571/2743/1029 3575/2734/1030 3576/2735/1030 
usemtl tfg
f 3574/2743/1028 3573/2744/1028 3557/2733/1028 3555/2734/1028 
usemtl xdgh
s 16
f 3542/2737/1031 3541/2726/1031 3577/2741/1031 3573/2742/1031 
f 3578/2726/1032 3579/2724/1032 3580/2743/1031 3581/2741/1031 
f 3546/2724/1031 3550/2721/1031 3582/2744/1031 3583/2743/1031 
usemtl tfg
f 3573/2742/1031 3577/2741/1031 3558/2735/1031 3557/2740/1031 
usemtl xdgh
f 3581/2741/1031 3580/2743/1031 3584/2734/1031 3585/2735/1031 
usemtl tfg
f 3583/2743/1031 3582/2744/1031 3566/2733/1031 3562/2734/1031 
usemtl xdgh
s 32
f 3550/2737/1033 3549/2726/1033 3586/2741/1033 3582/2742/1033 
f 3587/2726/1034 3588/2724/1034 3589/2743/1033 3590/2741/1033 
f 3548/2724/1033 3547/2721/1033 3591/2744/1033 3592/2743/1033 
usemtl tfg
f 3582/2742/1033 3586/2741/1033 3565/2735/1033 3566/2740/1033 
usemtl xdgh
f 3590/2741/1033 3589/2743/1033 3593/2734/1033 3594/2735/1033 
usemtl tfg
f 3592/2743/1033 3591/2744/1033 3564/2733/1033 3563/2734/1033 
usemtl xdgh
s 64
f 3547/2737/1035 3543/2726/1035 3595/2741/1035 3591/2742/1035 
f 3596/2726/1035 3597/2724/1035 3598/2743/1035 3599/2741/1035 
f 3536/2724/1035 3535/2721/1035 3568/2744/1035 3600/2743/1035 
usemtl tfg
f 3591/2742/1035 3595/2741/1035 3560/2735/1035 3564/2740/1035 
usemtl xdgh
f 3599/2741/1035 3598/2743/1035 3601/2734/1035 3602/2735/1035 
usemtl tfg
f 3600/2743/1035 3568/2744/1035 3551/2733/1035 3554/2734/1035 
usemtl xdgh
s off
f 3538/2724/1026 3540/2726/1026 3570/2724/1026 3569/2726/1026 
usemtl tfg
f 3540/2724/1036 3574/2743/1036 3571/2743/1036 3570/2724/1036 
f 3574/2743/1032 3555/2734/1032 3575/2734/1032 3571/2743/1032 
f 3555/2724/1027 3552/2726/1027 3576/2735/1027 3575/2734/1027 
f 3552/2735/1035 3567/2741/1035 3572/2741/1035 3576/2735/1035 
f 3567/2741/1037 3538/2726/1037 3569/2726/1037 3572/2741/1037 
usemtl xdgh
f 3541/2727/1026 3546/2732/1026 3579/2724/1026 3578/2726/1026 
usemtl 03___Defaulttyi
f 3546/2724/1033 3583/2743/1033 3580/2743/1033 3579/2724/1033 
usemtl tfg
f 3583/2743/1033 3562/2734/1033 3584/2734/1033 3580/2743/1033 
f 3562/2729/1027 3558/2722/1027 3585/2735/1027 3584/2734/1027 
f 3558/2735/1028 3577/2741/1028 3581/2741/1028 3585/2735/1028 
f 3577/2741/1028 3541/2726/1028 3578/2726/1028 3581/2741/1028 
usemtl xdgh
f 3549/2735/1026 3548/2734/1026 3588/2724/1026 3587/2726/1026 
usemtl 03___Defaulttyi
f 3548/2724/1035 3592/2743/1035 3589/2743/1035 3588/2724/1035 
usemtl tfg
f 3592/2743/1038 3563/2734/1038 3593/2734/1038 3589/2743/1038 
f 3563/2735/1027 3565/2734/1027 3594/2735/1027 3593/2734/1027 
f 3565/2735/1031 3586/2741/1031 3590/2741/1031 3594/2735/1031 
usemtl 03___Defaulttyi
f 3586/2741/1032 3549/2726/1032 3587/2726/1032 3590/2741/1032 
usemtl xdgh
f 3543/2729/1026 3536/2722/1026 3597/2724/1026 3596/2726/1026 
usemtl tfg
f 3536/2724/1028 3600/2743/1028 3598/2743/1028 3597/2724/1028 
f 3600/2743/1039 3554/2734/1039 3601/2734/1039 3598/2743/1039 
f 3554/2738/1027 3560/2739/1027 3602/2735/1027 3601/2734/1027 
f 3560/2735/1033 3595/2741/1033 3599/2741/1033 3602/2735/1033 
usemtl 03___Defaulttyi
f 3595/2741/1034 3543/2726/1034 3596/2726/1034 3599/2741/1034 
# 66 polygons

#
# object Box315
#

v  111.9975 4.5718 -13.5821
v  106.9175 4.5718 -13.5821
v  106.9175 4.5718 -18.6621
v  111.9975 4.5718 -18.6621
v  111.9975 4.8258 -13.5821
v  111.9975 4.8258 -18.6621
v  106.9175 4.8258 -18.6621
v  106.9175 4.8258 -13.5821
# 8 vertices

vn 0.0000 -1.0000 -0.0000
vn 0.0000 1.0000 -0.0000
vn 1.0000 0.0000 -0.0000
vn -0.0000 0.0000 -1.0000
vn -1.0000 0.0000 0.0000
vn 0.0000 0.0000 1.0000
# 6 vertex normals

vt 1.0000 0.0000 0.0000
vt 1.0000 1.0000 0.0000
vt 0.0000 1.0000 0.0000
vt 0.0000 0.0000 0.0000
# 4 texture coords

g Box315
usemtl cvj
s 2
f 3603/2745/1040 3604/2746/1040 3605/2747/1040 3606/2748/1040 
s 4
f 3607/2748/1041 3608/2745/1041 3609/2746/1041 3610/2747/1041 
s 8
f 3603/2748/1042 3606/2745/1042 3608/2746/1042 3607/2747/1042 
s 16
f 3606/2748/1043 3605/2745/1043 3609/2746/1043 3608/2747/1043 
s 32
f 3605/2748/1044 3604/2745/1044 3610/2746/1044 3609/2747/1044 
s 64
f 3604/2748/1045 3603/2745/1045 3607/2746/1045 3610/2747/1045 
# 6 polygons

#
# object Cylinder102
#

v  109.4998 4.0354 -13.5525
v  108.7959 4.7393 -13.5525
v  109.4998 5.4432 -13.5525
v  110.2037 4.7393 -13.5525
v  108.7959 4.7393 -13.5017
v  109.4998 5.4432 -13.5017
v  109.4998 4.0354 -13.5017
v  110.2037 4.7393 -13.5017
v  108.7959 4.7393 -13.4509
v  109.4998 5.4432 -13.4509
v  109.4998 4.0354 -13.4509
v  110.2037 4.7393 -13.4509
v  108.7959 4.7393 -13.4001
v  109.4998 5.4432 -13.4001
v  109.4998 4.0354 -13.4001
v  110.2037 4.7393 -13.4001
v  108.7959 4.7393 -13.3493
v  109.4998 5.4432 -13.3493
v  109.4998 4.0354 -13.3493
v  110.2037 4.7393 -13.3493
v  108.7959 4.7393 -13.2985
v  109.4998 5.4432 -13.2985
v  109.4998 4.0354 -13.2985
v  110.2037 4.7393 -13.2985
# 24 vertices

vn -0.0000 -0.0000 -1.0000
vn 0.0000 1.0000 -0.0000
vn -1.0000 0.0000 0.0000
vn -0.0000 -1.0000 0.0000
vn 1.0000 -0.0000 -0.0000
vn 0.0000 0.0000 1.0000
# 6 vertex normals

vt 0.2500 0.0000 1.0000
vt 0.0000 0.0000 1.0000
vt -0.2500 0.0000 1.0000
vt 0.7500 0.0000 1.0000
vt 0.5000 0.0000 1.0000
vt 0.0000 0.2000 1.0000
vt -0.2500 0.2000 1.0000
vt 0.2500 0.2000 1.0000
vt 0.5000 0.2000 1.0000
vt 0.7500 0.2000 1.0000
vt 0.0000 0.4000 1.0000
vt -0.2500 0.4000 1.0000
vt 0.2500 0.4000 1.0000
vt 0.5000 0.4000 1.0000
vt 0.7500 0.4000 1.0000
vt 0.0000 0.6000 1.0000
vt -0.2500 0.6000 1.0000
vt 0.2500 0.6000 1.0000
vt 0.5000 0.6000 1.0000
vt 0.7500 0.6000 1.0000
vt 0.0000 0.8000 1.0000
vt -0.2500 0.8000 1.0000
vt 0.2500 0.8000 1.0000
vt 0.5000 0.8000 1.0000
vt 0.7500 0.8000 1.0000
vt 0.0000 1.0000 1.0000
vt -0.2500 1.0000 1.0000
vt 0.2500 1.0000 1.0000
vt 0.5000 1.0000 1.0000
vt 0.7500 1.0000 1.0000
vt 1.0000 1.0000 -1.0000
# 31 texture coords

g Cylinder102
usemtl 03___Defaulttyi
s 1
f 3611/2749/1046 3612/2750/1046 3613/2751/1046 
f 3613/2752/1046 3614/2753/1046 3611/2749/1046 
s 8
f 3613/2751/1047 3612/2750/1048 3615/2754/1048 3616/2755/1047 
f 3612/2750/1048 3611/2749/1049 3617/2756/1049 3615/2754/1048 
f 3611/2749/1049 3614/2753/1050 3618/2757/1050 3617/2756/1049 
f 3614/2753/1050 3613/2752/1047 3616/2758/1047 3618/2757/1050 
f 3616/2755/1047 3615/2754/1048 3619/2759/1048 3620/2760/1047 
f 3615/2754/1048 3617/2756/1049 3621/2761/1049 3619/2759/1048 
f 3617/2756/1049 3618/2757/1050 3622/2762/1050 3621/2761/1049 
f 3618/2757/1050 3616/2758/1047 3620/2763/1047 3622/2762/1050 
f 3620/2760/1047 3619/2759/1048 3623/2764/1048 3624/2765/1047 
f 3619/2759/1048 3621/2761/1049 3625/2766/1049 3623/2764/1048 
f 3621/2761/1049 3622/2762/1050 3626/2767/1050 3625/2766/1049 
f 3622/2762/1050 3620/2763/1047 3624/2768/1047 3626/2767/1050 
f 3624/2765/1047 3623/2764/1048 3627/2769/1048 3628/2770/1047 
f 3623/2764/1048 3625/2766/1049 3629/2771/1049 3627/2769/1048 
f 3625/2766/1049 3626/2767/1050 3630/2772/1050 3629/2771/1049 
f 3626/2767/1050 3624/2768/1047 3628/2773/1047 3630/2772/1050 
f 3628/2770/1047 3627/2769/1048 3631/2774/1048 3632/2775/1047 
f 3627/2769/1048 3629/2771/1049 3633/2776/1049 3631/2774/1048 
f 3629/2771/1049 3630/2772/1050 3634/2777/1050 3633/2776/1049 
f 3630/2772/1050 3628/2773/1047 3632/2778/1047 3634/2777/1050 
s 1
f 3634/2779/1051 3632/2775/1051 3631/2774/1051 
f 3631/2774/1051 3633/2776/1051 3634/2777/1051 
# 20 polygons - 4 triangles

#
# object Box316
#

v  111.8705 -0.3273 -13.7091
v  107.0445 -0.3273 -13.7091
v  107.0445 -0.3273 -18.5351
v  111.8705 -0.3273 -18.5351
v  111.8705 0.9427 -13.7091
v  111.8705 0.9427 -18.5351
v  107.0445 0.9427 -18.5351
v  107.0445 0.9427 -13.7091
# 8 vertices

vn 0.0000 -1.0000 -0.0000
vn 0.0000 1.0000 -0.0000
vn 1.0000 0.0000 -0.0000
vn -0.0000 0.0000 -1.0000
vn -1.0000 0.0000 0.0000
vn 0.0000 0.0000 1.0000
# 6 vertex normals

vt 1.0000 0.0000 0.0000
vt 1.0000 1.0000 0.0000
vt 0.0000 1.0000 0.0000
vt 0.0000 0.0000 0.0000
# 4 texture coords

g Box316
usemtl tfg
s 2
f 3635/2780/1052 3636/2781/1052 3637/2782/1052 3638/2783/1052 
s 4
f 3639/2783/1053 3640/2780/1053 3641/2781/1053 3642/2782/1053 
s 8
f 3635/2783/1054 3638/2780/1054 3640/2781/1054 3639/2782/1054 
s 16
f 3638/2783/1055 3637/2780/1055 3641/2781/1055 3640/2782/1055 
s 32
f 3637/2783/1056 3636/2780/1056 3642/2781/1056 3641/2782/1056 
s 64
f 3636/2783/1057 3635/2780/1057 3639/2781/1057 3642/2782/1057 
# 6 polygons

#
# object Cylinder104
#

v  106.5574 4.0354 -16.1375
v  106.5574 4.7393 -15.4336
v  106.5574 5.4432 -16.1375
v  106.5574 4.7393 -16.8414
v  106.6082 4.7393 -15.4336
v  106.6082 5.4432 -16.1375
v  106.6082 4.0354 -16.1375
v  106.6082 4.7393 -16.8414
v  106.6590 4.7393 -15.4336
v  106.6590 5.4432 -16.1375
v  106.6590 4.0354 -16.1375
v  106.6590 4.7393 -16.8414
v  106.7098 4.7393 -15.4336
v  106.7098 5.4432 -16.1375
v  106.7098 4.0354 -16.1375
v  106.7098 4.7393 -16.8414
v  106.7606 4.7393 -15.4336
v  106.7606 5.4432 -16.1375
v  106.7606 4.0354 -16.1375
v  106.7606 4.7393 -16.8414
v  106.8114 4.7393 -15.4336
v  106.8114 5.4432 -16.1375
v  106.8114 4.0354 -16.1375
v  106.8114 4.7393 -16.8414
# 24 vertices

vn -1.0000 0.0000 0.0000
vn 0.0000 1.0000 -0.0000
vn 0.0000 0.0000 1.0000
vn -0.0000 -1.0000 0.0000
vn -0.0000 -0.0000 -1.0000
vn 1.0000 -0.0000 -0.0000
# 6 vertex normals

vt 0.2500 0.0000 1.0000
vt 0.0000 0.0000 1.0000
vt -0.2500 0.0000 1.0000
vt 0.7500 0.0000 1.0000
vt 0.5000 0.0000 1.0000
vt 0.0000 0.2000 1.0000
vt -0.2500 0.2000 1.0000
vt 0.2500 0.2000 1.0000
vt 0.5000 0.2000 1.0000
vt 0.7500 0.2000 1.0000
vt 0.0000 0.4000 1.0000
vt -0.2500 0.4000 1.0000
vt 0.2500 0.4000 1.0000
vt 0.5000 0.4000 1.0000
vt 0.7500 0.4000 1.0000
vt 0.0000 0.6000 1.0000
vt -0.2500 0.6000 1.0000
vt 0.2500 0.6000 1.0000
vt 0.5000 0.6000 1.0000
vt 0.7500 0.6000 1.0000
vt 0.0000 0.8000 1.0000
vt -0.2500 0.8000 1.0000
vt 0.2500 0.8000 1.0000
vt 0.5000 0.8000 1.0000
vt 0.7500 0.8000 1.0000
vt 0.0000 1.0000 1.0000
vt -0.2500 1.0000 1.0000
vt 0.2500 1.0000 1.0000
vt 0.5000 1.0000 1.0000
vt 0.7500 1.0000 1.0000
vt 1.0000 1.0000 -1.0000
# 31 texture coords

g Cylinder104
usemtl 03___Defaulttyi
s 1
f 3643/2784/1058 3644/2785/1058 3645/2786/1058 
f 3645/2787/1058 3646/2788/1058 3643/2784/1058 
s 8
f 3645/2786/1059 3644/2785/1060 3647/2789/1060 3648/2790/1059 
f 3644/2785/1060 3643/2784/1061 3649/2791/1061 3647/2789/1060 
f 3643/2784/1061 3646/2788/1062 3650/2792/1062 3649/2791/1061 
f 3646/2788/1062 3645/2787/1059 3648/2793/1059 3650/2792/1062 
f 3648/2790/1059 3647/2789/1060 3651/2794/1060 3652/2795/1059 
f 3647/2789/1060 3649/2791/1061 3653/2796/1061 3651/2794/1060 
f 3649/2791/1061 3650/2792/1062 3654/2797/1062 3653/2796/1061 
f 3650/2792/1062 3648/2793/1059 3652/2798/1059 3654/2797/1062 
f 3652/2795/1059 3651/2794/1060 3655/2799/1060 3656/2800/1059 
f 3651/2794/1060 3653/2796/1061 3657/2801/1061 3655/2799/1060 
f 3653/2796/1061 3654/2797/1062 3658/2802/1062 3657/2801/1061 
f 3654/2797/1062 3652/2798/1059 3656/2803/1059 3658/2802/1062 
f 3656/2800/1059 3655/2799/1060 3659/2804/1060 3660/2805/1059 
f 3655/2799/1060 3657/2801/1061 3661/2806/1061 3659/2804/1060 
f 3657/2801/1061 3658/2802/1062 3662/2807/1062 3661/2806/1061 
f 3658/2802/1062 3656/2803/1059 3660/2808/1059 3662/2807/1062 
f 3660/2805/1059 3659/2804/1060 3663/2809/1060 3664/2810/1059 
f 3659/2804/1060 3661/2806/1061 3665/2811/1061 3663/2809/1060 
f 3661/2806/1061 3662/2807/1062 3666/2812/1062 3665/2811/1061 
f 3662/2807/1062 3660/2808/1059 3664/2813/1059 3666/2812/1062 
s 1
f 3666/2814/1063 3664/2810/1063 3663/2809/1063 
f 3663/2809/1063 3665/2811/1063 3666/2812/1063 
# 20 polygons - 4 triangles

#
# object Cylinder103
#

v  109.4998 4.0354 -19.0112
v  108.7959 4.7393 -19.0112
v  109.4998 5.4432 -19.0112
v  110.2037 4.7393 -19.0112
v  108.7959 4.7393 -18.9604
v  109.4998 5.4432 -18.9604
v  109.4998 4.0354 -18.9604
v  110.2037 4.7393 -18.9604
v  108.7959 4.7393 -18.9096
v  109.4998 5.4432 -18.9096
v  109.4998 4.0354 -18.9096
v  110.2037 4.7393 -18.9096
v  108.7959 4.7393 -18.8588
v  109.4998 5.4432 -18.8588
v  109.4998 4.0354 -18.8588
v  110.2037 4.7393 -18.8588
v  108.7959 4.7393 -18.8080
v  109.4998 5.4432 -18.8080
v  109.4998 4.0354 -18.8080
v  110.2037 4.7393 -18.8080
v  108.7959 4.7393 -18.7572
v  109.4998 5.4432 -18.7572
v  109.4998 4.0354 -18.7572
v  110.2037 4.7393 -18.7572
# 24 vertices

vn -0.0000 -0.0000 -1.0000
vn 0.0000 1.0000 -0.0000
vn -1.0000 0.0000 0.0000
vn -0.0000 -1.0000 0.0000
vn 1.0000 -0.0000 -0.0000
vn 0.0000 0.0000 1.0000
# 6 vertex normals

vt 0.2500 0.0000 1.0000
vt 0.0000 0.0000 1.0000
vt -0.2500 0.0000 1.0000
vt 0.7500 0.0000 1.0000
vt 0.5000 0.0000 1.0000
vt 0.0000 0.2000 1.0000
vt -0.2500 0.2000 1.0000
vt 0.2500 0.2000 1.0000
vt 0.5000 0.2000 1.0000
vt 0.7500 0.2000 1.0000
vt 0.0000 0.4000 1.0000
vt -0.2500 0.4000 1.0000
vt 0.2500 0.4000 1.0000
vt 0.5000 0.4000 1.0000
vt 0.7500 0.4000 1.0000
vt 0.0000 0.6000 1.0000
vt -0.2500 0.6000 1.0000
vt 0.2500 0.6000 1.0000
vt 0.5000 0.6000 1.0000
vt 0.7500 0.6000 1.0000
vt 0.0000 0.8000 1.0000
vt -0.2500 0.8000 1.0000
vt 0.2500 0.8000 1.0000
vt 0.5000 0.8000 1.0000
vt 0.7500 0.8000 1.0000
vt 0.0000 1.0000 1.0000
vt -0.2500 1.0000 1.0000
vt 0.2500 1.0000 1.0000
vt 0.5000 1.0000 1.0000
vt 0.7500 1.0000 1.0000
vt 1.0000 1.0000 -1.0000
# 31 texture coords

g Cylinder103
usemtl 03___Defaulttyi
s 1
f 3667/2815/1064 3668/2816/1064 3669/2817/1064 
f 3669/2818/1064 3670/2819/1064 3667/2815/1064 
s 8
f 3669/2817/1065 3668/2816/1066 3671/2820/1066 3672/2821/1065 
f 3668/2816/1066 3667/2815/1067 3673/2822/1067 3671/2820/1066 
f 3667/2815/1067 3670/2819/1068 3674/2823/1068 3673/2822/1067 
f 3670/2819/1068 3669/2818/1065 3672/2824/1065 3674/2823/1068 
f 3672/2821/1065 3671/2820/1066 3675/2825/1066 3676/2826/1065 
f 3671/2820/1066 3673/2822/1067 3677/2827/1067 3675/2825/1066 
f 3673/2822/1067 3674/2823/1068 3678/2828/1068 3677/2827/1067 
f 3674/2823/1068 3672/2824/1065 3676/2829/1065 3678/2828/1068 
f 3676/2826/1065 3675/2825/1066 3679/2830/1066 3680/2831/1065 
f 3675/2825/1066 3677/2827/1067 3681/2832/1067 3679/2830/1066 
f 3677/2827/1067 3678/2828/1068 3682/2833/1068 3681/2832/1067 
f 3678/2828/1068 3676/2829/1065 3680/2834/1065 3682/2833/1068 
f 3680/2831/1065 3679/2830/1066 3683/2835/1066 3684/2836/1065 
f 3679/2830/1066 3681/2832/1067 3685/2837/1067 3683/2835/1066 
f 3681/2832/1067 3682/2833/1068 3686/2838/1068 3685/2837/1067 
f 3682/2833/1068 3680/2834/1065 3684/2839/1065 3686/2838/1068 
f 3684/2836/1065 3683/2835/1066 3687/2840/1066 3688/2841/1065 
f 3683/2835/1066 3685/2837/1067 3689/2842/1067 3687/2840/1066 
f 3685/2837/1067 3686/2838/1068 3690/2843/1068 3689/2842/1067 
f 3686/2838/1068 3684/2839/1065 3688/2844/1065 3690/2843/1068 
s 1
f 3690/2845/1069 3688/2841/1069 3687/2840/1069 
f 3687/2840/1069 3689/2842/1069 3690/2843/1069 
# 20 polygons - 4 triangles

#
# object Box414
#

v  -60.5716 -1.0135 60.2149
v  -81.8370 -1.0135 60.2149
v  -81.8370 -1.0135 58.9449
v  -60.5716 -1.0135 58.9449
v  -60.5716 19.3065 60.2149
v  -60.5716 19.3065 58.9449
v  -81.8370 19.3065 58.9449
v  -81.8370 19.3065 60.2149
# 8 vertices

vn 0.0000 -1.0000 0.0000
vn -0.0000 1.0000 -0.0000
vn 1.0000 0.0000 0.0000
vn 0.0000 0.0000 -1.0000
vn -1.0000 -0.0000 -0.0000
vn -0.0000 0.0000 1.0000
# 6 vertex normals

vt 1.0000 0.0000 0.0000
vt 1.0000 1.0000 0.0000
vt 0.0000 1.0000 0.0000
vt 0.0000 0.0000 0.0000
# 4 texture coords

g Box414
usemtl 01___Default
s 2
f 3691/2846/1070 3692/2847/1070 3693/2848/1070 3694/2849/1070 
usemtl tfg
s 4
f 3695/2849/1071 3696/2846/1071 3697/2847/1071 3698/2848/1071 
s 8
f 3691/2849/1072 3694/2846/1072 3696/2847/1072 3695/2848/1072 
usemtl 01___Default
s 16
f 3694/2849/1073 3693/2846/1073 3697/2847/1073 3696/2848/1073 
s 32
f 3693/2849/1074 3692/2846/1074 3698/2847/1074 3697/2848/1074 
usemtl yi
s 64
f 3692/2849/1075 3691/2846/1075 3695/2847/1075 3698/2848/1075 
# 6 polygons

#
# object Box408
#

v  -81.8118 -0.3820 62.7894
v  -83.0687 -0.3820 62.7894
v  -83.0687 -0.3820 61.5325
v  -81.8118 -0.3820 61.5325
v  -83.0687 -0.3820 60.2755
v  -81.8118 -0.3820 60.2755
v  -83.0687 -0.3820 59.0186
v  -81.8118 -0.3820 59.0186
v  -84.3256 -0.3820 62.7894
v  -84.3256 -0.3820 61.5325
v  -84.3256 -0.3820 60.2755
v  -84.3256 -0.3820 59.0186
v  -85.5825 -0.3820 62.7894
v  -85.5825 -0.3820 61.5325
v  -85.5825 -0.3820 60.2755
v  -85.5825 -0.3820 59.0186
v  -81.8118 19.3278 62.7894
v  -81.8118 19.3278 61.5325
v  -83.0687 19.3278 61.5325
v  -83.0687 19.3278 62.7894
v  -81.8118 19.3278 60.2755
v  -83.0687 19.3278 60.2755
v  -81.8118 19.3278 59.0186
v  -83.0687 19.3278 59.0186
v  -84.3256 19.3278 61.5325
v  -84.3256 19.3278 62.7894
v  -84.3256 19.3278 60.2755
v  -84.3256 19.3278 59.0186
v  -85.5825 19.3278 61.5325
v  -85.5825 19.3278 62.7894
v  -85.5825 19.3278 60.2755
v  -85.5825 19.3278 59.0186
v  -81.8118 8.2543 61.5325
v  -81.8118 8.2543 62.7894
v  -81.3682 -0.3820 61.5325
v  -81.3682 -0.3820 60.2755
v  -81.3682 8.2543 60.2755
v  -81.3682 8.2543 61.5325
v  -81.8118 8.2543 59.0186
v  -81.8118 8.2543 60.2755
v  -81.3682 19.3278 60.2755
v  -81.3682 19.3278 61.5325
v  -83.0687 8.2543 59.0186
v  -83.0687 -0.3820 58.5750
v  -84.3256 -0.3820 58.5750
v  -84.3256 8.2543 58.5750
v  -83.0687 8.2543 58.5750
v  -85.5825 8.2543 59.0186
v  -84.3256 8.2543 59.0186
v  -84.3256 19.3278 58.5750
v  -83.0687 19.3278 58.5750
v  -85.5825 8.2543 60.2755
v  -86.0262 -0.3820 60.2755
v  -86.0262 -0.3820 61.5325
v  -86.0262 8.2543 61.5325
v  -86.0262 8.2543 60.2755
v  -85.5825 8.2543 62.7894
v  -85.5825 8.2543 61.5325
v  -86.0262 19.3278 61.5325
v  -86.0262 19.3278 60.2755
v  -84.3256 8.2543 62.7894
v  -84.3256 -0.3820 63.2330
v  -83.0687 -0.3820 63.2330
v  -83.0687 8.2543 63.2330
v  -84.3256 8.2543 63.2330
v  -83.0687 8.2543 62.7894
v  -83.0687 19.3278 63.2330
v  -84.3256 19.3278 63.2330
# 68 vertices

vn 0.0000 -1.0000 -0.0000
vn 0.0000 1.0000 -0.0000
vn 1.0000 0.0000 -0.0000
vn 1.0000 -0.0000 -0.0000
vn -0.0000 -0.0000 -1.0000
vn -0.0000 0.0000 -1.0000
vn -1.0000 -0.0000 0.0000
vn -1.0000 0.0000 0.0000
vn 0.0000 0.0000 1.0000
vn 0.0000 -0.0000 1.0000
vn 0.0000 -0.0000 -1.0000
vn -0.0000 -0.0000 1.0000
vn -0.0000 0.0000 1.0000
vn -1.0000 -0.0000 -0.0000
vn 1.0000 -0.0000 0.0000
vn 1.0000 0.0000 0.0000
# 16 vertex normals

vt 1.0000 0.0000 0.0000
vt 1.0000 0.3333 0.0000
vt 0.6667 0.3333 0.0000
vt 0.6667 0.0000 0.0000
vt 0.3333 0.3333 0.0000
vt 0.3333 0.0000 0.0000
vt -0.0000 0.3333 0.0000
vt -0.0000 0.0000 0.0000
vt 1.0000 0.6667 0.0000
vt 0.6667 0.6667 0.0000
vt 0.3333 0.6667 0.0000
vt -0.0000 0.6667 0.0000
vt 1.0000 1.0000 0.0000
vt 0.6667 1.0000 0.0000
vt 0.3333 1.0000 0.0000
vt -0.0000 1.0000 0.0000
vt 0.0000 0.0000 0.0000
vt 0.0000 0.3333 0.0000
vt 0.0000 0.6667 0.0000
vt 0.0000 1.0000 0.0000
vt 0.3333 0.5000 0.0000
vt 0.0000 0.5000 0.0000
vt 0.6667 0.5000 0.0000
vt 1.0000 0.5000 0.0000
# 24 texture coords

g Box408
usemtl xdgh
s 2
f 3699/2850/1076 3700/2851/1076 3701/2852/1076 3702/2853/1076 
f 3702/2853/1076 3701/2852/1076 3703/2854/1076 3704/2855/1076 
f 3704/2855/1076 3703/2854/1076 3705/2856/1076 3706/2857/1076 
f 3700/2851/1076 3707/2858/1076 3708/2859/1076 3701/2852/1076 
f 3701/2852/1076 3708/2859/1076 3709/2860/1076 3703/2854/1076 
f 3703/2854/1076 3709/2860/1076 3710/2861/1076 3705/2856/1076 
f 3707/2858/1076 3711/2862/1076 3712/2863/1076 3708/2859/1076 
f 3708/2859/1076 3712/2863/1076 3713/2864/1076 3709/2860/1076 
f 3709/2860/1076 3713/2864/1076 3714/2865/1076 3710/2861/1076 
s 4
f 3715/2866/1077 3716/2855/1077 3717/2854/1077 3718/2867/1077 
f 3716/2855/1077 3719/2853/1077 3720/2852/1077 3717/2854/1077 
f 3719/2853/1077 3721/2850/1077 3722/2851/1077 3720/2852/1077 
f 3718/2867/1077 3717/2854/1077 3723/2860/1077 3724/2868/1077 
f 3717/2854/1077 3720/2852/1077 3725/2859/1077 3723/2860/1077 
f 3720/2852/1077 3722/2851/1077 3726/2858/1077 3725/2859/1077 
f 3724/2868/1077 3723/2860/1077 3727/2864/1077 3728/2869/1077 
f 3723/2860/1077 3725/2859/1077 3729/2863/1077 3727/2864/1077 
f 3725/2859/1077 3726/2858/1077 3730/2862/1077 3729/2863/1077 
s 8
f 3699/2866/1078 3702/2855/1078 3731/2870/1079 3732/2871/1079 
f 3733/2855/1078 3734/2853/1078 3735/2872/1078 3736/2870/1078 
f 3704/2853/1078 3706/2850/1078 3737/2873/1079 3738/2872/1079 
f 3732/2871/1079 3731/2870/1079 3716/2864/1079 3715/2869/1079 
f 3736/2870/1078 3735/2872/1078 3739/2863/1078 3740/2864/1078 
f 3738/2872/1079 3737/2873/1079 3721/2862/1079 3719/2863/1079 
s 16
f 3706/2866/1080 3705/2855/1080 3741/2870/1080 3737/2871/1080 
f 3742/2855/1080 3743/2853/1080 3744/2872/1080 3745/2870/1080 
f 3710/2853/1080 3714/2850/1080 3746/2873/1080 3747/2872/1080 
f 3737/2871/1080 3741/2870/1080 3722/2864/1080 3721/2869/1080 
f 3745/2870/1080 3744/2872/1080 3748/2863/1081 3749/2864/1081 
f 3747/2872/1080 3746/2873/1080 3730/2862/1080 3726/2863/1080 
s 32
f 3714/2866/1082 3713/2855/1082 3750/2870/1082 3746/2871/1082 
f 3751/2855/1082 3752/2853/1082 3753/2872/1082 3754/2870/1082 
f 3712/2853/1082 3711/2850/1082 3755/2873/1082 3756/2872/1082 
f 3746/2871/1082 3750/2870/1082 3729/2864/1082 3730/2869/1082 
f 3754/2870/1082 3753/2872/1082 3757/2863/1083 3758/2864/1083 
f 3756/2872/1082 3755/2873/1082 3728/2862/1082 3727/2863/1082 
s 64
f 3711/2866/1084 3707/2855/1084 3759/2870/1085 3755/2871/1085 
f 3760/2855/1084 3761/2853/1084 3762/2872/1084 3763/2870/1084 
f 3700/2853/1084 3699/2850/1084 3732/2873/1085 3764/2872/1085 
f 3755/2871/1085 3759/2870/1085 3724/2864/1085 3728/2869/1085 
f 3763/2870/1084 3762/2872/1084 3765/2863/1084 3766/2864/1084 
f 3764/2872/1085 3732/2873/1085 3715/2862/1085 3718/2863/1085 
s off
f 3702/2853/1076 3704/2855/1076 3734/2853/1076 3733/2855/1076 
usemtl tfg
f 3704/2853/1086 3738/2872/1086 3735/2872/1086 3734/2853/1086 
f 3738/2872/1081 3719/2863/1081 3739/2863/1081 3735/2872/1081 
usemtl xdgh
f 3719/2853/1077 3716/2855/1077 3740/2864/1077 3739/2863/1077 
usemtl tfg
f 3716/2864/1087 3731/2870/1087 3736/2870/1087 3740/2864/1087 
f 3731/2870/1088 3702/2855/1088 3733/2855/1088 3736/2870/1088 
usemtl xdgh
f 3705/2856/1076 3710/2861/1076 3743/2853/1076 3742/2855/1076 
usemtl tfg
f 3710/2853/1089 3747/2872/1089 3744/2872/1089 3743/2853/1089 
f 3747/2872/1083 3726/2863/1083 3748/2863/1083 3744/2872/1083 
usemtl xdgh
f 3726/2858/1077 3722/2851/1077 3749/2864/1077 3748/2863/1077 
usemtl tfg
f 3722/2864/1090 3741/2870/1090 3745/2870/1090 3749/2864/1090 
f 3741/2870/1091 3705/2855/1091 3742/2855/1091 3745/2870/1091 
usemtl xdgh
f 3713/2864/1076 3712/2863/1076 3752/2853/1076 3751/2855/1076 
usemtl tfg
f 3712/2853/1084 3756/2872/1084 3753/2872/1084 3752/2853/1084 
f 3756/2872/1085 3727/2863/1085 3757/2863/1085 3753/2872/1085 
usemtl xdgh
f 3727/2864/1077 3729/2863/1077 3758/2864/1077 3757/2863/1077 
usemtl tfg
f 3729/2864/1081 3750/2870/1081 3754/2870/1081 3758/2864/1081 
f 3750/2870/1086 3713/2855/1086 3751/2855/1086 3754/2870/1086 
usemtl xdgh
f 3707/2858/1076 3700/2851/1076 3761/2853/1076 3760/2855/1076 
usemtl tfg
f 3700/2853/1078 3764/2872/1078 3762/2872/1078 3761/2853/1078 
f 3764/2872/1079 3718/2863/1079 3765/2863/1079 3762/2872/1079 
usemtl xdgh
f 3718/2867/1077 3724/2868/1077 3766/2864/1077 3765/2863/1077 
usemtl tfg
f 3724/2864/1083 3759/2870/1083 3763/2870/1083 3766/2864/1083 
f 3759/2870/1089 3707/2855/1089 3760/2855/1089 3763/2870/1089 
# 66 polygons

#
# object Box409
#

v  -81.6652 19.7515 62.9609
v  -85.7292 19.7515 62.9609
v  -85.7292 19.7515 58.8969
v  -81.6652 19.7515 58.8969
v  -81.6652 20.5509 62.9609
v  -81.6652 20.5509 58.8969
v  -85.7292 20.5509 58.8969
v  -85.7292 20.5509 62.9609
v  -81.2842 19.2816 63.3419
v  -86.1102 19.2816 63.3419
v  -86.1102 19.2816 58.5159
v  -81.2842 19.2816 58.5159
v  -81.2842 19.7896 63.3419
v  -81.2842 19.7896 58.5159
v  -86.1102 19.7896 58.5159
v  -86.1102 19.7896 63.3419
# 16 vertices

vn 0.0000 -1.0000 -0.0000
vn 0.0000 1.0000 -0.0000
vn 1.0000 0.0000 -0.0000
vn -0.0000 0.0000 -1.0000
vn -1.0000 0.0000 0.0000
vn 0.0000 0.0000 1.0000
# 6 vertex normals

vt 1.0000 0.0000 0.0000
vt 1.0000 1.0000 0.0000
vt 0.0000 1.0000 0.0000
vt 0.0000 0.0000 0.0000
# 4 texture coords

g Box409
usemtl tfg
s 2
f 3767/2874/1092 3768/2875/1092 3769/2876/1092 3770/2877/1092 
usemtl xdgh
s 4
f 3771/2877/1093 3772/2874/1093 3773/2875/1093 3774/2876/1093 
usemtl tfg
s 8
f 3767/2877/1094 3770/2874/1094 3772/2875/1094 3771/2876/1094 
s 16
f 3770/2877/1095 3769/2874/1095 3773/2875/1095 3772/2876/1095 
s 32
f 3769/2877/1096 3768/2874/1096 3774/2875/1096 3773/2876/1096 
s 64
f 3768/2877/1097 3767/2874/1097 3771/2875/1097 3774/2876/1097 
s 2
f 3775/2874/1092 3776/2875/1092 3777/2876/1092 3778/2877/1092 
s 4
f 3779/2877/1093 3780/2874/1093 3781/2875/1093 3782/2876/1093 
s 8
f 3775/2877/1094 3778/2874/1094 3780/2875/1094 3779/2876/1094 
s 16
f 3778/2877/1095 3777/2874/1095 3781/2875/1095 3780/2876/1095 
s 32
f 3777/2877/1096 3776/2874/1096 3782/2875/1096 3781/2876/1096 
s 64
f 3776/2877/1097 3775/2874/1097 3779/2875/1097 3782/2876/1097 
# 12 polygons

#
# object Box410
#

v  -64.8532 -0.3273 68.7178
v  -66.2925 -0.3273 68.7178
v  -66.2925 -0.3273 67.2785
v  -64.8532 -0.3273 67.2785
v  -66.2925 -0.3273 65.8391
v  -64.8532 -0.3273 65.8391
v  -66.2925 -0.3273 64.3998
v  -64.8532 -0.3273 64.3998
v  -75.2494 -0.3273 68.7178
v  -75.2494 -0.3273 67.2785
v  -75.2494 -0.3273 65.8391
v  -75.2494 -0.3273 64.3998
v  -76.6887 -0.3273 68.7178
v  -76.6887 -0.3273 67.2785
v  -76.6887 -0.3273 65.8391
v  -76.6887 -0.3273 64.3998
v  -64.8532 6.7924 68.7178
v  -64.8532 6.7924 67.2785
v  -66.2925 6.7924 67.2785
v  -66.2925 6.7924 68.7178
v  -64.8532 6.7924 65.8391
v  -66.2925 6.7924 65.8391
v  -64.8532 6.7924 64.3998
v  -66.2925 6.7924 64.3998
v  -75.2494 6.7924 67.2785
v  -75.2494 6.7924 68.7178
v  -75.2494 6.7924 65.8391
v  -75.2494 6.7924 64.3998
v  -76.6887 6.7924 67.2785
v  -76.6887 6.7924 68.7178
v  -76.6887 6.7924 65.8391
v  -76.6887 6.7924 64.3998
v  -64.8532 3.2114 67.2785
v  -64.8532 3.2114 68.7178
v  -61.1151 -0.3273 67.2785
v  -61.1151 -0.3273 65.8391
v  -61.1151 3.2114 65.8391
v  -61.1151 3.2114 67.2785
v  -64.8532 3.2114 64.3998
v  -64.8532 3.2114 65.8391
v  -64.3452 6.7924 65.8391
v  -64.3452 6.7924 67.2785
v  -66.2925 3.2114 64.3998
v  -66.2925 -0.3273 63.8918
v  -75.2494 -0.3273 63.8918
v  -75.2494 3.2114 63.8918
v  -66.2925 3.2114 63.8918
v  -76.6887 3.2114 64.3998
v  -75.2494 3.2114 64.3998
v  -75.2494 6.7924 63.8918
v  -66.2925 6.7924 63.8918
v  -76.6887 3.2114 65.8391
v  -77.1967 -0.3273 65.8391
v  -77.1967 -0.3273 67.2785
v  -77.1967 3.2114 67.2785
v  -77.1967 3.2114 65.8391
v  -76.6887 3.2114 68.7178
v  -76.6887 3.2114 67.2785
v  -77.1967 6.7924 67.2785
v  -77.1967 6.7924 65.8391
v  -75.2494 3.2114 68.7178
v  -75.2494 -0.3273 69.2258
v  -66.2925 -0.3273 69.2258
v  -66.2925 3.2114 69.2258
v  -75.2494 3.2114 69.2258
v  -66.2925 3.2114 68.7178
v  -66.2925 6.7924 69.2258
v  -75.2494 6.7924 69.2258
# 68 vertices

vn 0.0000 -1.0000 -0.0000
vn 0.0000 1.0000 -0.0000
vn 1.0000 0.0000 -0.0000
vn 0.9334 0.3588 -0.0000
vn 0.7426 0.6698 -0.0000
vn -0.0000 0.0000 -1.0000
vn 0.0000 -0.0000 -1.0000
vn -0.0000 -0.0000 -1.0000
vn 0.0000 0.0000 -1.0000
vn -1.0000 0.0000 0.0000
vn -1.0000 -0.0000 0.0000
vn 0.0000 0.0000 1.0000
vn 0.0000 -0.0000 1.0000
vn -0.0000 0.0000 1.0000
vn 1.0000 -0.0000 -0.0000
# 15 vertex normals

vt 1.0000 0.0000 0.0000
vt 1.0000 0.3333 0.0000
vt 0.6667 0.3333 0.0000
vt 0.6667 0.0000 0.0000
vt 0.3333 0.3333 0.0000
vt 0.3333 0.0000 0.0000
vt -0.0000 0.3333 0.0000
vt -0.0000 0.0000 0.0000
vt 1.0000 0.6667 0.0000
vt 0.6667 0.6667 0.0000
vt 0.3333 0.6667 0.0000
vt -0.0000 0.6667 0.0000
vt 1.0000 1.0000 0.0000
vt 0.6667 1.0000 0.0000
vt 0.3333 1.0000 0.0000
vt -0.0000 1.0000 0.0000
vt 0.0000 0.0000 0.0000
vt 0.0000 0.3333 0.0000
vt 0.0000 0.6667 0.0000
vt 0.0000 1.0000 0.0000
vt 0.3333 0.5000 0.0000
vt 0.0000 0.5000 0.0000
vt 0.6667 0.5000 0.0000
vt 1.0000 0.5000 0.0000
# 24 texture coords

g Box410
usemtl xdgh
s 2
f 3783/2878/1098 3784/2879/1098 3785/2880/1098 3786/2881/1098 
f 3786/2881/1098 3785/2880/1098 3787/2882/1098 3788/2883/1098 
f 3788/2883/1098 3787/2882/1098 3789/2884/1098 3790/2885/1098 
f 3784/2879/1098 3791/2886/1098 3792/2887/1098 3785/2880/1098 
f 3785/2880/1098 3792/2887/1098 3793/2888/1098 3787/2882/1098 
f 3787/2882/1098 3793/2888/1098 3794/2889/1098 3789/2884/1098 
f 3791/2886/1098 3795/2890/1098 3796/2891/1098 3792/2887/1098 
f 3792/2887/1098 3796/2891/1098 3797/2892/1098 3793/2888/1098 
f 3793/2888/1098 3797/2892/1098 3798/2893/1098 3794/2889/1098 
s 4
f 3799/2894/1099 3800/2883/1099 3801/2882/1099 3802/2895/1099 
f 3800/2883/1099 3803/2881/1099 3804/2880/1099 3801/2882/1099 
f 3803/2881/1099 3805/2878/1099 3806/2879/1099 3804/2880/1099 
f 3802/2895/1099 3801/2882/1099 3807/2888/1099 3808/2896/1099 
f 3801/2882/1099 3804/2880/1099 3809/2887/1099 3807/2888/1099 
f 3804/2880/1099 3806/2879/1099 3810/2886/1099 3809/2887/1099 
f 3808/2896/1099 3807/2888/1099 3811/2892/1099 3812/2897/1099 
f 3807/2888/1099 3809/2887/1099 3813/2891/1099 3811/2892/1099 
f 3809/2887/1099 3810/2886/1099 3814/2890/1099 3813/2891/1099 
s 8
f 3783/2894/1100 3786/2883/1100 3815/2898/1100 3816/2899/1100 
f 3817/2883/1100 3818/2881/1100 3819/2900/1101 3820/2898/1101 
f 3788/2881/1100 3790/2878/1100 3821/2901/1100 3822/2900/1100 
usemtl tfg
f 3816/2899/1100 3815/2898/1100 3800/2892/1100 3799/2897/1100 
usemtl xdgh
f 3820/2898/1101 3819/2900/1101 3823/2891/1102 3824/2892/1102 
usemtl tfg
f 3822/2900/1100 3821/2901/1100 3805/2890/1100 3803/2891/1100 
usemtl xdgh
s 16
f 3790/2894/1103 3789/2883/1103 3825/2898/1103 3821/2899/1103 
f 3826/2883/1104 3827/2881/1105 3828/2900/1103 3829/2898/1103 
f 3794/2881/1105 3798/2878/1105 3830/2901/1105 3831/2900/1105 
usemtl tfg
f 3821/2899/1103 3825/2898/1103 3806/2892/1103 3805/2897/1103 
usemtl xdgh
f 3829/2898/1103 3828/2900/1103 3832/2891/1106 3833/2892/1103 
usemtl tfg
f 3831/2900/1105 3830/2901/1105 3814/2890/1103 3810/2891/1103 
usemtl xdgh
s 32
f 3798/2894/1107 3797/2883/1107 3834/2898/1107 3830/2899/1107 
f 3835/2883/1108 3836/2881/1108 3837/2900/1108 3838/2898/1108 
f 3796/2881/1107 3795/2878/1107 3839/2901/1107 3840/2900/1107 
usemtl tfg
f 3830/2899/1107 3834/2898/1107 3813/2892/1107 3814/2897/1107 
usemtl xdgh
f 3838/2898/1108 3837/2900/1108 3841/2891/1107 3842/2892/1107 
usemtl tfg
f 3840/2900/1107 3839/2901/1107 3812/2890/1107 3811/2891/1107 
usemtl xdgh
s 64
f 3795/2894/1109 3791/2883/1109 3843/2898/1109 3839/2899/1109 
f 3844/2883/1110 3845/2881/1110 3846/2900/1109 3847/2898/1109 
f 3784/2881/1109 3783/2878/1109 3816/2901/1109 3848/2900/1109 
usemtl tfg
f 3839/2899/1109 3843/2898/1109 3808/2892/1109 3812/2897/1109 
usemtl xdgh
f 3847/2898/1109 3846/2900/1109 3849/2891/1109 3850/2892/1109 
usemtl tfg
f 3848/2900/1109 3816/2901/1109 3799/2890/1109 3802/2891/1109 
usemtl xdgh
s off
f 3786/2881/1098 3788/2883/1098 3818/2881/1098 3817/2883/1098 
usemtl tfg
f 3788/2881/1106 3822/2900/1106 3819/2900/1106 3818/2881/1106 
f 3822/2900/1105 3803/2891/1105 3823/2891/1105 3819/2900/1105 
usemtl xdgh
f 3803/2881/1099 3800/2883/1099 3824/2892/1099 3823/2891/1099 
usemtl tfg
f 3800/2892/1109 3815/2898/1109 3820/2898/1109 3824/2892/1109 
f 3815/2898/1111 3786/2883/1111 3817/2883/1111 3820/2898/1111 
usemtl xdgh
f 3789/2884/1098 3794/2889/1098 3827/2881/1098 3826/2883/1098 
f 3794/2881/1107 3831/2900/1107 3828/2900/1107 3827/2881/1107 
usemtl tfg
f 3831/2900/1107 3810/2891/1107 3832/2891/1107 3828/2900/1107 
usemtl xdgh
f 3810/2886/1099 3806/2879/1099 3833/2892/1099 3832/2891/1099 
usemtl tfg
f 3806/2892/1100 3825/2898/1100 3829/2898/1100 3833/2892/1100 
f 3825/2898/1100 3789/2883/1100 3826/2883/1100 3829/2898/1100 
usemtl xdgh
f 3797/2892/1098 3796/2891/1098 3836/2881/1098 3835/2883/1098 
f 3796/2881/1109 3840/2900/1109 3837/2900/1109 3836/2881/1109 
usemtl tfg
f 3840/2900/1110 3811/2891/1110 3841/2891/1110 3837/2900/1110 
usemtl xdgh
f 3811/2892/1099 3813/2891/1099 3842/2892/1099 3841/2891/1099 
usemtl tfg
f 3813/2892/1103 3834/2898/1103 3838/2898/1103 3842/2892/1103 
usemtl 03___Defaulttyi
f 3834/2898/1105 3797/2883/1105 3835/2883/1105 3838/2898/1105 
usemtl xdgh
f 3791/2886/1098 3784/2879/1098 3845/2881/1098 3844/2883/1098 
f 3784/2881/1100 3848/2900/1100 3846/2900/1100 3845/2881/1100 
usemtl tfg
f 3848/2900/1112 3802/2891/1112 3849/2891/1112 3846/2900/1112 
usemtl xdgh
f 3802/2895/1099 3808/2896/1099 3850/2892/1099 3849/2891/1099 
usemtl tfg
f 3808/2892/1107 3843/2898/1107 3847/2898/1107 3850/2892/1107 
usemtl xdgh
f 3843/2898/1107 3791/2883/1107 3844/2883/1107 3847/2898/1107 
# 66 polygons

#
# object Cylinder163
#

v  -70.7506 4.0354 69.1283
v  -71.4545 4.7393 69.1283
v  -70.7506 5.4432 69.1283
v  -70.0467 4.7393 69.1283
v  -71.4545 4.7393 69.1791
v  -70.7506 5.4432 69.1791
v  -70.7506 4.0354 69.1791
v  -70.0467 4.7393 69.1791
v  -71.4545 4.7393 69.2299
v  -70.7506 5.4432 69.2299
v  -70.7506 4.0354 69.2299
v  -70.0467 4.7393 69.2299
v  -71.4545 4.7393 69.2807
v  -70.7506 5.4432 69.2807
v  -70.7506 4.0354 69.2807
v  -70.0467 4.7393 69.2807
v  -71.4545 4.7393 69.3315
v  -70.7506 5.4432 69.3315
v  -70.7506 4.0354 69.3315
v  -70.0467 4.7393 69.3315
v  -71.4545 4.7393 69.3823
v  -70.7506 5.4432 69.3823
v  -70.7506 4.0354 69.3823
v  -70.0467 4.7393 69.3823
# 24 vertices

vn -0.0000 -0.0000 -1.0000
vn 0.0000 1.0000 -0.0000
vn -1.0000 0.0000 0.0000
vn -0.0000 -1.0000 0.0000
vn 1.0000 -0.0000 -0.0000
vn 0.0000 0.0000 1.0000
# 6 vertex normals

vt 0.2500 0.0000 1.0000
vt 0.0000 0.0000 1.0000
vt -0.2500 0.0000 1.0000
vt 0.7500 0.0000 1.0000
vt 0.5000 0.0000 1.0000
vt 0.0000 0.2000 1.0000
vt -0.2500 0.2000 1.0000
vt 0.2500 0.2000 1.0000
vt 0.5000 0.2000 1.0000
vt 0.7500 0.2000 1.0000
vt 0.0000 0.4000 1.0000
vt -0.2500 0.4000 1.0000
vt 0.2500 0.4000 1.0000
vt 0.5000 0.4000 1.0000
vt 0.7500 0.4000 1.0000
vt 0.0000 0.6000 1.0000
vt -0.2500 0.6000 1.0000
vt 0.2500 0.6000 1.0000
vt 0.5000 0.6000 1.0000
vt 0.7500 0.6000 1.0000
vt 0.0000 0.8000 1.0000
vt -0.2500 0.8000 1.0000
vt 0.2500 0.8000 1.0000
vt 0.5000 0.8000 1.0000
vt 0.7500 0.8000 1.0000
vt 0.0000 1.0000 1.0000
vt -0.2500 1.0000 1.0000
vt 0.2500 1.0000 1.0000
vt 0.5000 1.0000 1.0000
vt 0.7500 1.0000 1.0000
vt 1.0000 1.0000 -1.0000
# 31 texture coords

g Cylinder163
usemtl 03___Defaulttyi
s 1
f 3851/2902/1113 3852/2903/1113 3853/2904/1113 
f 3853/2905/1113 3854/2906/1113 3851/2902/1113 
s 8
f 3853/2904/1114 3852/2903/1115 3855/2907/1115 3856/2908/1114 
f 3852/2903/1115 3851/2902/1116 3857/2909/1116 3855/2907/1115 
f 3851/2902/1116 3854/2906/1117 3858/2910/1117 3857/2909/1116 
f 3854/2906/1117 3853/2905/1114 3856/2911/1114 3858/2910/1117 
f 3856/2908/1114 3855/2907/1115 3859/2912/1115 3860/2913/1114 
f 3855/2907/1115 3857/2909/1116 3861/2914/1116 3859/2912/1115 
f 3857/2909/1116 3858/2910/1117 3862/2915/1117 3861/2914/1116 
f 3858/2910/1117 3856/2911/1114 3860/2916/1114 3862/2915/1117 
f 3860/2913/1114 3859/2912/1115 3863/2917/1115 3864/2918/1114 
f 3859/2912/1115 3861/2914/1116 3865/2919/1116 3863/2917/1115 
f 3861/2914/1116 3862/2915/1117 3866/2920/1117 3865/2919/1116 
f 3862/2915/1117 3860/2916/1114 3864/2921/1114 3866/2920/1117 
f 3864/2918/1114 3863/2917/1115 3867/2922/1115 3868/2923/1114 
f 3863/2917/1115 3865/2919/1116 3869/2924/1116 3867/2922/1115 
f 3865/2919/1116 3866/2920/1117 3870/2925/1117 3869/2924/1116 
f 3866/2920/1117 3864/2921/1114 3868/2926/1114 3870/2925/1117 
f 3868/2923/1114 3867/2922/1115 3871/2927/1115 3872/2928/1114 
f 3867/2922/1115 3869/2924/1116 3873/2929/1116 3871/2927/1115 
f 3869/2924/1116 3870/2925/1117 3874/2930/1117 3873/2929/1116 
f 3870/2925/1117 3868/2926/1114 3872/2931/1114 3874/2930/1117 
s 1
f 3874/2932/1118 3872/2928/1118 3871/2927/1118 
f 3871/2927/1118 3873/2929/1118 3874/2930/1118 
# 20 polygons - 4 triangles

#
# object Box411
#

v  -64.4722 4.5718 69.0988
v  -76.9961 4.5718 69.0988
v  -76.9961 4.5718 64.0188
v  -64.4722 4.5718 64.0188
v  -64.4722 4.8258 69.0988
v  -64.4722 4.8258 64.0188
v  -76.9961 4.8258 64.0188
v  -76.9961 4.8258 69.0988
# 8 vertices

vn 0.0000 -1.0000 -0.0000
vn 0.0000 1.0000 -0.0000
vn 1.0000 0.0000 -0.0000
vn -0.0000 0.0000 -1.0000
vn -1.0000 0.0000 0.0000
vn 0.0000 0.0000 1.0000
# 6 vertex normals

vt 1.0000 0.0000 0.0000
vt 1.0000 1.0000 0.0000
vt 0.0000 1.0000 0.0000
vt 0.0000 0.0000 0.0000
# 4 texture coords

g Box411
usemtl cvj
s 2
f 3875/2933/1119 3876/2934/1119 3877/2935/1119 3878/2936/1119 
s 4
f 3879/2936/1120 3880/2933/1120 3881/2934/1120 3882/2935/1120 
s 8
f 3875/2936/1121 3878/2933/1121 3880/2934/1121 3879/2935/1121 
s 16
f 3878/2936/1122 3877/2933/1122 3881/2934/1122 3880/2935/1122 
s 32
f 3877/2936/1123 3876/2933/1123 3882/2934/1123 3881/2935/1123 
s 64
f 3876/2936/1124 3875/2933/1124 3879/2934/1124 3882/2935/1124 
# 6 polygons

#
# object Box412
#

v  -64.5992 -0.3273 68.9718
v  -76.9500 -0.3273 68.9718
v  -76.9500 -0.3273 64.1458
v  -64.5992 -0.3273 64.1458
v  -64.5992 0.9427 68.9718
v  -64.5992 0.9427 64.1458
v  -76.9500 0.9427 64.1458
v  -76.9500 0.9427 68.9718
# 8 vertices

vn 0.0000 -1.0000 -0.0000
vn 0.0000 1.0000 -0.0000
vn 1.0000 0.0000 -0.0000
vn -0.0000 0.0000 -1.0000
vn -1.0000 0.0000 0.0000
vn 0.0000 0.0000 1.0000
# 6 vertex normals

vt 1.0000 0.0000 0.0000
vt 1.0000 1.0000 0.0000
vt 0.0000 1.0000 0.0000
vt 0.0000 0.0000 0.0000
# 4 texture coords

g Box412
usemtl tfg
s 2
f 3883/2937/1125 3884/2938/1125 3885/2939/1125 3886/2940/1125 
s 4
f 3887/2940/1126 3888/2937/1126 3889/2938/1126 3890/2939/1126 
s 8
f 3883/2940/1127 3886/2937/1127 3888/2938/1127 3887/2939/1127 
s 16
f 3886/2940/1128 3885/2937/1128 3889/2938/1128 3888/2939/1128 
s 32
f 3885/2940/1129 3884/2937/1129 3890/2938/1129 3889/2939/1129 
s 64
f 3884/2940/1130 3883/2937/1130 3887/2938/1130 3890/2939/1130 
# 6 polygons

#
# object Box415
#

v  104.4439 -1.0366 55.5300
v  104.4439 -1.0366 54.2600
v  -32.9058 -1.0366 54.2600
v  -32.9058 -1.0366 55.5300
v  104.4439 19.3085 55.5300
v  -32.9058 19.3085 55.5300
v  -32.9058 19.3085 54.2600
v  104.4439 19.3085 54.2600
# 8 vertices

vn 0.0000 -1.0000 -0.0000
vn 0.0000 1.0000 -0.0000
vn -0.0000 -0.0000 1.0000
vn -0.0000 0.0000 1.0000
vn -1.0000 0.0000 -0.0000
vn 0.0000 0.0000 -1.0000
vn 1.0000 -0.0000 0.0000
# 7 vertex normals

vt 1.0000 0.0000 0.0000
vt 1.0000 1.0000 0.0000
vt 0.0000 1.0000 0.0000
vt 0.0000 0.0000 0.0000
# 4 texture coords

g Box415
usemtl 01___Default
s 2
f 3894/2944/1131 3893/2943/1131 3892/2942/1131 3891/2941/1131 
s 4
f 3898/2943/1132 3897/2942/1132 3896/2941/1132 3895/2944/1132 
s 8
f 3895/2943/1133 3896/2942/1133 3894/2941/1134 3891/2944/1133 
s 16
f 3896/2943/1135 3897/2942/1135 3893/2941/1135 3894/2944/1135 
s 32
f 3897/2943/1136 3898/2942/1136 3892/2941/1136 3893/2944/1136 
s 64
f 3898/2943/1137 3895/2942/1137 3891/2941/1137 3892/2944/1137 
# 6 polygons

#
# object Box434
#

v  144.4978 9.7792 56.3734
v  144.4978 9.7792 57.6303
v  145.7547 9.7792 57.6303
v  145.7547 9.7792 56.3734
v  147.0116 9.7792 57.6303
v  147.0116 9.7792 56.3734
v  148.2686 9.7792 57.6303
v  148.2686 9.7792 56.3734
v  144.4978 9.7792 58.8872
v  145.7547 9.7792 58.8872
v  147.0116 9.7792 58.8872
v  148.2686 9.7792 58.8872
v  144.4978 9.7792 60.1442
v  145.7547 9.7792 60.1442
v  147.0116 9.7792 60.1442
v  148.2686 9.7792 60.1442
v  144.4978 28.1890 56.3734
v  145.7547 28.1890 56.3734
v  145.7547 28.1890 57.6303
v  144.4978 28.1890 57.6303
v  147.0116 28.1890 56.3734
v  147.0116 28.1890 57.6303
v  148.2686 28.1890 56.3734
v  148.2686 28.1890 57.6303
v  145.7547 28.1890 58.8872
v  144.4978 28.1890 58.8872
v  147.0116 28.1890 58.8872
v  148.2686 28.1890 58.8872
v  145.7547 28.1890 60.1442
v  144.4978 28.1890 60.1442
v  147.0116 28.1890 60.1442
v  148.2686 28.1890 60.1442
v  145.7547 17.1156 56.3734
v  144.4978 17.1156 56.3734
v  145.7547 9.7792 55.9298
v  147.0116 9.7792 55.9298
v  147.0116 17.1156 55.9298
v  145.7547 17.1156 55.9298
v  148.2686 17.1156 56.3734
v  147.0116 17.1156 56.3734
v  147.0116 28.1890 55.9298
v  145.7547 28.1890 55.9298
v  148.2686 17.1156 57.6303
v  148.7122 9.7792 57.6303
v  148.7122 9.7792 58.8872
v  148.7122 17.1156 58.8872
v  148.7122 17.1156 57.6303
v  148.2686 17.1156 60.1442
v  148.2686 17.1156 58.8872
v  148.7122 28.1890 58.8872
v  148.7122 28.1890 57.6303
v  147.0116 17.1156 60.1442
v  147.0116 9.7792 60.5878
v  145.7547 9.7792 60.5878
v  145.7547 17.1156 60.5878
v  147.0116 17.1156 60.5878
v  144.4978 17.1156 60.1442
v  145.7547 17.1156 60.1442
v  145.7547 28.1890 60.5878
v  147.0116 28.1890 60.5878
v  144.4978 17.1156 58.8872
v  144.0542 9.7792 58.8872
v  144.0542 9.7792 57.6303
v  144.0542 17.1156 57.6303
v  144.0542 17.1156 58.8872
v  144.4978 17.1156 57.6303
v  144.0542 28.1890 57.6303
v  144.0542 28.1890 58.8872
# 68 vertices

vn -0.0000 -1.0000 -0.0000
vn 0.0000 1.0000 0.0000
vn 0.0000 -0.0000 -1.0000
vn 1.0000 -0.0000 0.0000
vn -0.0000 -0.0000 1.0000
vn -0.0000 0.0000 1.0000
vn -1.0000 0.0000 -0.0000
vn 0.0000 0.0000 -1.0000
# 8 vertex normals

vt 1.0000 0.0000 0.0000
vt 1.0000 0.3333 0.0000
vt 0.6667 0.3333 0.0000
vt 0.6667 0.0000 0.0000
vt 0.3333 0.3333 0.0000
vt 0.3333 0.0000 0.0000
vt -0.0000 0.3333 0.0000
vt -0.0000 0.0000 0.0000
vt 1.0000 0.6667 0.0000
vt 0.6667 0.6667 0.0000
vt 0.3333 0.6667 0.0000
vt -0.0000 0.6667 0.0000
vt 1.0000 1.0000 0.0000
vt 0.6667 1.0000 0.0000
vt 0.3333 1.0000 0.0000
vt -0.0000 1.0000 0.0000
vt 0.0000 0.0000 0.0000
vt 0.0000 0.3333 0.0000
vt 0.0000 0.6667 0.0000
vt 0.0000 1.0000 0.0000
vt 0.3333 0.5000 0.0000
vt 0.0000 0.5000 0.0000
vt 0.6667 0.5000 0.0000
vt 1.0000 0.5000 0.0000
# 24 texture coords

g Box434
usemtl xdgh
s 2
f 3902/2948/1138 3901/2947/1138 3900/2946/1138 3899/2945/1138 
f 3904/2950/1138 3903/2949/1138 3901/2947/1138 3902/2948/1138 
f 3906/2952/1138 3905/2951/1138 3903/2949/1138 3904/2950/1138 
f 3901/2947/1138 3908/2954/1138 3907/2953/1138 3900/2946/1138 
f 3903/2949/1138 3909/2955/1138 3908/2954/1138 3901/2947/1138 
f 3905/2951/1138 3910/2956/1138 3909/2955/1138 3903/2949/1138 
f 3908/2954/1138 3912/2958/1138 3911/2957/1138 3907/2953/1138 
f 3909/2955/1138 3913/2959/1138 3912/2958/1138 3908/2954/1138 
f 3910/2956/1138 3914/2960/1138 3913/2959/1138 3909/2955/1138 
s 4
f 3918/2962/1139 3917/2949/1139 3916/2950/1139 3915/2961/1139 
f 3917/2949/1139 3920/2947/1139 3919/2948/1139 3916/2950/1139 
f 3920/2947/1139 3922/2946/1139 3921/2945/1139 3919/2948/1139 
f 3924/2963/1139 3923/2955/1139 3917/2949/1139 3918/2962/1139 
f 3923/2955/1139 3925/2954/1139 3920/2947/1139 3917/2949/1139 
f 3925/2954/1139 3926/2953/1139 3922/2946/1139 3920/2947/1139 
f 3928/2964/1139 3927/2959/1139 3923/2955/1139 3924/2963/1139 
f 3927/2959/1139 3929/2958/1139 3925/2954/1139 3923/2955/1139 
f 3929/2958/1139 3930/2957/1139 3926/2953/1139 3925/2954/1139 
s 8
f 3932/2966/1140 3931/2965/1140 3902/2950/1140 3899/2961/1140 
f 3936/2965/1140 3935/2967/1140 3934/2948/1140 3933/2950/1140 
f 3938/2967/1140 3937/2968/1140 3906/2945/1140 3904/2948/1140 
f 3915/2964/1140 3916/2959/1140 3931/2965/1140 3932/2966/1140 
f 3940/2959/1140 3939/2958/1140 3935/2967/1140 3936/2965/1140 
f 3919/2958/1140 3921/2957/1140 3937/2968/1140 3938/2967/1140 
s 16
f 3937/2966/1141 3941/2965/1141 3905/2950/1141 3906/2961/1141 
f 3945/2965/1141 3944/2967/1141 3943/2948/1141 3942/2950/1141 
f 3947/2967/1141 3946/2968/1141 3914/2945/1141 3910/2948/1141 
f 3921/2964/1141 3922/2959/1141 3941/2965/1141 3937/2966/1141 
f 3949/2959/1141 3948/2958/1141 3944/2967/1141 3945/2965/1141 
f 3926/2958/1141 3930/2957/1141 3946/2968/1141 3947/2967/1141 
s 32
f 3946/2966/1142 3950/2965/1142 3913/2950/1142 3914/2961/1142 
f 3954/2965/1142 3953/2967/1142 3952/2948/1142 3951/2950/1142 
f 3956/2967/1142 3955/2968/1142 3911/2945/1142 3912/2948/1142 
f 3930/2964/1142 3929/2959/1142 3950/2965/1142 3946/2966/1142 
f 3958/2959/1143 3957/2958/1143 3953/2967/1142 3954/2965/1142 
f 3927/2958/1142 3928/2957/1142 3955/2968/1142 3956/2967/1142 
s 64
f 3955/2966/1144 3959/2965/1144 3907/2950/1144 3911/2961/1144 
f 3963/2965/1144 3962/2967/1144 3961/2948/1144 3960/2950/1144 
f 3964/2967/1144 3932/2968/1144 3899/2945/1144 3900/2948/1144 
f 3928/2964/1144 3924/2959/1144 3959/2965/1144 3955/2966/1144 
f 3966/2959/1144 3965/2958/1144 3962/2967/1144 3963/2965/1144 
f 3918/2958/1144 3915/2957/1144 3932/2968/1144 3964/2967/1144 
s off
f 3933/2950/1138 3934/2948/1138 3904/2950/1138 3902/2948/1138 
usemtl tfg
f 3934/2948/1141 3935/2967/1141 3938/2967/1141 3904/2948/1141 
f 3935/2967/1141 3939/2958/1141 3919/2958/1141 3938/2967/1141 
usemtl xdgh
f 3939/2958/1139 3940/2959/1139 3916/2950/1139 3919/2948/1139 
usemtl tfg
f 3940/2959/1144 3936/2965/1144 3931/2965/1144 3916/2959/1144 
f 3936/2965/1144 3933/2950/1144 3902/2950/1144 3931/2965/1144 
usemtl xdgh
f 3942/2950/1138 3943/2948/1138 3910/2956/1138 3905/2951/1138 
usemtl tfg
f 3943/2948/1142 3944/2967/1142 3947/2967/1142 3910/2948/1142 
f 3944/2967/1143 3948/2958/1143 3926/2958/1143 3947/2967/1143 
usemtl xdgh
f 3948/2958/1139 3949/2959/1139 3922/2946/1139 3926/2953/1139 
usemtl tfg
f 3949/2959/1140 3945/2965/1140 3941/2965/1140 3922/2959/1140 
f 3945/2965/1140 3942/2950/1140 3905/2950/1140 3941/2965/1140 
usemtl xdgh
f 3951/2950/1138 3952/2948/1138 3912/2958/1138 3913/2959/1138 
usemtl tfg
f 3952/2948/1144 3953/2967/1144 3956/2967/1144 3912/2948/1144 
f 3953/2967/1144 3957/2958/1144 3927/2958/1144 3956/2967/1144 
usemtl xdgh
f 3957/2958/1139 3958/2959/1139 3929/2958/1139 3927/2959/1139 
usemtl tfg
f 3958/2959/1141 3954/2965/1141 3950/2965/1141 3929/2959/1141 
f 3954/2965/1141 3951/2950/1141 3913/2950/1141 3950/2965/1141 
usemtl xdgh
f 3960/2950/1138 3961/2948/1138 3900/2946/1138 3907/2953/1138 
usemtl tfg
f 3961/2948/1145 3962/2967/1145 3964/2967/1145 3900/2948/1145 
f 3962/2967/1140 3965/2958/1140 3918/2958/1140 3964/2967/1140 
usemtl xdgh
f 3965/2958/1139 3966/2959/1139 3924/2963/1139 3918/2962/1139 
usemtl tfg
f 3966/2959/1143 3963/2965/1143 3959/2965/1143 3924/2959/1143 
f 3963/2965/1142 3960/2950/1142 3907/2950/1142 3959/2965/1142 
# 66 polygons

#
# object Box435
#

v  144.3263 28.6128 56.2268
v  144.3263 28.6128 60.2908
v  148.3903 28.6128 60.2908
v  148.3903 28.6128 56.2268
v  144.3263 29.4121 56.2268
v  148.3903 29.4121 56.2268
v  148.3903 29.4121 60.2908
v  144.3263 29.4121 60.2908
v  143.9453 28.1429 55.8458
v  143.9453 28.1429 60.6718
v  148.7713 28.1429 60.6718
v  148.7713 28.1429 55.8458
v  143.9453 28.6509 55.8458
v  148.7713 28.6509 55.8458
v  148.7713 28.6509 60.6718
v  143.9453 28.6509 60.6718
# 16 vertices

vn -0.0000 -1.0000 -0.0000
vn 0.0000 1.0000 0.0000
vn 0.0000 -0.0000 -1.0000
vn 1.0000 -0.0000 0.0000
vn -0.0000 0.0000 1.0000
vn -1.0000 0.0000 -0.0000
# 6 vertex normals

vt 1.0000 0.0000 0.0000
vt 1.0000 1.0000 0.0000
vt 0.0000 1.0000 0.0000
vt 0.0000 0.0000 0.0000
# 4 texture coords

g Box435
usemtl tfg
s 2
f 3970/2972/1146 3969/2971/1146 3968/2970/1146 3967/2969/1146 
usemtl xdgh
s 4
f 3974/2971/1147 3973/2970/1147 3972/2969/1147 3971/2972/1147 
usemtl tfg
s 8
f 3971/2971/1148 3972/2970/1148 3970/2969/1148 3967/2972/1148 
s 16
f 3972/2971/1149 3973/2970/1149 3969/2969/1149 3970/2972/1149 
s 32
f 3973/2971/1150 3974/2970/1150 3968/2969/1150 3969/2972/1150 
s 64
f 3974/2971/1151 3971/2970/1151 3967/2969/1151 3968/2972/1151 
s 2
f 3978/2972/1146 3977/2971/1146 3976/2970/1146 3975/2969/1146 
s 4
f 3982/2971/1147 3981/2970/1147 3980/2969/1147 3979/2972/1147 
s 8
f 3979/2971/1148 3980/2970/1148 3978/2969/1148 3975/2972/1148 
s 16
f 3980/2971/1149 3981/2970/1149 3977/2969/1149 3978/2972/1149 
s 32
f 3981/2971/1150 3982/2970/1150 3976/2969/1150 3977/2972/1150 
s 64
f 3982/2971/1151 3979/2970/1151 3975/2969/1151 3976/2972/1151 
# 12 polygons

#
# object Box436
#

v  144.1619 -0.3273 56.0808
v  144.1619 -0.3273 57.5202
v  145.6012 -0.3273 57.5202
v  145.6012 -0.3273 56.0808
v  147.0406 -0.3273 57.5202
v  147.0406 -0.3273 56.0808
v  148.4799 -0.3273 57.5202
v  148.4799 -0.3273 56.0808
v  144.1619 -0.3273 58.9595
v  145.6012 -0.3273 58.9595
v  147.0406 -0.3273 58.9595
v  148.4799 -0.3273 58.9595
v  144.1619 -0.3273 60.3988
v  145.6012 -0.3273 60.3988
v  147.0406 -0.3273 60.3988
v  148.4799 -0.3273 60.3988
v  144.1619 9.8327 56.0808
v  145.6012 9.8327 56.0808
v  145.6012 9.8327 57.5202
v  144.1619 9.8327 57.5202
v  147.0406 9.8327 56.0808
v  147.0406 9.8327 57.5202
v  148.4799 9.8327 56.0808
v  148.4799 9.8327 57.5202
v  145.6012 9.8327 58.9595
v  144.1619 9.8327 58.9595
v  147.0406 9.8327 58.9595
v  148.4799 9.8327 58.9595
v  145.6012 9.8327 60.3988
v  144.1619 9.8327 60.3988
v  147.0406 9.8327 60.3988
v  148.4799 9.8327 60.3988
v  145.6012 4.7527 56.0808
v  144.1619 4.7527 56.0808
v  145.6012 -0.3273 52.3428
v  147.0406 -0.3273 52.3428
v  147.0406 4.7527 52.3428
v  145.6012 4.7527 52.3428
v  148.4799 4.7527 56.0808
v  147.0406 4.7527 56.0808
v  147.0406 9.8327 55.5728
v  145.6012 9.8327 55.5728
v  148.4799 4.7527 57.5202
v  148.9879 -0.3273 57.5202
v  148.9879 -0.3273 58.9595
v  148.9879 4.7527 58.9595
v  148.9879 4.7527 57.5202
v  148.4799 4.7527 60.3988
v  148.4799 4.7527 58.9595
v  148.9879 9.8327 58.9595
v  148.9879 9.8327 57.5202
v  147.0406 4.7527 60.3988
v  147.0406 -0.3273 60.9068
v  145.6012 -0.3273 60.9068
v  145.6012 4.7527 60.9068
v  147.0406 4.7527 60.9068
v  144.1619 4.7527 60.3988
v  145.6012 4.7527 60.3988
v  145.6012 9.8327 60.9068
v  147.0406 9.8327 60.9068
v  144.1619 4.7527 58.9595
v  143.6539 -0.3273 58.9595
v  143.6539 -0.3273 57.5202
v  143.6539 4.7527 57.5202
v  143.6539 4.7527 58.9595
v  144.1619 4.7527 57.5202
v  143.6539 9.8327 57.5202
v  143.6539 9.8327 58.9595
# 68 vertices

vn -0.0000 -1.0000 -0.0000
vn 0.0000 1.0000 0.0000
vn 0.0000 -0.0000 -1.0000
vn 0.0000 0.2794 -0.9602
vn 0.0000 0.5366 -0.8439
vn 1.0000 -0.0000 0.0000
vn -0.0000 0.0000 1.0000
vn -0.0000 -0.0000 1.0000
vn -1.0000 0.0000 -0.0000
vn 0.0000 0.0000 -1.0000
# 10 vertex normals

vt 1.0000 0.0000 0.0000
vt 1.0000 0.3333 0.0000
vt 0.6667 0.3333 0.0000
vt 0.6667 0.0000 0.0000
vt 0.3333 0.3333 0.0000
vt 0.3333 0.0000 0.0000
vt -0.0000 0.3333 0.0000
vt -0.0000 0.0000 0.0000
vt 1.0000 0.6667 0.0000
vt 0.6667 0.6667 0.0000
vt 0.3333 0.6667 0.0000
vt -0.0000 0.6667 0.0000
vt 1.0000 1.0000 0.0000
vt 0.6667 1.0000 0.0000
vt 0.3333 1.0000 0.0000
vt -0.0000 1.0000 0.0000
vt 0.0000 0.0000 0.0000
vt 0.0000 0.3333 0.0000
vt 0.0000 0.6667 0.0000
vt 0.0000 1.0000 0.0000
vt 0.3333 0.5000 0.0000
vt 0.0000 0.5000 0.0000
vt 0.6667 0.5000 0.0000
vt 1.0000 0.5000 0.0000
# 24 texture coords

g Box436
usemtl xdgh
s 2
f 3986/2976/1152 3985/2975/1152 3984/2974/1152 3983/2973/1152 
f 3988/2978/1152 3987/2977/1152 3985/2975/1152 3986/2976/1152 
f 3990/2980/1152 3989/2979/1152 3987/2977/1152 3988/2978/1152 
f 3985/2975/1152 3992/2982/1152 3991/2981/1152 3984/2974/1152 
f 3987/2977/1152 3993/2983/1152 3992/2982/1152 3985/2975/1152 
f 3989/2979/1152 3994/2984/1152 3993/2983/1152 3987/2977/1152 
f 3992/2982/1152 3996/2986/1152 3995/2985/1152 3991/2981/1152 
f 3993/2983/1152 3997/2987/1152 3996/2986/1152 3992/2982/1152 
f 3994/2984/1152 3998/2988/1152 3997/2987/1152 3993/2983/1152 
usemtl tfg
s 4
f 4002/2990/1153 4001/2977/1153 4000/2978/1153 3999/2989/1153 
f 4001/2977/1153 4004/2975/1153 4003/2976/1153 4000/2978/1153 
f 4004/2975/1153 4006/2974/1153 4005/2973/1153 4003/2976/1153 
usemtl 03___Defaulttyi
f 4008/2991/1153 4007/2983/1153 4001/2977/1153 4002/2990/1153 
f 4007/2983/1153 4009/2982/1153 4004/2975/1153 4001/2977/1153 
usemtl tfg
f 4009/2982/1153 4010/2981/1153 4006/2974/1153 4004/2975/1153 
f 4012/2992/1153 4011/2987/1153 4007/2983/1153 4008/2991/1153 
f 4011/2987/1153 4013/2986/1153 4009/2982/1153 4007/2983/1153 
f 4013/2986/1153 4014/2985/1153 4010/2981/1153 4009/2982/1153 
usemtl xdgh
s 8
f 4016/2994/1154 4015/2993/1154 3986/2978/1154 3983/2989/1154 
f 4020/2993/1155 4019/2995/1155 4018/2976/1154 4017/2978/1154 
f 4022/2995/1154 4021/2996/1154 3990/2973/1154 3988/2976/1154 
usemtl tfg
f 3999/2992/1154 4000/2987/1154 4015/2993/1154 4016/2994/1154 
usemtl xdgh
f 4024/2987/1156 4023/2986/1156 4019/2995/1155 4020/2993/1155 
usemtl tfg
f 4003/2986/1154 4005/2985/1154 4021/2996/1154 4022/2995/1154 
usemtl xdgh
s 16
f 4021/2994/1157 4025/2993/1157 3989/2978/1157 3990/2989/1157 
f 4029/2993/1157 4028/2995/1157 4027/2976/1157 4026/2978/1157 
f 4031/2995/1157 4030/2996/1157 3998/2973/1157 3994/2976/1157 
usemtl tfg
f 4005/2992/1157 4006/2987/1157 4025/2993/1157 4021/2994/1157 
usemtl xdgh
f 4033/2987/1157 4032/2986/1157 4028/2995/1157 4029/2993/1157 
usemtl tfg
f 4010/2986/1157 4014/2985/1157 4030/2996/1157 4031/2995/1157 
usemtl xdgh
s 32
f 4030/2994/1158 4034/2993/1158 3997/2978/1158 3998/2989/1158 
f 4038/2993/1158 4037/2995/1158 4036/2976/1159 4035/2978/1159 
f 4040/2995/1158 4039/2996/1158 3995/2973/1158 3996/2976/1158 
usemtl tfg
f 4014/2992/1158 4013/2987/1158 4034/2993/1158 4030/2994/1158 
usemtl xdgh
f 4042/2987/1158 4041/2986/1158 4037/2995/1158 4038/2993/1158 
usemtl tfg
f 4011/2986/1158 4012/2985/1158 4039/2996/1158 4040/2995/1158 
usemtl xdgh
s 64
f 4039/2994/1160 4043/2993/1160 3991/2978/1160 3995/2989/1160 
f 4047/2993/1160 4046/2995/1160 4045/2976/1160 4044/2978/1160 
f 4048/2995/1160 4016/2996/1160 3983/2973/1160 3984/2976/1160 
usemtl tfg
f 4012/2992/1160 4008/2987/1160 4043/2993/1160 4039/2994/1160 
usemtl xdgh
f 4050/2987/1160 4049/2986/1160 4046/2995/1160 4047/2993/1160 
usemtl tfg
f 4002/2986/1160 3999/2985/1160 4016/2996/1160 4048/2995/1160 
usemtl xdgh
s off
f 4017/2978/1152 4018/2976/1152 3988/2978/1152 3986/2976/1152 
usemtl tfg
f 4018/2976/1157 4019/2995/1157 4022/2995/1157 3988/2976/1157 
f 4019/2995/1157 4023/2986/1157 4003/2986/1157 4022/2995/1157 
f 4023/2986/1153 4024/2987/1153 4000/2978/1153 4003/2976/1153 
f 4024/2987/1160 4020/2993/1160 4015/2993/1160 4000/2987/1160 
f 4020/2993/1160 4017/2978/1160 3986/2978/1160 4015/2993/1160 
usemtl xdgh
f 4026/2978/1152 4027/2976/1152 3994/2984/1152 3989/2979/1152 
usemtl 03___Defaulttyi
f 4027/2976/1158 4028/2995/1158 4031/2995/1158 3994/2976/1158 
usemtl tfg
f 4028/2995/1158 4032/2986/1158 4010/2986/1158 4031/2995/1158 
f 4032/2986/1153 4033/2987/1153 4006/2974/1153 4010/2981/1153 
f 4033/2987/1154 4029/2993/1154 4025/2993/1154 4006/2987/1154 
f 4029/2993/1154 4026/2978/1154 3989/2978/1154 4025/2993/1154 
usemtl xdgh
f 4035/2978/1152 4036/2976/1152 3996/2986/1152 3997/2987/1152 
usemtl 03___Defaulttyi
f 4036/2976/1160 4037/2995/1160 4040/2995/1160 3996/2976/1160 
usemtl tfg
f 4037/2995/1160 4041/2986/1160 4011/2986/1160 4040/2995/1160 
f 4041/2986/1153 4042/2987/1153 4013/2986/1153 4011/2987/1153 
f 4042/2987/1157 4038/2993/1157 4034/2993/1157 4013/2987/1157 
usemtl 03___Defaulttyi
f 4038/2993/1157 4035/2978/1157 3997/2978/1157 4034/2993/1157 
usemtl xdgh
f 4044/2978/1152 4045/2976/1152 3984/2974/1152 3991/2981/1152 
usemtl tfg
f 4045/2976/1161 4046/2995/1161 4048/2995/1161 3984/2976/1161 
f 4046/2995/1154 4049/2986/1154 4002/2986/1154 4048/2995/1154 
f 4049/2986/1153 4050/2987/1153 4008/2991/1153 4002/2990/1153 
f 4050/2987/1158 4047/2993/1158 4043/2993/1158 4008/2987/1158 
usemtl 03___Defaulttyi
f 4047/2993/1159 4044/2978/1159 3991/2978/1159 4043/2993/1159 
# 66 polygons

#
# object Box437
#

v  143.7809 4.5718 55.6998
v  143.7809 4.5718 60.7798
v  148.8609 4.5718 60.7798
v  148.8609 4.5718 55.6998
v  143.7809 4.8258 55.6998
v  148.8609 4.8258 55.6998
v  148.8609 4.8258 60.7798
v  143.7809 4.8258 60.7798
# 8 vertices

vn -0.0000 -1.0000 -0.0000
vn 0.0000 1.0000 0.0000
vn 0.0000 -0.0000 -1.0000
vn 1.0000 -0.0000 0.0000
vn -0.0000 0.0000 1.0000
vn -1.0000 0.0000 -0.0000
# 6 vertex normals

vt 1.0000 0.0000 0.0000
vt 1.0000 1.0000 0.0000
vt 0.0000 1.0000 0.0000
vt 0.0000 0.0000 0.0000
# 4 texture coords

g Box437
usemtl cvj
s 2
f 4054/3000/1162 4053/2999/1162 4052/2998/1162 4051/2997/1162 
s 4
f 4058/2999/1163 4057/2998/1163 4056/2997/1163 4055/3000/1163 
s 8
f 4055/2999/1164 4056/2998/1164 4054/2997/1164 4051/3000/1164 
s 16
f 4056/2999/1165 4057/2998/1165 4053/2997/1165 4054/3000/1165 
s 32
f 4057/2999/1166 4058/2998/1166 4052/2997/1166 4053/3000/1166 
s 64
f 4058/2999/1167 4055/2998/1167 4051/2997/1167 4052/3000/1167 
# 6 polygons

#
# object Cylinder179
#

v  143.7514 4.0354 58.1975
v  143.7514 4.7393 58.9014
v  143.7514 5.4432 58.1975
v  143.7514 4.7393 57.4936
v  143.7006 4.7393 58.9014
v  143.7006 5.4432 58.1975
v  143.7006 4.0354 58.1975
v  143.7006 4.7393 57.4936
v  143.6497 4.7393 58.9014
v  143.6498 5.4432 58.1975
v  143.6498 4.0354 58.1975
v  143.6498 4.7393 57.4936
v  143.5990 4.7393 58.9014
v  143.5990 5.4432 58.1975
v  143.5990 4.0354 58.1975
v  143.5990 4.7393 57.4936
v  143.5482 4.7393 58.9014
v  143.5482 5.4432 58.1975
v  143.5482 4.0354 58.1975
v  143.5482 4.7393 57.4936
v  143.4974 4.7393 58.9014
v  143.4974 5.4432 58.1975
v  143.4974 4.0354 58.1975
v  143.4974 4.7393 57.4936
# 24 vertices

vn 1.0000 -0.0000 0.0000
vn 0.0000 1.0000 -0.0000
vn -0.0000 0.0000 1.0000
vn -0.0000 -1.0000 0.0000
vn 0.0000 -0.0000 -1.0000
vn -1.0000 0.0000 -0.0000
# 6 vertex normals

vt 0.2500 0.0000 1.0000
vt 0.0000 0.0000 1.0000
vt -0.2500 0.0000 1.0000
vt 0.7500 0.0000 1.0000
vt 0.5000 0.0000 1.0000
vt 0.0000 0.2000 1.0000
vt -0.2500 0.2000 1.0000
vt 0.2500 0.2000 1.0000
vt 0.5000 0.2000 1.0000
vt 0.7500 0.2000 1.0000
vt 0.0000 0.4000 1.0000
vt -0.2500 0.4000 1.0000
vt 0.2500 0.4000 1.0000
vt 0.5000 0.4000 1.0000
vt 0.7500 0.4000 1.0000
vt 0.0000 0.6000 1.0000
vt -0.2500 0.6000 1.0000
vt 0.2500 0.6000 1.0000
vt 0.5000 0.6000 1.0000
vt 0.7500 0.6000 1.0000
vt 0.0000 0.8000 1.0000
vt -0.2500 0.8000 1.0000
vt 0.2500 0.8000 1.0000
vt 0.5000 0.8000 1.0000
vt 0.7500 0.8000 1.0000
vt 0.0000 1.0000 1.0000
vt -0.2500 1.0000 1.0000
vt 0.2500 1.0000 1.0000
vt 0.5000 1.0000 1.0000
vt 0.7500 1.0000 1.0000
vt 1.0000 1.0000 -1.0000
# 31 texture coords

g Cylinder179
usemtl 03___Defaulttyi
s 1
f 4061/3003/1168 4060/3002/1168 4059/3001/1168 
f 4059/3001/1168 4062/3005/1168 4061/3004/1168 
s 8
f 4064/3007/1169 4063/3006/1170 4060/3002/1170 4061/3003/1169 
f 4063/3006/1170 4065/3008/1171 4059/3001/1171 4060/3002/1170 
f 4065/3008/1171 4066/3009/1172 4062/3005/1172 4059/3001/1171 
f 4066/3009/1172 4064/3010/1169 4061/3004/1169 4062/3005/1172 
f 4068/3012/1169 4067/3011/1170 4063/3006/1170 4064/3007/1169 
f 4067/3011/1170 4069/3013/1171 4065/3008/1171 4063/3006/1170 
f 4069/3013/1171 4070/3014/1172 4066/3009/1172 4065/3008/1171 
f 4070/3014/1172 4068/3015/1169 4064/3010/1169 4066/3009/1172 
f 4072/3017/1169 4071/3016/1170 4067/3011/1170 4068/3012/1169 
f 4071/3016/1170 4073/3018/1171 4069/3013/1171 4067/3011/1170 
f 4073/3018/1171 4074/3019/1172 4070/3014/1172 4069/3013/1171 
f 4074/3019/1172 4072/3020/1169 4068/3015/1169 4070/3014/1172 
f 4076/3022/1169 4075/3021/1170 4071/3016/1170 4072/3017/1169 
f 4075/3021/1170 4077/3023/1171 4073/3018/1171 4071/3016/1170 
f 4077/3023/1171 4078/3024/1172 4074/3019/1172 4073/3018/1171 
f 4078/3024/1172 4076/3025/1169 4072/3020/1169 4074/3019/1172 
f 4080/3027/1169 4079/3026/1170 4075/3021/1170 4076/3022/1169 
f 4079/3026/1170 4081/3028/1171 4077/3023/1171 4075/3021/1170 
f 4081/3028/1171 4082/3029/1172 4078/3024/1172 4077/3023/1171 
f 4082/3029/1172 4080/3030/1169 4076/3025/1169 4078/3024/1172 
s 1
f 4079/3026/1173 4080/3027/1173 4082/3031/1173 
f 4082/3029/1173 4081/3028/1173 4079/3026/1173 
# 20 polygons - 4 triangles

#
# object Box438
#

v  143.9079 -0.3273 55.8268
v  143.9079 -0.3273 60.6528
v  148.7339 -0.3273 60.6528
v  148.7339 -0.3273 55.8268
v  143.9079 0.9427 55.8268
v  148.7339 0.9427 55.8268
v  148.7339 0.9427 60.6528
v  143.9079 0.9427 60.6528
# 8 vertices

vn -0.0000 -1.0000 -0.0000
vn 0.0000 1.0000 0.0000
vn 0.0000 -0.0000 -1.0000
vn 1.0000 -0.0000 0.0000
vn -0.0000 0.0000 1.0000
vn -1.0000 0.0000 -0.0000
# 6 vertex normals

vt 1.0000 0.0000 0.0000
vt 1.0000 1.0000 0.0000
vt 0.0000 1.0000 0.0000
vt 0.0000 0.0000 0.0000
# 4 texture coords

g Box438
usemtl tfg
s 2
f 4086/3035/1174 4085/3034/1174 4084/3033/1174 4083/3032/1174 
s 4
f 4090/3034/1175 4089/3033/1175 4088/3032/1175 4087/3035/1175 
s 8
f 4087/3034/1176 4088/3033/1176 4086/3032/1176 4083/3035/1176 
s 16
f 4088/3034/1177 4089/3033/1177 4085/3032/1177 4086/3035/1177 
s 32
f 4089/3034/1178 4090/3033/1178 4084/3032/1178 4085/3035/1178 
s 64
f 4090/3034/1179 4087/3033/1179 4083/3032/1179 4084/3035/1179 
# 6 polygons

#
# object Cylinder180
#

v  146.3363 4.0354 61.1399
v  145.6324 4.7393 61.1399
v  146.3363 5.4432 61.1399
v  147.0402 4.7393 61.1399
v  145.6324 4.7393 61.0891
v  146.3363 5.4432 61.0891
v  146.3363 4.0354 61.0891
v  147.0402 4.7393 61.0891
v  145.6324 4.7393 61.0383
v  146.3363 5.4432 61.0383
v  146.3363 4.0354 61.0383
v  147.0402 4.7393 61.0383
v  145.6324 4.7393 60.9875
v  146.3363 5.4432 60.9875
v  146.3363 4.0354 60.9875
v  147.0402 4.7393 60.9875
v  145.6324 4.7393 60.9367
v  146.3363 5.4432 60.9367
v  146.3363 4.0354 60.9367
v  147.0402 4.7393 60.9367
v  145.6324 4.7393 60.8859
v  146.3363 5.4432 60.8859
v  146.3363 4.0354 60.8859
v  147.0402 4.7393 60.8859
# 24 vertices

vn -0.0000 0.0000 1.0000
vn 0.0000 1.0000 -0.0000
vn -1.0000 0.0000 -0.0000
vn -0.0000 -1.0000 0.0000
vn 1.0000 -0.0000 0.0000
vn 0.0000 -0.0000 -1.0000
# 6 vertex normals

vt 0.2500 0.0000 1.0000
vt 0.0000 0.0000 1.0000
vt -0.2500 0.0000 1.0000
vt 0.7500 0.0000 1.0000
vt 0.5000 0.0000 1.0000
vt 0.0000 0.2000 1.0000
vt -0.2500 0.2000 1.0000
vt 0.2500 0.2000 1.0000
vt 0.5000 0.2000 1.0000
vt 0.7500 0.2000 1.0000
vt 0.0000 0.4000 1.0000
vt -0.2500 0.4000 1.0000
vt 0.2500 0.4000 1.0000
vt 0.5000 0.4000 1.0000
vt 0.7500 0.4000 1.0000
vt 0.0000 0.6000 1.0000
vt -0.2500 0.6000 1.0000
vt 0.2500 0.6000 1.0000
vt 0.5000 0.6000 1.0000
vt 0.7500 0.6000 1.0000
vt 0.0000 0.8000 1.0000
vt -0.2500 0.8000 1.0000
vt 0.2500 0.8000 1.0000
vt 0.5000 0.8000 1.0000
vt 0.7500 0.8000 1.0000
vt 0.0000 1.0000 1.0000
vt -0.2500 1.0000 1.0000
vt 0.2500 1.0000 1.0000
vt 0.5000 1.0000 1.0000
vt 0.7500 1.0000 1.0000
vt 1.0000 1.0000 -1.0000
# 31 texture coords

g Cylinder180
usemtl 03___Defaulttyi
s 1
f 4093/3038/1180 4092/3037/1180 4091/3036/1180 
f 4091/3036/1180 4094/3040/1180 4093/3039/1180 
s 8
f 4096/3042/1181 4095/3041/1182 4092/3037/1182 4093/3038/1181 
f 4095/3041/1182 4097/3043/1183 4091/3036/1183 4092/3037/1182 
f 4097/3043/1183 4098/3044/1184 4094/3040/1184 4091/3036/1183 
f 4098/3044/1184 4096/3045/1181 4093/3039/1181 4094/3040/1184 
f 4100/3047/1181 4099/3046/1182 4095/3041/1182 4096/3042/1181 
f 4099/3046/1182 4101/3048/1183 4097/3043/1183 4095/3041/1182 
f 4101/3048/1183 4102/3049/1184 4098/3044/1184 4097/3043/1183 
f 4102/3049/1184 4100/3050/1181 4096/3045/1181 4098/3044/1184 
f 4104/3052/1181 4103/3051/1182 4099/3046/1182 4100/3047/1181 
f 4103/3051/1182 4105/3053/1183 4101/3048/1183 4099/3046/1182 
f 4105/3053/1183 4106/3054/1184 4102/3049/1184 4101/3048/1183 
f 4106/3054/1184 4104/3055/1181 4100/3050/1181 4102/3049/1184 
f 4108/3057/1181 4107/3056/1182 4103/3051/1182 4104/3052/1181 
f 4107/3056/1182 4109/3058/1183 4105/3053/1183 4103/3051/1182 
f 4109/3058/1183 4110/3059/1184 4106/3054/1184 4105/3053/1183 
f 4110/3059/1184 4108/3060/1181 4104/3055/1181 4106/3054/1184 
f 4112/3062/1181 4111/3061/1182 4107/3056/1182 4108/3057/1181 
f 4111/3061/1182 4113/3063/1183 4109/3058/1183 4107/3056/1182 
f 4113/3063/1183 4114/3064/1184 4110/3059/1184 4109/3058/1183 
f 4114/3064/1184 4112/3065/1181 4108/3060/1181 4110/3059/1184 
s 1
f 4111/3061/1185 4112/3062/1185 4114/3066/1185 
f 4114/3064/1185 4113/3063/1185 4111/3061/1185 
# 20 polygons - 4 triangles

#
# object Cylinder181
#

v  149.2100 4.0354 58.1975
v  149.2100 4.7393 58.9014
v  149.2100 5.4432 58.1975
v  149.2100 4.7393 57.4936
v  149.1592 4.7393 58.9014
v  149.1592 5.4432 58.1975
v  149.1592 4.0354 58.1975
v  149.1592 4.7393 57.4936
v  149.1084 4.7393 58.9014
v  149.1084 5.4432 58.1975
v  149.1084 4.0354 58.1975
v  149.1084 4.7393 57.4936
v  149.0576 4.7393 58.9014
v  149.0576 5.4432 58.1975
v  149.0576 4.0354 58.1975
v  149.0576 4.7393 57.4936
v  149.0068 4.7393 58.9014
v  149.0068 5.4432 58.1975
v  149.0068 4.0354 58.1975
v  149.0068 4.7393 57.4936
v  148.9560 4.7393 58.9014
v  148.9560 5.4432 58.1975
v  148.9560 4.0354 58.1975
v  148.9560 4.7393 57.4936
# 24 vertices

vn 1.0000 -0.0000 0.0000
vn 0.0000 1.0000 -0.0000
vn -0.0000 0.0000 1.0000
vn -0.0000 -1.0000 0.0000
vn 0.0000 -0.0000 -1.0000
vn -1.0000 0.0000 -0.0000
# 6 vertex normals

vt 0.2500 0.0000 1.0000
vt 0.0000 0.0000 1.0000
vt -0.2500 0.0000 1.0000
vt 0.7500 0.0000 1.0000
vt 0.5000 0.0000 1.0000
vt 0.0000 0.2000 1.0000
vt -0.2500 0.2000 1.0000
vt 0.2500 0.2000 1.0000
vt 0.5000 0.2000 1.0000
vt 0.7500 0.2000 1.0000
vt 0.0000 0.4000 1.0000
vt -0.2500 0.4000 1.0000
vt 0.2500 0.4000 1.0000
vt 0.5000 0.4000 1.0000
vt 0.7500 0.4000 1.0000
vt 0.0000 0.6000 1.0000
vt -0.2500 0.6000 1.0000
vt 0.2500 0.6000 1.0000
vt 0.5000 0.6000 1.0000
vt 0.7500 0.6000 1.0000
vt 0.0000 0.8000 1.0000
vt -0.2500 0.8000 1.0000
vt 0.2500 0.8000 1.0000
vt 0.5000 0.8000 1.0000
vt 0.7500 0.8000 1.0000
vt 0.0000 1.0000 1.0000
vt -0.2500 1.0000 1.0000
vt 0.2500 1.0000 1.0000
vt 0.5000 1.0000 1.0000
vt 0.7500 1.0000 1.0000
vt 1.0000 1.0000 -1.0000
# 31 texture coords

g Cylinder181
usemtl 03___Defaulttyi
s 1
f 4117/3069/1186 4116/3068/1186 4115/3067/1186 
f 4115/3067/1186 4118/3071/1186 4117/3070/1186 
s 8
f 4120/3073/1187 4119/3072/1188 4116/3068/1188 4117/3069/1187 
f 4119/3072/1188 4121/3074/1189 4115/3067/1189 4116/3068/1188 
f 4121/3074/1189 4122/3075/1190 4118/3071/1190 4115/3067/1189 
f 4122/3075/1190 4120/3076/1187 4117/3070/1187 4118/3071/1190 
f 4124/3078/1187 4123/3077/1188 4119/3072/1188 4120/3073/1187 
f 4123/3077/1188 4125/3079/1189 4121/3074/1189 4119/3072/1188 
f 4125/3079/1189 4126/3080/1190 4122/3075/1190 4121/3074/1189 
f 4126/3080/1190 4124/3081/1187 4120/3076/1187 4122/3075/1190 
f 4128/3083/1187 4127/3082/1188 4123/3077/1188 4124/3078/1187 
f 4127/3082/1188 4129/3084/1189 4125/3079/1189 4123/3077/1188 
f 4129/3084/1189 4130/3085/1190 4126/3080/1190 4125/3079/1189 
f 4130/3085/1190 4128/3086/1187 4124/3081/1187 4126/3080/1190 
f 4132/3088/1187 4131/3087/1188 4127/3082/1188 4128/3083/1187 
f 4131/3087/1188 4133/3089/1189 4129/3084/1189 4127/3082/1188 
f 4133/3089/1189 4134/3090/1190 4130/3085/1190 4129/3084/1189 
f 4134/3090/1190 4132/3091/1187 4128/3086/1187 4130/3085/1190 
f 4136/3093/1187 4135/3092/1188 4131/3087/1188 4132/3088/1187 
f 4135/3092/1188 4137/3094/1189 4133/3089/1189 4131/3087/1188 
f 4137/3094/1189 4138/3095/1190 4134/3090/1190 4133/3089/1189 
f 4138/3095/1190 4136/3096/1187 4132/3091/1187 4134/3090/1190 
s 1
f 4135/3092/1191 4136/3093/1191 4138/3097/1191 
f 4138/3095/1191 4137/3094/1191 4135/3092/1191 
# 20 polygons - 4 triangles

#
# object Box439
#

v  145.9215 -1.0135 60.1853
v  145.9215 -1.0134 90.4808
v  147.1915 -1.0134 90.4808
v  147.1915 -1.0135 60.1853
v  145.9215 19.3065 60.1853
v  147.1915 19.3065 60.1853
v  147.1915 19.3065 90.4808
v  145.9215 19.3065 90.4808
# 8 vertices

vn -0.0000 -1.0000 0.0000
vn 0.0000 1.0000 -0.0000
vn 0.0000 -0.0000 -1.0000
vn -0.0000 -0.0000 -1.0000
vn 1.0000 -0.0000 0.0000
vn 0.0000 0.0000 1.0000
vn -1.0000 0.0000 -0.0000
# 7 vertex normals

vt 1.0000 0.0000 0.0000
vt 1.0000 1.0000 0.0000
vt 0.0000 1.0000 0.0000
vt 0.0000 0.0000 0.0000
# 4 texture coords

g Box439
usemtl 01___Default
s 2
f 4142/3101/1192 4141/3100/1192 4140/3099/1192 4139/3098/1192 
usemtl tfg
s 4
f 4146/3100/1193 4145/3099/1193 4144/3098/1193 4143/3101/1193 
s 8
f 4143/3100/1195 4144/3099/1195 4142/3098/1194 4139/3101/1194 
usemtl 01___Default
s 16
f 4144/3100/1196 4145/3099/1196 4141/3098/1196 4142/3101/1196 
s 32
f 4145/3100/1197 4146/3099/1197 4140/3098/1197 4141/3101/1197 
usemtl h
s 64
f 4146/3100/1198 4143/3099/1198 4139/3098/1198 4140/3101/1198 
# 6 polygons

#
# object Box440
#

v  143.3470 -0.3820 89.6355
v  143.3470 -0.3820 90.8924
v  144.6039 -0.3820 90.8924
v  144.6039 -0.3820 89.6355
v  145.8608 -0.3820 90.8924
v  145.8608 -0.3820 89.6355
v  147.1177 -0.3820 90.8924
v  147.1177 -0.3820 89.6355
v  143.3470 -0.3820 92.1494
v  144.6039 -0.3820 92.1494
v  145.8608 -0.3820 92.1494
v  147.1177 -0.3820 92.1494
v  143.3470 -0.3820 93.4063
v  144.6039 -0.3820 93.4063
v  145.8608 -0.3820 93.4063
v  147.1178 -0.3820 93.4063
v  143.3470 19.3278 89.6355
v  144.6039 19.3278 89.6355
v  144.6039 19.3278 90.8925
v  143.3470 19.3278 90.8925
v  145.8608 19.3278 89.6355
v  145.8608 19.3278 90.8925
v  147.1178 19.3278 89.6355
v  147.1178 19.3278 90.8925
v  144.6039 19.3278 92.1494
v  143.3470 19.3278 92.1494
v  145.8608 19.3278 92.1494
v  147.1178 19.3278 92.1494
v  144.6039 19.3278 93.4063
v  143.3470 19.3278 93.4063
v  145.8608 19.3278 93.4063
v  147.1178 19.3278 93.4063
v  144.6039 8.2543 89.6355
v  143.3470 8.2543 89.6355
v  144.6039 -0.3820 89.1919
v  145.8608 -0.3820 89.1919
v  145.8608 8.2543 89.1919
v  144.6039 8.2543 89.1919
v  147.1178 8.2543 89.6355
v  145.8608 8.2543 89.6355
v  145.8608 19.3278 89.1919
v  144.6039 19.3278 89.1919
v  147.1178 8.2543 90.8925
v  147.5614 -0.3820 90.8924
v  147.5614 -0.3820 92.1494
v  147.5614 8.2543 92.1494
v  147.5614 8.2543 90.8925
v  147.1178 8.2543 93.4063
v  147.1178 8.2543 92.1494
v  147.5614 19.3278 92.1494
v  147.5614 19.3278 90.8925
v  145.8608 8.2543 93.4063
v  145.8608 -0.3820 93.8499
v  144.6039 -0.3820 93.8499
v  144.6039 8.2543 93.8499
v  145.8608 8.2543 93.8499
v  143.3470 8.2543 93.4063
v  144.6039 8.2543 93.4063
v  144.6039 19.3278 93.8499
v  145.8608 19.3278 93.8499
v  143.3470 8.2543 92.1494
v  139.3355 -0.3820 92.1494
v  139.3355 -0.3820 90.8924
v  139.3355 8.2543 90.8925
v  139.3355 8.2543 92.1494
v  143.3470 8.2543 90.8925
v  142.9034 19.3278 90.8925
v  142.9034 19.3278 92.1494
# 68 vertices

vn -0.0000 -1.0000 -0.0000
vn 0.0000 1.0000 0.0000
vn -0.0000 0.0000 -1.0000
vn 1.0000 -0.0000 -0.0000
vn 1.0000 0.0000 -0.0000
vn 0.0000 -0.0000 1.0000
vn -1.0000 -0.0000 0.0000
vn -0.9879 0.1552 0.0000
vn -0.9518 0.3067 0.0000
vn -1.0000 0.0000 0.0000
vn 0.0000 -1.0000 -0.0000
vn 0.0000 0.0000 -1.0000
# 12 vertex normals

vt 1.0000 0.0000 0.0000
vt 1.0000 0.3333 0.0000
vt 0.6667 0.3333 0.0000
vt 0.6667 0.0000 0.0000
vt 0.3333 0.3333 0.0000
vt 0.3333 0.0000 0.0000
vt -0.0000 0.3333 0.0000
vt -0.0000 0.0000 0.0000
vt 1.0000 0.6667 0.0000
vt 0.6667 0.6667 0.0000
vt 0.3333 0.6667 0.0000
vt -0.0000 0.6667 0.0000
vt 1.0000 1.0000 0.0000
vt 0.6667 1.0000 0.0000
vt 0.3333 1.0000 0.0000
vt -0.0000 1.0000 0.0000
vt 0.0000 0.0000 0.0000
vt 0.0000 0.3333 0.0000
vt 0.0000 0.6667 0.0000
vt 0.0000 1.0000 0.0000
vt 0.3333 0.5000 0.0000
vt 0.0000 0.5000 0.0000
vt 0.6667 0.5000 0.0000
vt 1.0000 0.5000 0.0000
# 24 texture coords

g Box440
usemtl xdgh
s 2
f 4150/3105/1199 4149/3104/1199 4148/3103/1199 4147/3102/1199 
f 4152/3107/1199 4151/3106/1199 4149/3104/1199 4150/3105/1199 
f 4154/3109/1199 4153/3108/1199 4151/3106/1199 4152/3107/1199 
f 4149/3104/1199 4156/3111/1199 4155/3110/1199 4148/3103/1199 
f 4151/3106/1199 4157/3112/1199 4156/3111/1199 4149/3104/1199 
f 4153/3108/1199 4158/3113/1199 4157/3112/1199 4151/3106/1199 
f 4156/3111/1199 4160/3115/1199 4159/3114/1199 4155/3110/1199 
f 4157/3112/1199 4161/3116/1199 4160/3115/1199 4156/3111/1199 
f 4158/3113/1199 4162/3117/1199 4161/3116/1199 4157/3112/1199 
s 4
f 4166/3119/1200 4165/3106/1200 4164/3107/1200 4163/3118/1200 
f 4165/3106/1200 4168/3104/1200 4167/3105/1200 4164/3107/1200 
f 4168/3104/1200 4170/3103/1200 4169/3102/1200 4167/3105/1200 
f 4172/3120/1200 4171/3112/1200 4165/3106/1200 4166/3119/1200 
f 4171/3112/1200 4173/3111/1200 4168/3104/1200 4165/3106/1200 
f 4173/3111/1200 4174/3110/1200 4170/3103/1200 4168/3104/1200 
f 4176/3121/1200 4175/3116/1200 4171/3112/1200 4172/3120/1200 
f 4175/3116/1200 4177/3115/1200 4173/3111/1200 4171/3112/1200 
f 4177/3115/1200 4178/3114/1200 4174/3110/1200 4173/3111/1200 
s 8
f 4180/3123/1201 4179/3122/1201 4150/3107/1201 4147/3118/1201 
f 4184/3122/1201 4183/3124/1201 4182/3105/1201 4181/3107/1201 
f 4186/3124/1201 4185/3125/1201 4154/3102/1201 4152/3105/1201 
f 4163/3121/1201 4164/3116/1201 4179/3122/1201 4180/3123/1201 
f 4188/3116/1201 4187/3115/1201 4183/3124/1201 4184/3122/1201 
f 4167/3115/1201 4169/3114/1201 4185/3125/1201 4186/3124/1201 
s 16
f 4185/3123/1202 4189/3122/1202 4153/3107/1202 4154/3118/1202 
f 4193/3122/1202 4192/3124/1202 4191/3105/1202 4190/3107/1202 
f 4195/3124/1202 4194/3125/1202 4162/3102/1202 4158/3105/1202 
f 4169/3121/1202 4170/3116/1202 4189/3122/1202 4185/3123/1202 
f 4197/3116/1203 4196/3115/1203 4192/3124/1202 4193/3122/1202 
f 4174/3115/1202 4178/3114/1202 4194/3125/1202 4195/3124/1202 
s 32
f 4194/3123/1204 4198/3122/1204 4161/3107/1204 4162/3118/1204 
f 4202/3122/1204 4201/3124/1204 4200/3105/1204 4199/3107/1204 
f 4204/3124/1204 4203/3125/1204 4159/3102/1204 4160/3105/1204 
f 4178/3121/1204 4177/3116/1204 4198/3122/1204 4194/3123/1204 
f 4206/3116/1204 4205/3115/1204 4201/3124/1204 4202/3122/1204 
f 4175/3115/1204 4176/3114/1204 4203/3125/1204 4204/3124/1204 
s 64
f 4203/3123/1205 4207/3122/1205 4155/3107/1205 4159/3118/1205 
f 4211/3122/1206 4210/3124/1206 4209/3105/1205 4208/3107/1205 
f 4212/3124/1205 4180/3125/1205 4147/3102/1205 4148/3105/1205 
f 4176/3121/1205 4172/3116/1205 4207/3122/1205 4203/3123/1205 
f 4214/3116/1207 4213/3115/1207 4210/3124/1206 4211/3122/1206 
f 4166/3115/1205 4163/3114/1205 4180/3125/1205 4212/3124/1205 
s off
f 4181/3107/1199 4182/3105/1199 4152/3107/1199 4150/3105/1199 
usemtl tfg
f 4182/3105/1202 4183/3124/1202 4186/3124/1202 4152/3105/1202 
f 4183/3124/1203 4187/3115/1203 4167/3115/1203 4186/3124/1203 
usemtl xdgh
f 4187/3115/1200 4188/3116/1200 4164/3107/1200 4167/3105/1200 
usemtl tfg
f 4188/3116/1205 4184/3122/1205 4179/3122/1205 4164/3116/1205 
f 4184/3122/1208 4181/3107/1208 4150/3107/1208 4179/3122/1208 
usemtl xdgh
f 4190/3107/1199 4191/3105/1199 4158/3113/1199 4153/3108/1199 
usemtl tfg
f 4191/3105/1204 4192/3124/1204 4195/3124/1204 4158/3105/1204 
f 4192/3124/1204 4196/3115/1204 4174/3115/1204 4195/3124/1204 
usemtl xdgh
f 4196/3115/1200 4197/3116/1200 4170/3103/1200 4174/3110/1200 
usemtl tfg
f 4197/3116/1201 4193/3122/1201 4189/3122/1201 4170/3116/1201 
f 4193/3122/1201 4190/3107/1201 4153/3107/1201 4189/3122/1201 
usemtl xdgh
f 4199/3107/1199 4200/3105/1199 4160/3115/1199 4161/3116/1199 
usemtl tfg
f 4200/3105/1208 4201/3124/1208 4204/3124/1208 4160/3105/1208 
f 4201/3124/1205 4205/3115/1205 4175/3115/1205 4204/3124/1205 
usemtl xdgh
f 4205/3115/1200 4206/3116/1200 4177/3115/1200 4175/3116/1200 
usemtl tfg
f 4206/3116/1203 4202/3122/1203 4198/3122/1203 4177/3116/1203 
f 4202/3122/1202 4199/3107/1202 4161/3107/1202 4198/3122/1202 
usemtl xdgh
f 4208/3107/1209 4209/3105/1209 4148/3103/1209 4155/3110/1209 
usemtl tfg
f 4209/3105/1210 4210/3124/1210 4212/3124/1210 4148/3105/1210 
f 4210/3124/1201 4213/3115/1201 4166/3115/1201 4212/3124/1201 
usemtl xdgh
f 4213/3115/1200 4214/3116/1200 4172/3120/1200 4166/3119/1200 
usemtl tfg
f 4214/3116/1204 4211/3122/1204 4207/3122/1204 4172/3116/1204 
f 4211/3122/1204 4208/3107/1204 4155/3107/1204 4207/3122/1204 
# 66 polygons

#
# object Box429
#

v  56.4542 9.7792 61.6386
v  55.1973 9.7792 61.6386
v  55.1973 9.7792 60.3817
v  56.4542 9.7792 60.3817
v  55.1973 9.7792 59.1248
v  56.4542 9.7792 59.1248
v  55.1973 9.7792 57.8678
v  56.4542 9.7792 57.8678
v  53.9404 9.7792 61.6386
v  53.9404 9.7792 60.3817
v  53.9404 9.7792 59.1248
v  53.9404 9.7792 57.8678
v  52.6835 9.7792 61.6386
v  52.6835 9.7792 60.3817
v  52.6835 9.7792 59.1248
v  52.6835 9.7792 57.8678
v  56.4542 28.1890 61.6386
v  56.4542 28.1890 60.3817
v  55.1973 28.1890 60.3817
v  55.1973 28.1890 61.6386
v  56.4542 28.1890 59.1248
v  55.1973 28.1890 59.1248
v  56.4542 28.1890 57.8678
v  55.1973 28.1890 57.8678
v  53.9404 28.1890 60.3817
v  53.9404 28.1890 61.6386
v  53.9404 28.1890 59.1248
v  53.9404 28.1890 57.8678
v  52.6835 28.1890 60.3817
v  52.6835 28.1890 61.6386
v  52.6835 28.1890 59.1248
v  52.6835 28.1890 57.8678
v  56.4542 17.1156 60.3817
v  56.4542 17.1156 61.6386
v  56.8978 9.7792 60.3817
v  56.8978 9.7792 59.1248
v  56.8978 17.1156 59.1248
v  56.8978 17.1156 60.3817
v  56.4542 17.1156 57.8678
v  56.4542 17.1156 59.1248
v  56.8978 28.1890 59.1248
v  56.8978 28.1890 60.3817
v  55.1973 17.1156 57.8678
v  55.1973 9.7792 57.4242
v  53.9404 9.7792 57.4242
v  53.9404 17.1156 57.4242
v  55.1973 17.1156 57.4242
v  52.6835 17.1156 57.8678
v  53.9404 17.1156 57.8678
v  53.9404 28.1890 57.4242
v  55.1973 28.1890 57.4242
v  52.6835 17.1156 59.1248
v  52.2398 9.7792 59.1248
v  52.2398 9.7792 60.3817
v  52.2398 17.1156 60.3817
v  52.2398 17.1156 59.1248
v  52.6835 17.1156 61.6386
v  52.6835 17.1156 60.3817
v  52.2398 28.1890 60.3817
v  52.2398 28.1890 59.1248
v  53.9404 17.1156 61.6386
v  53.9404 9.7792 62.0822
v  55.1973 9.7792 62.0822
v  55.1973 17.1156 62.0822
v  53.9404 17.1156 62.0822
v  55.1973 17.1156 61.6386
v  55.1973 28.1890 62.0822
v  53.9404 28.1890 62.0822
# 68 vertices

vn 0.0000 -1.0000 -0.0000
vn 0.0000 1.0000 -0.0000
vn 1.0000 -0.0000 -0.0000
vn 1.0000 0.0000 -0.0000
vn -0.0000 -0.0000 -1.0000
vn -0.0000 0.0000 -1.0000
vn -1.0000 -0.0000 0.0000
vn -1.0000 0.0000 0.0000
vn 0.0000 -0.0000 1.0000
vn 0.0000 0.0000 1.0000
vn -0.0000 -0.0000 1.0000
vn 1.0000 -0.0000 0.0000
# 12 vertex normals

vt 1.0000 0.0000 0.0000
vt 1.0000 0.3333 0.0000
vt 0.6667 0.3333 0.0000
vt 0.6667 0.0000 0.0000
vt 0.3333 0.3333 0.0000
vt 0.3333 0.0000 0.0000
vt -0.0000 0.3333 0.0000
vt -0.0000 0.0000 0.0000
vt 1.0000 0.6667 0.0000
vt 0.6667 0.6667 0.0000
vt 0.3333 0.6667 0.0000
vt -0.0000 0.6667 0.0000
vt 1.0000 1.0000 0.0000
vt 0.6667 1.0000 0.0000
vt 0.3333 1.0000 0.0000
vt -0.0000 1.0000 0.0000
vt 0.0000 0.0000 0.0000
vt 0.0000 0.3333 0.0000
vt 0.0000 0.6667 0.0000
vt 0.0000 1.0000 0.0000
vt 0.3333 0.5000 0.0000
vt 0.0000 0.5000 0.0000
vt 0.6667 0.5000 0.0000
vt 1.0000 0.5000 0.0000
# 24 texture coords

g Box429
usemtl xdgh
s 2
f 4215/3126/1211 4216/3127/1211 4217/3128/1211 4218/3129/1211 
f 4218/3129/1211 4217/3128/1211 4219/3130/1211 4220/3131/1211 
f 4220/3131/1211 4219/3130/1211 4221/3132/1211 4222/3133/1211 
f 4216/3127/1211 4223/3134/1211 4224/3135/1211 4217/3128/1211 
f 4217/3128/1211 4224/3135/1211 4225/3136/1211 4219/3130/1211 
f 4219/3130/1211 4225/3136/1211 4226/3137/1211 4221/3132/1211 
f 4223/3134/1211 4227/3138/1211 4228/3139/1211 4224/3135/1211 
f 4224/3135/1211 4228/3139/1211 4229/3140/1211 4225/3136/1211 
f 4225/3136/1211 4229/3140/1211 4230/3141/1211 4226/3137/1211 
s 4
f 4231/3142/1212 4232/3131/1212 4233/3130/1212 4234/3143/1212 
f 4232/3131/1212 4235/3129/1212 4236/3128/1212 4233/3130/1212 
f 4235/3129/1212 4237/3126/1212 4238/3127/1212 4236/3128/1212 
f 4234/3143/1212 4233/3130/1212 4239/3136/1212 4240/3144/1212 
f 4233/3130/1212 4236/3128/1212 4241/3135/1212 4239/3136/1212 
f 4236/3128/1212 4238/3127/1212 4242/3134/1212 4241/3135/1212 
f 4240/3144/1212 4239/3136/1212 4243/3140/1212 4244/3145/1212 
f 4239/3136/1212 4241/3135/1212 4245/3139/1212 4243/3140/1212 
f 4241/3135/1212 4242/3134/1212 4246/3138/1212 4245/3139/1212 
s 8
f 4215/3142/1213 4218/3131/1213 4247/3146/1213 4248/3147/1213 
f 4249/3131/1213 4250/3129/1213 4251/3148/1213 4252/3146/1213 
f 4220/3129/1213 4222/3126/1213 4253/3149/1213 4254/3148/1213 
f 4248/3147/1213 4247/3146/1213 4232/3140/1213 4231/3145/1213 
f 4252/3146/1213 4251/3148/1213 4255/3139/1214 4256/3140/1214 
f 4254/3148/1213 4253/3149/1213 4237/3138/1213 4235/3139/1213 
s 16
f 4222/3142/1215 4221/3131/1215 4257/3146/1215 4253/3147/1215 
f 4258/3131/1215 4259/3129/1215 4260/3148/1215 4261/3146/1215 
f 4226/3129/1215 4230/3126/1215 4262/3149/1215 4263/3148/1215 
f 4253/3147/1215 4257/3146/1215 4238/3140/1215 4237/3145/1215 
f 4261/3146/1215 4260/3148/1215 4264/3139/1216 4265/3140/1216 
f 4263/3148/1215 4262/3149/1215 4246/3138/1215 4242/3139/1215 
s 32
f 4230/3142/1217 4229/3131/1217 4266/3146/1217 4262/3147/1217 
f 4267/3131/1217 4268/3129/1217 4269/3148/1217 4270/3146/1217 
f 4228/3129/1217 4227/3126/1217 4271/3149/1217 4272/3148/1217 
f 4262/3147/1217 4266/3146/1217 4245/3140/1217 4246/3145/1217 
f 4270/3146/1217 4269/3148/1217 4273/3139/1218 4274/3140/1218 
f 4272/3148/1217 4271/3149/1217 4244/3138/1217 4243/3139/1217 
s 64
f 4227/3142/1219 4223/3131/1219 4275/3146/1219 4271/3147/1219 
f 4276/3131/1219 4277/3129/1219 4278/3148/1219 4279/3146/1219 
f 4216/3129/1219 4215/3126/1219 4248/3149/1219 4280/3148/1219 
f 4271/3147/1219 4275/3146/1219 4240/3140/1219 4244/3145/1219 
f 4279/3146/1219 4278/3148/1219 4281/3139/1220 4282/3140/1220 
f 4280/3148/1219 4248/3149/1219 4231/3138/1219 4234/3139/1219 
s off
f 4218/3129/1211 4220/3131/1211 4250/3129/1211 4249/3131/1211 
usemtl tfg
f 4220/3129/1215 4254/3148/1215 4251/3148/1215 4250/3129/1215 
f 4254/3148/1216 4235/3139/1216 4255/3139/1216 4251/3148/1216 
usemtl xdgh
f 4235/3129/1212 4232/3131/1212 4256/3140/1212 4255/3139/1212 
usemtl tfg
f 4232/3140/1221 4247/3146/1221 4252/3146/1221 4256/3140/1221 
f 4247/3146/1220 4218/3131/1220 4249/3131/1220 4252/3146/1220 
usemtl xdgh
f 4221/3132/1211 4226/3137/1211 4259/3129/1211 4258/3131/1211 
usemtl tfg
f 4226/3129/1217 4263/3148/1217 4260/3148/1217 4259/3129/1217 
f 4263/3148/1218 4242/3139/1218 4264/3139/1218 4260/3148/1218 
usemtl xdgh
f 4242/3134/1212 4238/3127/1212 4265/3140/1212 4264/3139/1212 
usemtl tfg
f 4238/3140/1222 4257/3146/1222 4261/3146/1222 4265/3140/1222 
f 4257/3146/1214 4221/3131/1214 4258/3131/1214 4261/3146/1214 
usemtl xdgh
f 4229/3140/1211 4228/3139/1211 4268/3129/1211 4267/3131/1211 
usemtl tfg
f 4228/3129/1220 4272/3148/1220 4269/3148/1220 4268/3129/1220 
f 4272/3148/1219 4243/3139/1219 4273/3139/1219 4269/3148/1219 
usemtl xdgh
f 4243/3140/1212 4245/3139/1212 4274/3140/1212 4273/3139/1212 
usemtl tfg
f 4245/3140/1216 4266/3146/1216 4270/3146/1216 4274/3140/1216 
f 4266/3146/1215 4229/3131/1215 4267/3131/1215 4270/3146/1215 
usemtl xdgh
f 4223/3134/1211 4216/3127/1211 4277/3129/1211 4276/3131/1211 
usemtl tfg
f 4216/3129/1214 4280/3148/1214 4278/3148/1214 4277/3129/1214 
f 4280/3148/1213 4234/3139/1213 4281/3139/1213 4278/3148/1213 
usemtl xdgh
f 4234/3143/1212 4240/3144/1212 4282/3140/1212 4281/3139/1212 
usemtl tfg
f 4240/3140/1218 4275/3146/1218 4279/3146/1218 4282/3140/1218 
f 4275/3146/1217 4223/3131/1217 4276/3131/1217 4279/3146/1217 
# 66 polygons

#
# object Box430
#

v  56.6008 28.6128 61.8101
v  52.5368 28.6128 61.8101
v  52.5368 28.6128 57.7461
v  56.6008 28.6128 57.7461
v  56.6008 29.4122 61.8101
v  56.6008 29.4122 57.7461
v  52.5368 29.4122 57.7461
v  52.5368 29.4122 61.8101
v  56.9818 28.1429 62.1911
v  52.1558 28.1429 62.1911
v  52.1558 28.1429 57.3651
v  56.9818 28.1429 57.3651
v  56.9818 28.6509 62.1911
v  56.9818 28.6509 57.3651
v  52.1558 28.6509 57.3651
v  52.1558 28.6509 62.1911
# 16 vertices

vn 0.0000 -1.0000 -0.0000
vn 0.0000 1.0000 -0.0000
vn 1.0000 0.0000 -0.0000
vn -0.0000 0.0000 -1.0000
vn -1.0000 0.0000 0.0000
vn 0.0000 0.0000 1.0000
# 6 vertex normals

vt 1.0000 0.0000 0.0000
vt 1.0000 1.0000 0.0000
vt 0.0000 1.0000 0.0000
vt 0.0000 0.0000 0.0000
# 4 texture coords

g Box430
usemtl tfg
s 2
f 4283/3150/1223 4284/3151/1223 4285/3152/1223 4286/3153/1223 
usemtl xdgh
s 4
f 4287/3153/1224 4288/3150/1224 4289/3151/1224 4290/3152/1224 
usemtl tfg
s 8
f 4283/3153/1225 4286/3150/1225 4288/3151/1225 4287/3152/1225 
s 16
f 4286/3153/1226 4285/3150/1226 4289/3151/1226 4288/3152/1226 
s 32
f 4285/3153/1227 4284/3150/1227 4290/3151/1227 4289/3152/1227 
s 64
f 4284/3153/1228 4283/3150/1228 4287/3151/1228 4290/3152/1228 
s 2
f 4291/3150/1223 4292/3151/1223 4293/3152/1223 4294/3153/1223 
s 4
f 4295/3153/1224 4296/3150/1224 4297/3151/1224 4298/3152/1224 
s 8
f 4291/3153/1225 4294/3150/1225 4296/3151/1225 4295/3152/1225 
s 16
f 4294/3153/1226 4293/3150/1226 4297/3151/1226 4296/3152/1226 
s 32
f 4293/3153/1227 4292/3150/1227 4298/3151/1227 4297/3152/1227 
s 64
f 4292/3153/1228 4291/3150/1228 4295/3151/1228 4298/3152/1228 
# 12 polygons

#
# object Box431
#

v  56.7468 -0.3273 61.9745
v  55.3075 -0.3273 61.9745
v  55.3075 -0.3273 60.5351
v  56.7468 -0.3273 60.5351
v  55.3075 -0.3273 59.0958
v  56.7468 -0.3273 59.0958
v  55.3075 -0.3273 57.6565
v  56.7468 -0.3273 57.6565
v  53.8681 -0.3273 61.9745
v  53.8681 -0.3273 60.5351
v  53.8681 -0.3273 59.0958
v  53.8681 -0.3273 57.6565
v  52.4288 -0.3273 61.9745
v  52.4288 -0.3273 60.5351
v  52.4288 -0.3273 59.0958
v  52.4288 -0.3273 57.6565
v  56.7468 9.8327 61.9745
v  56.7468 9.8327 60.5351
v  55.3075 9.8327 60.5351
v  55.3075 9.8327 61.9745
v  56.7468 9.8327 59.0958
v  55.3075 9.8327 59.0958
v  56.7468 9.8327 57.6565
v  55.3075 9.8327 57.6565
v  53.8681 9.8327 60.5351
v  53.8681 9.8327 61.9745
v  53.8681 9.8327 59.0958
v  53.8681 9.8327 57.6565
v  52.4288 9.8327 60.5351
v  52.4288 9.8327 61.9745
v  52.4288 9.8327 59.0958
v  52.4288 9.8327 57.6565
v  56.7468 4.7527 60.5351
v  56.7468 4.7527 61.9745
v  60.4849 -0.3273 60.5351
v  60.4849 -0.3273 59.0958
v  60.4849 4.7527 59.0958
v  60.4849 4.7527 60.5351
v  56.7468 4.7527 57.6565
v  56.7468 4.7527 59.0958
v  57.2548 9.8327 59.0958
v  57.2548 9.8327 60.5351
v  55.3075 4.7527 57.6565
v  55.3075 -0.3273 57.1485
v  53.8681 -0.3273 57.1485
v  53.8681 4.7527 57.1485
v  55.3075 4.7527 57.1485
v  52.4288 4.7527 57.6565
v  53.8681 4.7527 57.6565
v  53.8681 9.8327 57.1485
v  55.3075 9.8327 57.1485
v  52.4288 4.7527 59.0958
v  51.9208 -0.3273 59.0958
v  51.9208 -0.3273 60.5351
v  51.9208 4.7527 60.5351
v  51.9208 4.7527 59.0958
v  52.4288 4.7527 61.9745
v  52.4288 4.7527 60.5351
v  51.9208 9.8327 60.5351
v  51.9208 9.8327 59.0958
v  53.8681 4.7527 61.9745
v  53.8681 -0.3273 62.4825
v  55.3075 -0.3273 62.4825
v  55.3075 4.7527 62.4825
v  53.8681 4.7527 62.4825
v  55.3075 4.7527 61.9745
v  55.3075 9.8327 62.4825
v  53.8681 9.8327 62.4825
# 68 vertices

vn 0.0000 -1.0000 -0.0000
vn 0.0000 1.0000 -0.0000
vn 1.0000 0.0000 -0.0000
vn 0.9602 0.2794 -0.0000
vn 0.8439 0.5366 -0.0000
vn -0.0000 0.0000 -1.0000
vn -0.0000 -0.0000 -1.0000
vn -1.0000 0.0000 0.0000
vn -1.0000 -0.0000 0.0000
vn 0.0000 0.0000 1.0000
vn 0.0000 0.0000 -1.0000
vn -0.0000 0.0000 1.0000
vn 0.0000 -0.0000 1.0000
vn 1.0000 -0.0000 -0.0000
# 14 vertex normals

vt 1.0000 0.0000 0.0000
vt 1.0000 0.3333 0.0000
vt 0.6667 0.3333 0.0000
vt 0.6667 0.0000 0.0000
vt 0.3333 0.3333 0.0000
vt 0.3333 0.0000 0.0000
vt -0.0000 0.3333 0.0000
vt -0.0000 0.0000 0.0000
vt 1.0000 0.6667 0.0000
vt 0.6667 0.6667 0.0000
vt 0.3333 0.6667 0.0000
vt -0.0000 0.6667 0.0000
vt 1.0000 1.0000 0.0000
vt 0.6667 1.0000 0.0000
vt 0.3333 1.0000 0.0000
vt -0.0000 1.0000 0.0000
vt 0.0000 0.0000 0.0000
vt 0.0000 0.3333 0.0000
vt 0.0000 0.6667 0.0000
vt 0.0000 1.0000 0.0000
vt 0.3333 0.5000 0.0000
vt 0.0000 0.5000 0.0000
vt 0.6667 0.5000 0.0000
vt 1.0000 0.5000 0.0000
# 24 texture coords

g Box431
usemtl xdgh
s 2
f 4299/3154/1229 4300/3155/1229 4301/3156/1229 4302/3157/1229 
f 4302/3157/1229 4301/3156/1229 4303/3158/1229 4304/3159/1229 
f 4304/3159/1229 4303/3158/1229 4305/3160/1229 4306/3161/1229 
f 4300/3155/1229 4307/3162/1229 4308/3163/1229 4301/3156/1229 
f 4301/3156/1229 4308/3163/1229 4309/3164/1229 4303/3158/1229 
f 4303/3158/1229 4309/3164/1229 4310/3165/1229 4305/3160/1229 
f 4307/3162/1229 4311/3166/1229 4312/3167/1229 4308/3163/1229 
f 4308/3163/1229 4312/3167/1229 4313/3168/1229 4309/3164/1229 
f 4309/3164/1229 4313/3168/1229 4314/3169/1229 4310/3165/1229 
usemtl tfg
s 4
f 4315/3170/1230 4316/3159/1230 4317/3158/1230 4318/3171/1230 
f 4316/3159/1230 4319/3157/1230 4320/3156/1230 4317/3158/1230 
f 4319/3157/1230 4321/3154/1230 4322/3155/1230 4320/3156/1230 
usemtl 03___Defaulttyi
f 4318/3171/1230 4317/3158/1230 4323/3164/1230 4324/3172/1230 
f 4317/3158/1230 4320/3156/1230 4325/3163/1230 4323/3164/1230 
usemtl tfg
f 4320/3156/1230 4322/3155/1230 4326/3162/1230 4325/3163/1230 
f 4324/3172/1230 4323/3164/1230 4327/3168/1230 4328/3173/1230 
f 4323/3164/1230 4325/3163/1230 4329/3167/1230 4327/3168/1230 
f 4325/3163/1230 4326/3162/1230 4330/3166/1230 4329/3167/1230 
usemtl xdgh
s 8
f 4299/3170/1231 4302/3159/1231 4331/3174/1231 4332/3175/1231 
f 4333/3159/1231 4334/3157/1231 4335/3176/1232 4336/3174/1232 
f 4304/3157/1231 4306/3154/1231 4337/3177/1231 4338/3176/1231 
usemtl tfg
f 4332/3175/1231 4331/3174/1231 4316/3168/1231 4315/3173/1231 
usemtl xdgh
f 4336/3174/1232 4335/3176/1232 4339/3167/1233 4340/3168/1233 
usemtl tfg
f 4338/3176/1231 4337/3177/1231 4321/3166/1231 4319/3167/1231 
usemtl xdgh
s 16
f 4306/3170/1234 4305/3159/1234 4341/3174/1234 4337/3175/1234 
f 4342/3159/1235 4343/3157/1235 4344/3176/1234 4345/3174/1234 
f 4310/3157/1234 4314/3154/1234 4346/3177/1234 4347/3176/1234 
usemtl tfg
f 4337/3175/1234 4341/3174/1234 4322/3168/1234 4321/3173/1234 
usemtl xdgh
f 4345/3174/1234 4344/3176/1234 4348/3167/1234 4349/3168/1234 
usemtl tfg
f 4347/3176/1234 4346/3177/1234 4330/3166/1234 4326/3167/1234 
usemtl xdgh
s 32
f 4314/3170/1236 4313/3159/1236 4350/3174/1236 4346/3175/1236 
f 4351/3159/1237 4352/3157/1237 4353/3176/1236 4354/3174/1236 
f 4312/3157/1236 4311/3154/1236 4355/3177/1236 4356/3176/1236 
usemtl tfg
f 4346/3175/1236 4350/3174/1236 4329/3168/1236 4330/3173/1236 
usemtl xdgh
f 4354/3174/1236 4353/3176/1236 4357/3167/1236 4358/3168/1236 
usemtl tfg
f 4356/3176/1236 4355/3177/1236 4328/3166/1236 4327/3167/1236 
usemtl xdgh
s 64
f 4311/3170/1238 4307/3159/1238 4359/3174/1238 4355/3175/1238 
f 4360/3159/1238 4361/3157/1238 4362/3176/1238 4363/3174/1238 
f 4300/3157/1238 4299/3154/1238 4332/3177/1238 4364/3176/1238 
usemtl tfg
f 4355/3175/1238 4359/3174/1238 4324/3168/1238 4328/3173/1238 
usemtl xdgh
f 4363/3174/1238 4362/3176/1238 4365/3167/1238 4366/3168/1238 
usemtl tfg
f 4364/3176/1238 4332/3177/1238 4315/3166/1238 4318/3167/1238 
usemtl xdgh
s off
f 4302/3157/1229 4304/3159/1229 4334/3157/1229 4333/3159/1229 
usemtl tfg
f 4304/3157/1239 4338/3176/1239 4335/3176/1239 4334/3157/1239 
f 4338/3176/1235 4319/3167/1235 4339/3167/1235 4335/3176/1235 
f 4319/3157/1230 4316/3159/1230 4340/3168/1230 4339/3167/1230 
f 4316/3168/1238 4331/3174/1238 4336/3174/1238 4340/3168/1238 
f 4331/3174/1240 4302/3159/1240 4333/3159/1240 4336/3174/1240 
usemtl xdgh
f 4305/3160/1229 4310/3165/1229 4343/3157/1229 4342/3159/1229 
usemtl 03___Defaulttyi
f 4310/3157/1236 4347/3176/1236 4344/3176/1236 4343/3157/1236 
usemtl tfg
f 4347/3176/1236 4326/3167/1236 4348/3167/1236 4344/3176/1236 
f 4326/3162/1230 4322/3155/1230 4349/3168/1230 4348/3167/1230 
f 4322/3168/1231 4341/3174/1231 4345/3174/1231 4349/3168/1231 
f 4341/3174/1231 4305/3159/1231 4342/3159/1231 4345/3174/1231 
usemtl xdgh
f 4313/3168/1229 4312/3167/1229 4352/3157/1229 4351/3159/1229 
usemtl 03___Defaulttyi
f 4312/3157/1238 4356/3176/1238 4353/3176/1238 4352/3157/1238 
usemtl tfg
f 4356/3176/1241 4327/3167/1241 4357/3167/1241 4353/3176/1241 
f 4327/3168/1230 4329/3167/1230 4358/3168/1230 4357/3167/1230 
f 4329/3168/1234 4350/3174/1234 4354/3174/1234 4358/3168/1234 
usemtl 03___Defaulttyi
f 4350/3174/1235 4313/3159/1235 4351/3159/1235 4354/3174/1235 
usemtl xdgh
f 4307/3162/1229 4300/3155/1229 4361/3157/1229 4360/3159/1229 
usemtl tfg
f 4300/3157/1231 4364/3176/1231 4362/3176/1231 4361/3157/1231 
f 4364/3176/1242 4318/3167/1242 4365/3167/1242 4362/3176/1242 
f 4318/3171/1230 4324/3172/1230 4366/3168/1230 4365/3167/1230 
f 4324/3168/1236 4359/3174/1236 4363/3174/1236 4366/3168/1236 
usemtl 03___Defaulttyi
f 4359/3174/1237 4307/3159/1237 4360/3159/1237 4363/3174/1237 
# 66 polygons

#
# object Box432
#

v  57.1278 4.5718 62.3555
v  52.0478 4.5718 62.3555
v  52.0478 4.5718 57.2755
v  57.1278 4.5718 57.2755
v  57.1278 4.8258 62.3555
v  57.1278 4.8258 57.2755
v  52.0478 4.8258 57.2755
v  52.0478 4.8258 62.3555
# 8 vertices

vn 0.0000 -1.0000 -0.0000
vn 0.0000 1.0000 -0.0000
vn 1.0000 0.0000 -0.0000
vn -0.0000 0.0000 -1.0000
vn -1.0000 0.0000 0.0000
vn 0.0000 0.0000 1.0000
# 6 vertex normals

vt 1.0000 0.0000 0.0000
vt 1.0000 1.0000 0.0000
vt 0.0000 1.0000 0.0000
vt 0.0000 0.0000 0.0000
# 4 texture coords

g Box432
usemtl cvj
s 2
f 4367/3178/1243 4368/3179/1243 4369/3180/1243 4370/3181/1243 
s 4
f 4371/3181/1244 4372/3178/1244 4373/3179/1244 4374/3180/1244 
s 8
f 4367/3181/1245 4370/3178/1245 4372/3179/1245 4371/3180/1245 
s 16
f 4370/3181/1246 4369/3178/1246 4373/3179/1246 4372/3180/1246 
s 32
f 4369/3181/1247 4368/3178/1247 4374/3179/1247 4373/3180/1247 
s 64
f 4368/3181/1248 4367/3178/1248 4371/3179/1248 4374/3180/1248 
# 6 polygons

#
# object Cylinder176
#

v  54.6301 4.0354 62.3850
v  53.9262 4.7393 62.3850
v  54.6301 5.4432 62.3850
v  55.3340 4.7393 62.3850
v  53.9262 4.7393 62.4358
v  54.6301 5.4432 62.4358
v  54.6301 4.0354 62.4358
v  55.3340 4.7393 62.4358
v  53.9262 4.7393 62.4866
v  54.6301 5.4432 62.4866
v  54.6301 4.0354 62.4866
v  55.3340 4.7393 62.4866
v  53.9262 4.7393 62.5374
v  54.6301 5.4432 62.5374
v  54.6301 4.0354 62.5374
v  55.3340 4.7393 62.5374
v  53.9262 4.7393 62.5882
v  54.6301 5.4432 62.5882
v  54.6301 4.0354 62.5882
v  55.3340 4.7393 62.5882
v  53.9262 4.7393 62.6390
v  54.6301 5.4432 62.6390
v  54.6301 4.0354 62.6390
v  55.3340 4.7393 62.6390
# 24 vertices

vn -0.0000 -0.0000 -1.0000
vn 0.0000 1.0000 -0.0000
vn -1.0000 0.0000 0.0000
vn -0.0000 -1.0000 0.0000
vn 1.0000 -0.0000 -0.0000
vn 0.0000 0.0000 1.0000
# 6 vertex normals

vt 0.2500 0.0000 1.0000
vt 0.0000 0.0000 1.0000
vt -0.2500 0.0000 1.0000
vt 0.7500 0.0000 1.0000
vt 0.5000 0.0000 1.0000
vt 0.0000 0.2000 1.0000
vt -0.2500 0.2000 1.0000
vt 0.2500 0.2000 1.0000
vt 0.5000 0.2000 1.0000
vt 0.7500 0.2000 1.0000
vt 0.0000 0.4000 1.0000
vt -0.2500 0.4000 1.0000
vt 0.2500 0.4000 1.0000
vt 0.5000 0.4000 1.0000
vt 0.7500 0.4000 1.0000
vt 0.0000 0.6000 1.0000
vt -0.2500 0.6000 1.0000
vt 0.2500 0.6000 1.0000
vt 0.5000 0.6000 1.0000
vt 0.7500 0.6000 1.0000
vt 0.0000 0.8000 1.0000
vt -0.2500 0.8000 1.0000
vt 0.2500 0.8000 1.0000
vt 0.5000 0.8000 1.0000
vt 0.7500 0.8000 1.0000
vt 0.0000 1.0000 1.0000
vt -0.2500 1.0000 1.0000
vt 0.2500 1.0000 1.0000
vt 0.5000 1.0000 1.0000
vt 0.7500 1.0000 1.0000
vt 1.0000 1.0000 -1.0000
# 31 texture coords

g Cylinder176
usemtl 03___Defaulttyi
s 1
f 4375/3182/1249 4376/3183/1249 4377/3184/1249 
f 4377/3185/1249 4378/3186/1249 4375/3182/1249 
s 8
f 4377/3184/1250 4376/3183/1251 4379/3187/1251 4380/3188/1250 
f 4376/3183/1251 4375/3182/1252 4381/3189/1252 4379/3187/1251 
f 4375/3182/1252 4378/3186/1253 4382/3190/1253 4381/3189/1252 
f 4378/3186/1253 4377/3185/1250 4380/3191/1250 4382/3190/1253 
f 4380/3188/1250 4379/3187/1251 4383/3192/1251 4384/3193/1250 
f 4379/3187/1251 4381/3189/1252 4385/3194/1252 4383/3192/1251 
f 4381/3189/1252 4382/3190/1253 4386/3195/1253 4385/3194/1252 
f 4382/3190/1253 4380/3191/1250 4384/3196/1250 4386/3195/1253 
f 4384/3193/1250 4383/3192/1251 4387/3197/1251 4388/3198/1250 
f 4383/3192/1251 4385/3194/1252 4389/3199/1252 4387/3197/1251 
f 4385/3194/1252 4386/3195/1253 4390/3200/1253 4389/3199/1252 
f 4386/3195/1253 4384/3196/1250 4388/3201/1250 4390/3200/1253 
f 4388/3198/1250 4387/3197/1251 4391/3202/1251 4392/3203/1250 
f 4387/3197/1251 4389/3199/1252 4393/3204/1252 4391/3202/1251 
f 4389/3199/1252 4390/3200/1253 4394/3205/1253 4393/3204/1252 
f 4390/3200/1253 4388/3201/1250 4392/3206/1250 4394/3205/1253 
f 4392/3203/1250 4391/3202/1251 4395/3207/1251 4396/3208/1250 
f 4391/3202/1251 4393/3204/1252 4397/3209/1252 4395/3207/1251 
f 4393/3204/1252 4394/3205/1253 4398/3210/1253 4397/3209/1252 
f 4394/3205/1253 4392/3206/1250 4396/3211/1250 4398/3210/1253 
s 1
f 4398/3212/1254 4396/3208/1254 4395/3207/1254 
f 4395/3207/1254 4397/3209/1254 4398/3210/1254 
# 20 polygons - 4 triangles

#
# object Box433
#

v  57.0008 -0.3273 62.2285
v  52.1748 -0.3273 62.2285
v  52.1748 -0.3273 57.4025
v  57.0008 -0.3273 57.4025
v  57.0008 0.9427 62.2285
v  57.0008 0.9427 57.4025
v  52.1748 0.9427 57.4025
v  52.1748 0.9427 62.2285
# 8 vertices

vn 0.0000 -1.0000 -0.0000
vn 0.0000 1.0000 -0.0000
vn 1.0000 0.0000 -0.0000
vn -0.0000 0.0000 -1.0000
vn -1.0000 0.0000 0.0000
vn 0.0000 0.0000 1.0000
# 6 vertex normals

vt 1.0000 0.0000 0.0000
vt 1.0000 1.0000 0.0000
vt 0.0000 1.0000 0.0000
vt 0.0000 0.0000 0.0000
# 4 texture coords

g Box433
usemtl tfg
s 2
f 4399/3213/1255 4400/3214/1255 4401/3215/1255 4402/3216/1255 
s 4
f 4403/3216/1256 4404/3213/1256 4405/3214/1256 4406/3215/1256 
s 8
f 4399/3216/1257 4402/3213/1257 4404/3214/1257 4403/3215/1257 
s 16
f 4402/3216/1258 4401/3213/1258 4405/3214/1258 4404/3215/1258 
s 32
f 4401/3216/1259 4400/3213/1259 4406/3214/1259 4405/3215/1259 
s 64
f 4400/3216/1260 4399/3213/1260 4403/3214/1260 4406/3215/1260 
# 6 polygons

#
# object Cylinder177
#

v  51.6877 4.0354 59.8001
v  51.6877 4.7393 60.5040
v  51.6877 5.4432 59.8001
v  51.6877 4.7393 59.0962
v  51.7385 4.7393 60.5040
v  51.7385 5.4432 59.8001
v  51.7385 4.0354 59.8001
v  51.7385 4.7393 59.0962
v  51.7893 4.7393 60.5040
v  51.7893 5.4432 59.8001
v  51.7893 4.0354 59.8001
v  51.7893 4.7393 59.0962
v  51.8401 4.7393 60.5040
v  51.8401 5.4432 59.8001
v  51.8401 4.0354 59.8001
v  51.8401 4.7393 59.0962
v  51.8909 4.7393 60.5040
v  51.8909 5.4432 59.8001
v  51.8909 4.0354 59.8001
v  51.8909 4.7393 59.0962
v  51.9417 4.7393 60.5040
v  51.9417 5.4432 59.8001
v  51.9417 4.0354 59.8001
v  51.9417 4.7393 59.0962
# 24 vertices

vn -1.0000 0.0000 0.0000
vn 0.0000 1.0000 -0.0000
vn 0.0000 0.0000 1.0000
vn -0.0000 -1.0000 0.0000
vn -0.0000 -0.0000 -1.0000
vn 1.0000 -0.0000 -0.0000
# 6 vertex normals

vt 0.2500 0.0000 1.0000
vt 0.0000 0.0000 1.0000
vt -0.2500 0.0000 1.0000
vt 0.7500 0.0000 1.0000
vt 0.5000 0.0000 1.0000
vt 0.0000 0.2000 1.0000
vt -0.2500 0.2000 1.0000
vt 0.2500 0.2000 1.0000
vt 0.5000 0.2000 1.0000
vt 0.7500 0.2000 1.0000
vt 0.0000 0.4000 1.0000
vt -0.2500 0.4000 1.0000
vt 0.2500 0.4000 1.0000
vt 0.5000 0.4000 1.0000
vt 0.7500 0.4000 1.0000
vt 0.0000 0.6000 1.0000
vt -0.2500 0.6000 1.0000
vt 0.2500 0.6000 1.0000
vt 0.5000 0.6000 1.0000
vt 0.7500 0.6000 1.0000
vt 0.0000 0.8000 1.0000
vt -0.2500 0.8000 1.0000
vt 0.2500 0.8000 1.0000
vt 0.5000 0.8000 1.0000
vt 0.7500 0.8000 1.0000
vt 0.0000 1.0000 1.0000
vt -0.2500 1.0000 1.0000
vt 0.2500 1.0000 1.0000
vt 0.5000 1.0000 1.0000
vt 0.7500 1.0000 1.0000
vt 1.0000 1.0000 -1.0000
# 31 texture coords

g Cylinder177
usemtl 03___Defaulttyi
s 1
f 4407/3217/1261 4408/3218/1261 4409/3219/1261 
f 4409/3220/1261 4410/3221/1261 4407/3217/1261 
s 8
f 4409/3219/1262 4408/3218/1263 4411/3222/1263 4412/3223/1262 
f 4408/3218/1263 4407/3217/1264 4413/3224/1264 4411/3222/1263 
f 4407/3217/1264 4410/3221/1265 4414/3225/1265 4413/3224/1264 
f 4410/3221/1265 4409/3220/1262 4412/3226/1262 4414/3225/1265 
f 4412/3223/1262 4411/3222/1263 4415/3227/1263 4416/3228/1262 
f 4411/3222/1263 4413/3224/1264 4417/3229/1264 4415/3227/1263 
f 4413/3224/1264 4414/3225/1265 4418/3230/1265 4417/3229/1264 
f 4414/3225/1265 4412/3226/1262 4416/3231/1262 4418/3230/1265 
f 4416/3228/1262 4415/3227/1263 4419/3232/1263 4420/3233/1262 
f 4415/3227/1263 4417/3229/1264 4421/3234/1264 4419/3232/1263 
f 4417/3229/1264 4418/3230/1265 4422/3235/1265 4421/3234/1264 
f 4418/3230/1265 4416/3231/1262 4420/3236/1262 4422/3235/1265 
f 4420/3233/1262 4419/3232/1263 4423/3237/1263 4424/3238/1262 
f 4419/3232/1263 4421/3234/1264 4425/3239/1264 4423/3237/1263 
f 4421/3234/1264 4422/3235/1265 4426/3240/1265 4425/3239/1264 
f 4422/3235/1265 4420/3236/1262 4424/3241/1262 4426/3240/1265 
f 4424/3238/1262 4423/3237/1263 4427/3242/1263 4428/3243/1262 
f 4423/3237/1263 4425/3239/1264 4429/3244/1264 4427/3242/1263 
f 4425/3239/1264 4426/3240/1265 4430/3245/1265 4429/3244/1264 
f 4426/3240/1265 4424/3241/1262 4428/3246/1262 4430/3245/1265 
s 1
f 4430/3247/1266 4428/3243/1266 4427/3242/1266 
f 4427/3242/1266 4429/3244/1266 4430/3245/1266 
# 20 polygons - 4 triangles

#
# object Cylinder178
#

v  54.6301 4.0354 56.9264
v  53.9262 4.7393 56.9264
v  54.6301 5.4432 56.9264
v  55.3340 4.7393 56.9264
v  53.9262 4.7393 56.9772
v  54.6301 5.4432 56.9772
v  54.6301 4.0354 56.9772
v  55.3340 4.7393 56.9772
v  53.9262 4.7393 57.0280
v  54.6301 5.4432 57.0280
v  54.6301 4.0354 57.0280
v  55.3340 4.7393 57.0280
v  53.9262 4.7393 57.0788
v  54.6301 5.4432 57.0788
v  54.6301 4.0354 57.0788
v  55.3340 4.7393 57.0788
v  53.9262 4.7393 57.1296
v  54.6301 5.4432 57.1296
v  54.6301 4.0354 57.1296
v  55.3340 4.7393 57.1296
v  53.9262 4.7393 57.1804
v  54.6301 5.4432 57.1804
v  54.6301 4.0354 57.1804
v  55.3340 4.7393 57.1804
# 24 vertices

vn -0.0000 -0.0000 -1.0000
vn 0.0000 1.0000 -0.0000
vn -1.0000 0.0000 0.0000
vn -0.0000 -1.0000 0.0000
vn 1.0000 -0.0000 -0.0000
vn 0.0000 0.0000 1.0000
# 6 vertex normals

vt 0.2500 0.0000 1.0000
vt 0.0000 0.0000 1.0000
vt -0.2500 0.0000 1.0000
vt 0.7500 0.0000 1.0000
vt 0.5000 0.0000 1.0000
vt 0.0000 0.2000 1.0000
vt -0.2500 0.2000 1.0000
vt 0.2500 0.2000 1.0000
vt 0.5000 0.2000 1.0000
vt 0.7500 0.2000 1.0000
vt 0.0000 0.4000 1.0000
vt -0.2500 0.4000 1.0000
vt 0.2500 0.4000 1.0000
vt 0.5000 0.4000 1.0000
vt 0.7500 0.4000 1.0000
vt 0.0000 0.6000 1.0000
vt -0.2500 0.6000 1.0000
vt 0.2500 0.6000 1.0000
vt 0.5000 0.6000 1.0000
vt 0.7500 0.6000 1.0000
vt 0.0000 0.8000 1.0000
vt -0.2500 0.8000 1.0000
vt 0.2500 0.8000 1.0000
vt 0.5000 0.8000 1.0000
vt 0.7500 0.8000 1.0000
vt 0.0000 1.0000 1.0000
vt -0.2500 1.0000 1.0000
vt 0.2500 1.0000 1.0000
vt 0.5000 1.0000 1.0000
vt 0.7500 1.0000 1.0000
vt 1.0000 1.0000 -1.0000
# 31 texture coords

g Cylinder178
usemtl 03___Defaulttyi
s 1
f 4431/3248/1267 4432/3249/1267 4433/3250/1267 
f 4433/3251/1267 4434/3252/1267 4431/3248/1267 
s 8
f 4433/3250/1268 4432/3249/1269 4435/3253/1269 4436/3254/1268 
f 4432/3249/1269 4431/3248/1270 4437/3255/1270 4435/3253/1269 
f 4431/3248/1270 4434/3252/1271 4438/3256/1271 4437/3255/1270 
f 4434/3252/1271 4433/3251/1268 4436/3257/1268 4438/3256/1271 
f 4436/3254/1268 4435/3253/1269 4439/3258/1269 4440/3259/1268 
f 4435/3253/1269 4437/3255/1270 4441/3260/1270 4439/3258/1269 
f 4437/3255/1270 4438/3256/1271 4442/3261/1271 4441/3260/1270 
f 4438/3256/1271 4436/3257/1268 4440/3262/1268 4442/3261/1271 
f 4440/3259/1268 4439/3258/1269 4443/3263/1269 4444/3264/1268 
f 4439/3258/1269 4441/3260/1270 4445/3265/1270 4443/3263/1269 
f 4441/3260/1270 4442/3261/1271 4446/3266/1271 4445/3265/1270 
f 4442/3261/1271 4440/3262/1268 4444/3267/1268 4446/3266/1271 
f 4444/3264/1268 4443/3263/1269 4447/3268/1269 4448/3269/1268 
f 4443/3263/1269 4445/3265/1270 4449/3270/1270 4447/3268/1269 
f 4445/3265/1270 4446/3266/1271 4450/3271/1271 4449/3270/1270 
f 4446/3266/1271 4444/3267/1268 4448/3272/1268 4450/3271/1271 
f 4448/3269/1268 4447/3268/1269 4451/3273/1269 4452/3274/1268 
f 4447/3268/1269 4449/3270/1270 4453/3275/1270 4451/3273/1269 
f 4449/3270/1270 4450/3271/1271 4454/3276/1271 4453/3275/1270 
f 4450/3271/1271 4448/3272/1268 4452/3277/1268 4454/3276/1271 
s 1
f 4454/3278/1272 4452/3274/1272 4451/3273/1272 
f 4451/3273/1272 4453/3275/1272 4454/3276/1272 
# 20 polygons - 4 triangles

#
# object Box426
#

v  49.4343 -0.3273 68.5599
v  47.9950 -0.3273 68.5599
v  47.9950 -0.3273 67.1206
v  49.4343 -0.3273 67.1206
v  47.9950 -0.3273 65.6812
v  49.4343 -0.3273 65.6812
v  47.9950 -0.3273 64.2419
v  49.4343 -0.3273 64.2419
v  46.5557 -0.3273 68.5599
v  46.5557 -0.3273 67.1206
v  46.5557 -0.3273 65.6812
v  46.5557 -0.3273 64.2419
v  45.1163 -0.3273 68.5599
v  45.1163 -0.3273 67.1206
v  45.1163 -0.3273 65.6812
v  45.1163 -0.3273 64.2419
v  49.4343 7.5652 68.5599
v  49.4343 7.5652 67.1206
v  47.9950 7.5652 67.1206
v  47.9950 7.5652 68.5599
v  49.4343 7.5652 65.6812
v  47.9950 7.5652 65.6812
v  49.4343 7.5652 64.2419
v  47.9950 7.5652 64.2419
v  46.5557 7.5652 67.1206
v  46.5557 7.5652 68.5599
v  46.5557 7.5652 65.6812
v  46.5557 7.5652 64.2419
v  45.1163 7.5652 67.1206
v  45.1163 7.5652 68.5599
v  45.1163 7.5652 65.6812
v  45.1163 7.5652 64.2419
v  49.4343 3.8089 67.1206
v  49.4343 3.8089 68.5599
v  49.9423 -0.3273 67.1206
v  49.9423 -0.3273 65.6812
v  49.9423 3.8089 65.6812
v  49.9423 3.8089 67.1206
v  49.4343 3.8089 64.2419
v  49.4343 3.8089 65.6812
v  49.9423 7.5652 65.6812
v  49.9423 7.5652 67.1206
v  47.9950 3.8089 64.2419
v  47.9950 -0.3273 63.7339
v  46.5557 -0.3273 63.7339
v  46.5557 3.8089 63.7339
v  47.9950 3.8089 63.7339
v  45.1163 3.8089 64.2419
v  46.5557 3.8089 64.2419
v  46.5557 7.5652 63.7339
v  47.9950 7.5652 63.7339
v  45.1163 3.8089 65.6812
v  44.6083 -0.3273 65.6812
v  44.6083 -0.3273 67.1206
v  44.6083 3.8089 67.1206
v  44.6083 3.8089 65.6812
v  45.1163 3.8089 68.5599
v  45.1163 3.8089 67.1206
v  44.6083 7.5652 67.1206
v  44.6083 7.5652 65.6812
v  46.5557 3.8089 68.5599
v  46.5557 -0.3273 69.0679
v  47.9950 -0.3273 69.0679
v  47.9950 3.8089 69.0679
v  46.5557 3.8089 69.0679
v  47.9950 3.8089 68.5599
v  47.9950 7.5652 69.0679
v  46.5557 7.5652 69.0679
# 68 vertices

vn 0.0000 -1.0000 -0.0000
vn 0.0000 1.0000 -0.0000
vn 1.0000 0.0000 -0.0000
vn -0.0000 0.0000 -1.0000
vn -0.0000 -0.0000 -1.0000
vn -1.0000 0.0000 0.0000
vn -1.0000 -0.0000 0.0000
vn 0.0000 0.0000 1.0000
vn 0.0000 -0.0000 1.0000
vn 1.0000 -0.0000 -0.0000
# 10 vertex normals

vt 1.0000 0.0000 0.0000
vt 1.0000 0.3333 0.0000
vt 0.6667 0.3333 0.0000
vt 0.6667 0.0000 0.0000
vt 0.3333 0.3333 0.0000
vt 0.3333 0.0000 0.0000
vt -0.0000 0.3333 0.0000
vt -0.0000 0.0000 0.0000
vt 1.0000 0.6667 0.0000
vt 0.6667 0.6667 0.0000
vt 0.3333 0.6667 0.0000
vt -0.0000 0.6667 0.0000
vt 1.0000 1.0000 0.0000
vt 0.6667 1.0000 0.0000
vt 0.3333 1.0000 0.0000
vt -0.0000 1.0000 0.0000
vt 0.0000 0.0000 0.0000
vt 0.0000 0.3333 0.0000
vt 0.0000 0.6667 0.0000
vt 0.0000 1.0000 0.0000
vt 0.3333 0.5000 0.0000
vt 0.0000 0.5000 0.0000
vt 0.6667 0.5000 0.0000
vt 1.0000 0.5000 0.0000
# 24 texture coords

g Box426
usemtl xdgh
s 2
f 4455/3279/1273 4456/3280/1273 4457/3281/1273 4458/3282/1273 
f 4458/3282/1273 4457/3281/1273 4459/3283/1273 4460/3284/1273 
f 4460/3284/1273 4459/3283/1273 4461/3285/1273 4462/3286/1273 
f 4456/3280/1273 4463/3287/1273 4464/3288/1273 4457/3281/1273 
f 4457/3281/1273 4464/3288/1273 4465/3289/1273 4459/3283/1273 
f 4459/3283/1273 4465/3289/1273 4466/3290/1273 4461/3285/1273 
f 4463/3287/1273 4467/3291/1273 4468/3292/1273 4464/3288/1273 
f 4464/3288/1273 4468/3292/1273 4469/3293/1273 4465/3289/1273 
f 4465/3289/1273 4469/3293/1273 4470/3294/1273 4466/3290/1273 
s 4
f 4471/3295/1274 4472/3284/1274 4473/3283/1274 4474/3296/1274 
f 4472/3284/1274 4475/3282/1274 4476/3281/1274 4473/3283/1274 
f 4475/3282/1274 4477/3279/1274 4478/3280/1274 4476/3281/1274 
f 4474/3296/1274 4473/3283/1274 4479/3289/1274 4480/3297/1274 
f 4473/3283/1274 4476/3281/1274 4481/3288/1274 4479/3289/1274 
f 4476/3281/1274 4478/3280/1274 4482/3287/1274 4481/3288/1274 
f 4480/3297/1274 4479/3289/1274 4483/3293/1274 4484/3298/1274 
f 4479/3289/1274 4481/3288/1274 4485/3292/1274 4483/3293/1274 
f 4481/3288/1274 4482/3287/1274 4486/3291/1274 4485/3292/1274 
s 8
f 4455/3295/1275 4458/3284/1275 4487/3299/1275 4488/3300/1275 
f 4489/3284/1275 4490/3282/1275 4491/3301/1275 4492/3299/1275 
f 4460/3282/1275 4462/3279/1275 4493/3302/1275 4494/3301/1275 
usemtl tfg
f 4488/3300/1275 4487/3299/1275 4472/3293/1275 4471/3298/1275 
usemtl xdgh
f 4492/3299/1275 4491/3301/1275 4495/3292/1275 4496/3293/1275 
usemtl tfg
f 4494/3301/1275 4493/3302/1275 4477/3291/1275 4475/3292/1275 
usemtl xdgh
s 16
f 4462/3295/1276 4461/3284/1276 4497/3299/1276 4493/3300/1276 
f 4498/3284/1277 4499/3282/1277 4500/3301/1276 4501/3299/1276 
f 4466/3282/1276 4470/3279/1276 4502/3302/1276 4503/3301/1276 
usemtl tfg
f 4493/3300/1276 4497/3299/1276 4478/3293/1276 4477/3298/1276 
usemtl xdgh
f 4501/3299/1276 4500/3301/1276 4504/3292/1276 4505/3293/1276 
usemtl tfg
f 4503/3301/1276 4502/3302/1276 4486/3291/1276 4482/3292/1276 
usemtl xdgh
s 32
f 4470/3295/1278 4469/3284/1278 4506/3299/1278 4502/3300/1278 
f 4507/3284/1279 4508/3282/1279 4509/3301/1278 4510/3299/1278 
f 4468/3282/1278 4467/3279/1278 4511/3302/1278 4512/3301/1278 
usemtl tfg
f 4502/3300/1278 4506/3299/1278 4485/3293/1278 4486/3298/1278 
usemtl xdgh
f 4510/3299/1278 4509/3301/1278 4513/3292/1278 4514/3293/1278 
usemtl tfg
f 4512/3301/1278 4511/3302/1278 4484/3291/1278 4483/3292/1278 
usemtl xdgh
s 64
f 4467/3295/1280 4463/3284/1280 4515/3299/1280 4511/3300/1280 
f 4516/3284/1280 4517/3282/1280 4518/3301/1280 4519/3299/1280 
f 4456/3282/1280 4455/3279/1280 4488/3302/1280 4520/3301/1280 
usemtl tfg
f 4511/3300/1280 4515/3299/1280 4480/3293/1280 4484/3298/1280 
usemtl xdgh
f 4519/3299/1280 4518/3301/1280 4521/3292/1280 4522/3293/1280 
usemtl tfg
f 4520/3301/1280 4488/3302/1280 4471/3291/1280 4474/3292/1280 
usemtl xdgh
s off
f 4458/3282/1273 4460/3284/1273 4490/3282/1273 4489/3284/1273 
usemtl tfg
f 4460/3282/1276 4494/3301/1276 4491/3301/1276 4490/3282/1276 
f 4494/3301/1276 4475/3292/1276 4495/3292/1276 4491/3301/1276 
usemtl xdgh
f 4475/3282/1274 4472/3284/1274 4496/3293/1274 4495/3292/1274 
usemtl tfg
f 4472/3293/1280 4487/3299/1280 4492/3299/1280 4496/3293/1280 
f 4487/3299/1280 4458/3284/1280 4489/3284/1280 4492/3299/1280 
usemtl xdgh
f 4461/3285/1273 4466/3290/1273 4499/3282/1273 4498/3284/1273 
usemtl tfg
f 4466/3282/1278 4503/3301/1278 4500/3301/1278 4499/3282/1278 
f 4503/3301/1278 4482/3292/1278 4504/3292/1278 4500/3301/1278 
usemtl xdgh
f 4482/3287/1274 4478/3280/1274 4505/3293/1274 4504/3292/1274 
usemtl tfg
f 4478/3293/1275 4497/3299/1275 4501/3299/1275 4505/3293/1275 
f 4497/3299/1275 4461/3284/1275 4498/3284/1275 4501/3299/1275 
usemtl xdgh
f 4469/3293/1273 4468/3292/1273 4508/3282/1273 4507/3284/1273 
usemtl tfg
f 4468/3282/1280 4512/3301/1280 4509/3301/1280 4508/3282/1280 
f 4512/3301/1281 4483/3292/1281 4513/3292/1281 4509/3301/1281 
usemtl xdgh
f 4483/3293/1274 4485/3292/1274 4514/3293/1274 4513/3292/1274 
usemtl tfg
f 4485/3293/1276 4506/3299/1276 4510/3299/1276 4514/3293/1276 
f 4506/3299/1277 4469/3284/1277 4507/3284/1277 4510/3299/1277 
usemtl xdgh
f 4463/3287/1273 4456/3280/1273 4517/3282/1273 4516/3284/1273 
usemtl tfg
f 4456/3282/1275 4520/3301/1275 4518/3301/1275 4517/3282/1275 
f 4520/3301/1282 4474/3292/1282 4521/3292/1282 4518/3301/1282 
usemtl xdgh
f 4474/3296/1274 4480/3297/1274 4522/3293/1274 4521/3292/1274 
usemtl tfg
f 4480/3293/1278 4515/3299/1278 4519/3299/1278 4522/3293/1278 
f 4515/3299/1279 4463/3284/1279 4516/3284/1279 4519/3299/1279 
# 66 polygons

#
# object Cylinder172
#

v  47.3177 3.0926 68.9704
v  46.6138 3.7965 68.9704
v  47.3177 4.5004 68.9704
v  48.0216 3.7965 68.9704
v  46.6138 3.7965 69.0212
v  47.3177 4.5004 69.0212
v  47.3177 3.0926 69.0212
v  48.0216 3.7965 69.0212
v  46.6138 3.7965 69.0720
v  47.3177 4.5004 69.0720
v  47.3177 3.0926 69.0720
v  48.0216 3.7965 69.0720
v  46.6138 3.7965 69.1228
v  47.3177 4.5004 69.1228
v  47.3177 3.0926 69.1228
v  48.0216 3.7965 69.1228
v  46.6138 3.7965 69.1736
v  47.3177 4.5004 69.1736
v  47.3177 3.0926 69.1736
v  48.0216 3.7965 69.1736
v  46.6138 3.7965 69.2244
v  47.3177 4.5004 69.2244
v  47.3177 3.0926 69.2244
v  48.0216 3.7965 69.2244
# 24 vertices

vn -0.0000 -0.0000 -1.0000
vn 0.0000 1.0000 -0.0000
vn -1.0000 0.0000 0.0000
vn -0.0000 -1.0000 0.0000
vn 1.0000 -0.0000 -0.0000
vn 0.0000 0.0000 1.0000
# 6 vertex normals

vt 0.2500 0.0000 1.0000
vt 0.0000 0.0000 1.0000
vt -0.2500 0.0000 1.0000
vt 0.7500 0.0000 1.0000
vt 0.5000 0.0000 1.0000
vt 0.0000 0.2000 1.0000
vt -0.2500 0.2000 1.0000
vt 0.2500 0.2000 1.0000
vt 0.5000 0.2000 1.0000
vt 0.7500 0.2000 1.0000
vt 0.0000 0.4000 1.0000
vt -0.2500 0.4000 1.0000
vt 0.2500 0.4000 1.0000
vt 0.5000 0.4000 1.0000
vt 0.7500 0.4000 1.0000
vt 0.0000 0.6000 1.0000
vt -0.2500 0.6000 1.0000
vt 0.2500 0.6000 1.0000
vt 0.5000 0.6000 1.0000
vt 0.7500 0.6000 1.0000
vt 0.0000 0.8000 1.0000
vt -0.2500 0.8000 1.0000
vt 0.2500 0.8000 1.0000
vt 0.5000 0.8000 1.0000
vt 0.7500 0.8000 1.0000
vt 0.0000 1.0000 1.0000
vt -0.2500 1.0000 1.0000
vt 0.2500 1.0000 1.0000
vt 0.5000 1.0000 1.0000
vt 0.7500 1.0000 1.0000
vt 1.0000 1.0000 -1.0000
# 31 texture coords

g Cylinder172
usemtl 03___Defaulttyi
s 1
f 4523/3303/1283 4524/3304/1283 4525/3305/1283 
f 4525/3306/1283 4526/3307/1283 4523/3303/1283 
s 8
f 4525/3305/1284 4524/3304/1285 4527/3308/1285 4528/3309/1284 
f 4524/3304/1285 4523/3303/1286 4529/3310/1286 4527/3308/1285 
f 4523/3303/1286 4526/3307/1287 4530/3311/1287 4529/3310/1286 
f 4526/3307/1287 4525/3306/1284 4528/3312/1284 4530/3311/1287 
f 4528/3309/1284 4527/3308/1285 4531/3313/1285 4532/3314/1284 
f 4527/3308/1285 4529/3310/1286 4533/3315/1286 4531/3313/1285 
f 4529/3310/1286 4530/3311/1287 4534/3316/1287 4533/3315/1286 
f 4530/3311/1287 4528/3312/1284 4532/3317/1284 4534/3316/1287 
f 4532/3314/1284 4531/3313/1285 4535/3318/1285 4536/3319/1284 
f 4531/3313/1285 4533/3315/1286 4537/3320/1286 4535/3318/1285 
f 4533/3315/1286 4534/3316/1287 4538/3321/1287 4537/3320/1286 
f 4534/3316/1287 4532/3317/1284 4536/3322/1284 4538/3321/1287 
f 4536/3319/1284 4535/3318/1285 4539/3323/1285 4540/3324/1284 
f 4535/3318/1285 4537/3320/1286 4541/3325/1286 4539/3323/1285 
f 4537/3320/1286 4538/3321/1287 4542/3326/1287 4541/3325/1286 
f 4538/3321/1287 4536/3322/1284 4540/3327/1284 4542/3326/1287 
f 4540/3324/1284 4539/3323/1285 4543/3328/1285 4544/3329/1284 
f 4539/3323/1285 4541/3325/1286 4545/3330/1286 4543/3328/1285 
f 4541/3325/1286 4542/3326/1287 4546/3331/1287 4545/3330/1286 
f 4542/3326/1287 4540/3327/1284 4544/3332/1284 4546/3331/1287 
s 1
f 4546/3333/1288 4544/3329/1288 4543/3328/1288 
f 4543/3328/1288 4545/3330/1288 4546/3331/1288 
# 20 polygons - 4 triangles

#
# object Box427
#

v  49.8153 3.6289 68.9409
v  44.7353 3.6289 68.9409
v  44.7353 3.6289 63.8609
v  49.8153 3.6289 63.8609
v  49.8153 3.8829 68.9409
v  49.8153 3.8829 63.8609
v  44.7353 3.8829 63.8609
v  44.7353 3.8829 68.9409
# 8 vertices

vn 0.0000 -1.0000 -0.0000
vn 0.0000 1.0000 -0.0000
vn 1.0000 0.0000 -0.0000
vn -0.0000 0.0000 -1.0000
vn -1.0000 0.0000 0.0000
vn 0.0000 0.0000 1.0000
# 6 vertex normals

vt 1.0000 0.0000 0.0000
vt 1.0000 1.0000 0.0000
vt 0.0000 1.0000 0.0000
vt 0.0000 0.0000 0.0000
# 4 texture coords

g Box427
usemtl cvj
s 2
f 4547/3334/1289 4548/3335/1289 4549/3336/1289 4550/3337/1289 
s 4
f 4551/3337/1290 4552/3334/1290 4553/3335/1290 4554/3336/1290 
s 8
f 4547/3337/1291 4550/3334/1291 4552/3335/1291 4551/3336/1291 
s 16
f 4550/3337/1292 4549/3334/1292 4553/3335/1292 4552/3336/1292 
s 32
f 4549/3337/1293 4548/3334/1293 4554/3335/1293 4553/3336/1293 
s 64
f 4548/3337/1294 4547/3334/1294 4551/3335/1294 4554/3336/1294 
# 6 polygons

#
# object Cylinder173
#

v  44.3753 3.0926 66.3855
v  44.3753 3.7965 67.0894
v  44.3753 4.5004 66.3855
v  44.3753 3.7965 65.6816
v  44.4261 3.7965 67.0894
v  44.4261 4.5004 66.3855
v  44.4261 3.0926 66.3855
v  44.4261 3.7965 65.6816
v  44.4769 3.7965 67.0894
v  44.4769 4.5004 66.3855
v  44.4769 3.0926 66.3855
v  44.4769 3.7965 65.6816
v  44.5277 3.7965 67.0894
v  44.5277 4.5004 66.3855
v  44.5277 3.0926 66.3855
v  44.5277 3.7965 65.6816
v  44.5785 3.7965 67.0894
v  44.5785 4.5004 66.3855
v  44.5785 3.0926 66.3855
v  44.5785 3.7965 65.6816
v  44.6293 3.7965 67.0894
v  44.6293 4.5004 66.3855
v  44.6293 3.0926 66.3855
v  44.6293 3.7965 65.6816
# 24 vertices

vn -1.0000 0.0000 0.0000
vn 0.0000 1.0000 -0.0000
vn 0.0000 0.0000 1.0000
vn -0.0000 -1.0000 0.0000
vn -0.0000 -0.0000 -1.0000
vn 1.0000 -0.0000 -0.0000
# 6 vertex normals

vt 0.2500 0.0000 1.0000
vt 0.0000 0.0000 1.0000
vt -0.2500 0.0000 1.0000
vt 0.7500 0.0000 1.0000
vt 0.5000 0.0000 1.0000
vt 0.0000 0.2000 1.0000
vt -0.2500 0.2000 1.0000
vt 0.2500 0.2000 1.0000
vt 0.5000 0.2000 1.0000
vt 0.7500 0.2000 1.0000
vt 0.0000 0.4000 1.0000
vt -0.2500 0.4000 1.0000
vt 0.2500 0.4000 1.0000
vt 0.5000 0.4000 1.0000
vt 0.7500 0.4000 1.0000
vt 0.0000 0.6000 1.0000
vt -0.2500 0.6000 1.0000
vt 0.2500 0.6000 1.0000
vt 0.5000 0.6000 1.0000
vt 0.7500 0.6000 1.0000
vt 0.0000 0.8000 1.0000
vt -0.2500 0.8000 1.0000
vt 0.2500 0.8000 1.0000
vt 0.5000 0.8000 1.0000
vt 0.7500 0.8000 1.0000
vt 0.0000 1.0000 1.0000
vt -0.2500 1.0000 1.0000
vt 0.2500 1.0000 1.0000
vt 0.5000 1.0000 1.0000
vt 0.7500 1.0000 1.0000
vt 1.0000 1.0000 -1.0000
# 31 texture coords

g Cylinder173
usemtl 03___Defaulttyi
s 1
f 4555/3338/1295 4556/3339/1295 4557/3340/1295 
f 4557/3341/1295 4558/3342/1295 4555/3338/1295 
s 8
f 4557/3340/1296 4556/3339/1297 4559/3343/1297 4560/3344/1296 
f 4556/3339/1297 4555/3338/1298 4561/3345/1298 4559/3343/1297 
f 4555/3338/1298 4558/3342/1299 4562/3346/1299 4561/3345/1298 
f 4558/3342/1299 4557/3341/1296 4560/3347/1296 4562/3346/1299 
f 4560/3344/1296 4559/3343/1297 4563/3348/1297 4564/3349/1296 
f 4559/3343/1297 4561/3345/1298 4565/3350/1298 4563/3348/1297 
f 4561/3345/1298 4562/3346/1299 4566/3351/1299 4565/3350/1298 
f 4562/3346/1299 4560/3347/1296 4564/3352/1296 4566/3351/1299 
f 4564/3349/1296 4563/3348/1297 4567/3353/1297 4568/3354/1296 
f 4563/3348/1297 4565/3350/1298 4569/3355/1298 4567/3353/1297 
f 4565/3350/1298 4566/3351/1299 4570/3356/1299 4569/3355/1298 
f 4566/3351/1299 4564/3352/1296 4568/3357/1296 4570/3356/1299 
f 4568/3354/1296 4567/3353/1297 4571/3358/1297 4572/3359/1296 
f 4567/3353/1297 4569/3355/1298 4573/3360/1298 4571/3358/1297 
f 4569/3355/1298 4570/3356/1299 4574/3361/1299 4573/3360/1298 
f 4570/3356/1299 4568/3357/1296 4572/3362/1296 4574/3361/1299 
f 4572/3359/1296 4571/3358/1297 4575/3363/1297 4576/3364/1296 
f 4571/3358/1297 4573/3360/1298 4577/3365/1298 4575/3363/1297 
f 4573/3360/1298 4574/3361/1299 4578/3366/1299 4577/3365/1298 
f 4574/3361/1299 4572/3362/1296 4576/3367/1296 4578/3366/1299 
s 1
f 4578/3368/1300 4576/3364/1300 4575/3363/1300 
f 4575/3363/1300 4577/3365/1300 4578/3366/1300 
# 20 polygons - 4 triangles

#
# object Cylinder174
#

v  49.8564 3.0926 66.3855
v  49.8564 3.7965 67.0894
v  49.8564 4.5004 66.3855
v  49.8564 3.7965 65.6816
v  49.9072 3.7965 67.0894
v  49.9072 4.5004 66.3855
v  49.9072 3.0926 66.3855
v  49.9072 3.7965 65.6816
v  49.9580 3.7965 67.0894
v  49.9580 4.5004 66.3855
v  49.9580 3.0926 66.3855
v  49.9580 3.7965 65.6816
v  50.0088 3.7965 67.0894
v  50.0088 4.5004 66.3855
v  50.0088 3.0926 66.3855
v  50.0088 3.7965 65.6816
v  50.0596 3.7965 67.0894
v  50.0596 4.5004 66.3855
v  50.0596 3.0926 66.3855
v  50.0596 3.7965 65.6816
v  50.1104 3.7965 67.0894
v  50.1104 4.5004 66.3855
v  50.1104 3.0926 66.3855
v  50.1104 3.7965 65.6816
# 24 vertices

vn -1.0000 0.0000 0.0000
vn 0.0000 1.0000 -0.0000
vn 0.0000 0.0000 1.0000
vn -0.0000 -1.0000 0.0000
vn -0.0000 -0.0000 -1.0000
vn 1.0000 -0.0000 -0.0000
# 6 vertex normals

vt 0.2500 0.0000 1.0000
vt 0.0000 0.0000 1.0000
vt -0.2500 0.0000 1.0000
vt 0.7500 0.0000 1.0000
vt 0.5000 0.0000 1.0000
vt 0.0000 0.2000 1.0000
vt -0.2500 0.2000 1.0000
vt 0.2500 0.2000 1.0000
vt 0.5000 0.2000 1.0000
vt 0.7500 0.2000 1.0000
vt 0.0000 0.4000 1.0000
vt -0.2500 0.4000 1.0000
vt 0.2500 0.4000 1.0000
vt 0.5000 0.4000 1.0000
vt 0.7500 0.4000 1.0000
vt 0.0000 0.6000 1.0000
vt -0.2500 0.6000 1.0000
vt 0.2500 0.6000 1.0000
vt 0.5000 0.6000 1.0000
vt 0.7500 0.6000 1.0000
vt 0.0000 0.8000 1.0000
vt -0.2500 0.8000 1.0000
vt 0.2500 0.8000 1.0000
vt 0.5000 0.8000 1.0000
vt 0.7500 0.8000 1.0000
vt 0.0000 1.0000 1.0000
vt -0.2500 1.0000 1.0000
vt 0.2500 1.0000 1.0000
vt 0.5000 1.0000 1.0000
vt 0.7500 1.0000 1.0000
vt 1.0000 1.0000 -1.0000
# 31 texture coords

g Cylinder174
usemtl 03___Defaulttyi
s 1
f 4579/3369/1301 4580/3370/1301 4581/3371/1301 
f 4581/3372/1301 4582/3373/1301 4579/3369/1301 
s 8
f 4581/3371/1302 4580/3370/1303 4583/3374/1303 4584/3375/1302 
f 4580/3370/1303 4579/3369/1304 4585/3376/1304 4583/3374/1303 
f 4579/3369/1304 4582/3373/1305 4586/3377/1305 4585/3376/1304 
f 4582/3373/1305 4581/3372/1302 4584/3378/1302 4586/3377/1305 
f 4584/3375/1302 4583/3374/1303 4587/3379/1303 4588/3380/1302 
f 4583/3374/1303 4585/3376/1304 4589/3381/1304 4587/3379/1303 
f 4585/3376/1304 4586/3377/1305 4590/3382/1305 4589/3381/1304 
f 4586/3377/1305 4584/3378/1302 4588/3383/1302 4590/3382/1305 
f 4588/3380/1302 4587/3379/1303 4591/3384/1303 4592/3385/1302 
f 4587/3379/1303 4589/3381/1304 4593/3386/1304 4591/3384/1303 
f 4589/3381/1304 4590/3382/1305 4594/3387/1305 4593/3386/1304 
f 4590/3382/1305 4588/3383/1302 4592/3388/1302 4594/3387/1305 
f 4592/3385/1302 4591/3384/1303 4595/3389/1303 4596/3390/1302 
f 4591/3384/1303 4593/3386/1304 4597/3391/1304 4595/3389/1303 
f 4593/3386/1304 4594/3387/1305 4598/3392/1305 4597/3391/1304 
f 4594/3387/1305 4592/3388/1302 4596/3393/1302 4598/3392/1305 
f 4596/3390/1302 4595/3389/1303 4599/3394/1303 4600/3395/1302 
f 4595/3389/1303 4597/3391/1304 4601/3396/1304 4599/3394/1303 
f 4597/3391/1304 4598/3392/1305 4602/3397/1305 4601/3396/1304 
f 4598/3392/1305 4596/3393/1302 4600/3398/1302 4602/3397/1305 
s 1
f 4602/3399/1306 4600/3395/1306 4599/3394/1306 
f 4599/3394/1306 4601/3396/1306 4602/3397/1306 
# 20 polygons - 4 triangles

#
# object Cylinder175
#

v  47.3177 3.0926 63.5118
v  46.6138 3.7965 63.5118
v  47.3177 4.5004 63.5118
v  48.0216 3.7965 63.5118
v  46.6138 3.7965 63.5626
v  47.3177 4.5004 63.5626
v  47.3177 3.0926 63.5626
v  48.0216 3.7965 63.5626
v  46.6138 3.7965 63.6134
v  47.3177 4.5004 63.6134
v  47.3177 3.0926 63.6134
v  48.0216 3.7965 63.6134
v  46.6138 3.7965 63.6642
v  47.3177 4.5004 63.6642
v  47.3177 3.0926 63.6642
v  48.0216 3.7965 63.6642
v  46.6138 3.7965 63.7150
v  47.3177 4.5004 63.7150
v  47.3177 3.0926 63.7150
v  48.0216 3.7965 63.7150
v  46.6138 3.7965 63.7658
v  47.3177 4.5004 63.7658
v  47.3177 3.0926 63.7658
v  48.0216 3.7965 63.7658
# 24 vertices

vn -0.0000 -0.0000 -1.0000
vn 0.0000 1.0000 -0.0000
vn -1.0000 0.0000 0.0000
vn -0.0000 -1.0000 0.0000
vn 1.0000 -0.0000 -0.0000
vn 0.0000 0.0000 1.0000
# 6 vertex normals

vt 0.2500 0.0000 1.0000
vt 0.0000 0.0000 1.0000
vt -0.2500 0.0000 1.0000
vt 0.7500 0.0000 1.0000
vt 0.5000 0.0000 1.0000
vt 0.0000 0.2000 1.0000
vt -0.2500 0.2000 1.0000
vt 0.2500 0.2000 1.0000
vt 0.5000 0.2000 1.0000
vt 0.7500 0.2000 1.0000
vt 0.0000 0.4000 1.0000
vt -0.2500 0.4000 1.0000
vt 0.2500 0.4000 1.0000
vt 0.5000 0.4000 1.0000
vt 0.7500 0.4000 1.0000
vt 0.0000 0.6000 1.0000
vt -0.2500 0.6000 1.0000
vt 0.2500 0.6000 1.0000
vt 0.5000 0.6000 1.0000
vt 0.7500 0.6000 1.0000
vt 0.0000 0.8000 1.0000
vt -0.2500 0.8000 1.0000
vt 0.2500 0.8000 1.0000
vt 0.5000 0.8000 1.0000
vt 0.7500 0.8000 1.0000
vt 0.0000 1.0000 1.0000
vt -0.2500 1.0000 1.0000
vt 0.2500 1.0000 1.0000
vt 0.5000 1.0000 1.0000
vt 0.7500 1.0000 1.0000
vt 1.0000 1.0000 -1.0000
# 31 texture coords

g Cylinder175
usemtl 03___Defaulttyi
s 1
f 4603/3400/1307 4604/3401/1307 4605/3402/1307 
f 4605/3403/1307 4606/3404/1307 4603/3400/1307 
s 8
f 4605/3402/1308 4604/3401/1309 4607/3405/1309 4608/3406/1308 
f 4604/3401/1309 4603/3400/1310 4609/3407/1310 4607/3405/1309 
f 4603/3400/1310 4606/3404/1311 4610/3408/1311 4609/3407/1310 
f 4606/3404/1311 4605/3403/1308 4608/3409/1308 4610/3408/1311 
f 4608/3406/1308 4607/3405/1309 4611/3410/1309 4612/3411/1308 
f 4607/3405/1309 4609/3407/1310 4613/3412/1310 4611/3410/1309 
f 4609/3407/1310 4610/3408/1311 4614/3413/1311 4613/3412/1310 
f 4610/3408/1311 4608/3409/1308 4612/3414/1308 4614/3413/1311 
f 4612/3411/1308 4611/3410/1309 4615/3415/1309 4616/3416/1308 
f 4611/3410/1309 4613/3412/1310 4617/3417/1310 4615/3415/1309 
f 4613/3412/1310 4614/3413/1311 4618/3418/1311 4617/3417/1310 
f 4614/3413/1311 4612/3414/1308 4616/3419/1308 4618/3418/1311 
f 4616/3416/1308 4615/3415/1309 4619/3420/1309 4620/3421/1308 
f 4615/3415/1309 4617/3417/1310 4621/3422/1310 4619/3420/1309 
f 4617/3417/1310 4618/3418/1311 4622/3423/1311 4621/3422/1310 
f 4618/3418/1311 4616/3419/1308 4620/3424/1308 4622/3423/1311 
f 4620/3421/1308 4619/3420/1309 4623/3425/1309 4624/3426/1308 
f 4619/3420/1309 4621/3422/1310 4625/3427/1310 4623/3425/1309 
f 4621/3422/1310 4622/3423/1311 4626/3428/1311 4625/3427/1310 
f 4622/3423/1311 4620/3424/1308 4624/3429/1308 4626/3428/1311 
s 1
f 4626/3430/1312 4624/3426/1312 4623/3425/1312 
f 4623/3425/1312 4625/3427/1312 4626/3428/1312 
# 20 polygons - 4 triangles

#
# object Box428
#

v  49.6883 -0.3273 68.8139
v  44.8623 -0.3273 68.8139
v  44.8623 -0.3273 63.9879
v  49.6883 -0.3273 63.9879
v  49.6883 0.9427 68.8139
v  49.6883 0.9427 63.9879
v  44.8623 0.9427 63.9879
v  44.8623 0.9427 68.8139
# 8 vertices

vn 0.0000 -1.0000 -0.0000
vn 0.0000 1.0000 -0.0000
vn 1.0000 0.0000 -0.0000
vn -0.0000 0.0000 -1.0000
vn -1.0000 0.0000 0.0000
vn 0.0000 0.0000 1.0000
# 6 vertex normals

vt 1.0000 0.0000 0.0000
vt 1.0000 1.0000 0.0000
vt 0.0000 1.0000 0.0000
vt 0.0000 0.0000 0.0000
# 4 texture coords

g Box428
usemtl tfg
s 2
f 4627/3431/1313 4628/3432/1313 4629/3433/1313 4630/3434/1313 
s 4
f 4631/3434/1314 4632/3431/1314 4633/3432/1314 4634/3433/1314 
s 8
f 4627/3434/1315 4630/3431/1315 4632/3432/1315 4631/3433/1315 
s 16
f 4630/3434/1316 4629/3431/1316 4633/3432/1316 4632/3433/1316 
s 32
f 4629/3434/1317 4628/3431/1317 4634/3432/1317 4633/3433/1317 
s 64
f 4628/3434/1318 4627/3431/1318 4631/3432/1318 4634/3433/1318 
# 6 polygons

#
# object Box423
#

v  41.2660 -0.3273 68.5599
v  39.8267 -0.3273 68.5599
v  39.8267 -0.3273 67.1206
v  41.2660 -0.3273 67.1206
v  39.8267 -0.3273 65.6812
v  41.2660 -0.3273 65.6812
v  39.8267 -0.3273 64.2419
v  41.2660 -0.3273 64.2419
v  38.3874 -0.3273 68.5599
v  38.3874 -0.3273 67.1206
v  38.3874 -0.3273 65.6812
v  38.3874 -0.3273 64.2419
v  36.9480 -0.3273 68.5599
v  36.9480 -0.3273 67.1206
v  36.9480 -0.3273 65.6812
v  36.9480 -0.3273 64.2419
v  41.2660 7.5652 68.5599
v  41.2660 7.5652 67.1206
v  39.8267 7.5652 67.1206
v  39.8267 7.5652 68.5599
v  41.2660 7.5652 65.6812
v  39.8267 7.5652 65.6812
v  41.2660 7.5652 64.2419
v  39.8267 7.5652 64.2419
v  38.3874 7.5652 67.1206
v  38.3874 7.5652 68.5599
v  38.3874 7.5652 65.6812
v  38.3874 7.5652 64.2419
v  36.9480 7.5652 67.1206
v  36.9480 7.5652 68.5599
v  36.9480 7.5652 65.6812
v  36.9480 7.5652 64.2419
v  41.2660 3.8089 67.1206
v  41.2660 3.8089 68.5599
v  41.7740 -0.3273 67.1206
v  41.7740 -0.3273 65.6812
v  41.7740 3.8089 65.6812
v  41.7740 3.8089 67.1206
v  41.2660 3.8089 64.2419
v  41.2660 3.8089 65.6812
v  41.7740 7.5652 65.6812
v  41.7740 7.5652 67.1206
v  39.8267 3.8089 64.2419
v  39.8267 -0.3273 63.7339
v  38.3874 -0.3273 63.7339
v  38.3874 3.8089 63.7339
v  39.8267 3.8089 63.7339
v  36.9480 3.8089 64.2419
v  38.3874 3.8089 64.2419
v  38.3874 7.5652 63.7339
v  39.8267 7.5652 63.7339
v  36.9480 3.8089 65.6812
v  36.4400 -0.3273 65.6812
v  36.4400 -0.3273 67.1206
v  36.4400 3.8089 67.1206
v  36.4400 3.8089 65.6812
v  36.9480 3.8089 68.5599
v  36.9480 3.8089 67.1206
v  36.4400 7.5652 67.1206
v  36.4400 7.5652 65.6812
v  38.3874 3.8089 68.5599
v  38.3874 -0.3273 69.0679
v  39.8267 -0.3273 69.0679
v  39.8267 3.8089 69.0679
v  38.3874 3.8089 69.0679
v  39.8267 3.8089 68.5599
v  39.8267 7.5652 69.0679
v  38.3874 7.5652 69.0679
# 68 vertices

vn 0.0000 -1.0000 -0.0000
vn 0.0000 1.0000 -0.0000
vn 1.0000 0.0000 -0.0000
vn -0.0000 0.0000 -1.0000
vn -0.0000 -0.0000 -1.0000
vn -1.0000 0.0000 0.0000
vn -1.0000 -0.0000 0.0000
vn 0.0000 0.0000 1.0000
vn 0.0000 -0.0000 1.0000
vn 1.0000 -0.0000 -0.0000
# 10 vertex normals

vt 1.0000 0.0000 0.0000
vt 1.0000 0.3333 0.0000
vt 0.6667 0.3333 0.0000
vt 0.6667 0.0000 0.0000
vt 0.3333 0.3333 0.0000
vt 0.3333 0.0000 0.0000
vt -0.0000 0.3333 0.0000
vt -0.0000 0.0000 0.0000
vt 1.0000 0.6667 0.0000
vt 0.6667 0.6667 0.0000
vt 0.3333 0.6667 0.0000
vt -0.0000 0.6667 0.0000
vt 1.0000 1.0000 0.0000
vt 0.6667 1.0000 0.0000
vt 0.3333 1.0000 0.0000
vt -0.0000 1.0000 0.0000
vt 0.0000 0.0000 0.0000
vt 0.0000 0.3333 0.0000
vt 0.0000 0.6667 0.0000
vt 0.0000 1.0000 0.0000
vt 0.3333 0.5000 0.0000
vt 0.0000 0.5000 0.0000
vt 0.6667 0.5000 0.0000
vt 1.0000 0.5000 0.0000
# 24 texture coords

g Box423
usemtl xdgh
s 2
f 4635/3435/1319 4636/3436/1319 4637/3437/1319 4638/3438/1319 
f 4638/3438/1319 4637/3437/1319 4639/3439/1319 4640/3440/1319 
f 4640/3440/1319 4639/3439/1319 4641/3441/1319 4642/3442/1319 
f 4636/3436/1319 4643/3443/1319 4644/3444/1319 4637/3437/1319 
f 4637/3437/1319 4644/3444/1319 4645/3445/1319 4639/3439/1319 
f 4639/3439/1319 4645/3445/1319 4646/3446/1319 4641/3441/1319 
f 4643/3443/1319 4647/3447/1319 4648/3448/1319 4644/3444/1319 
f 4644/3444/1319 4648/3448/1319 4649/3449/1319 4645/3445/1319 
f 4645/3445/1319 4649/3449/1319 4650/3450/1319 4646/3446/1319 
s 4
f 4651/3451/1320 4652/3440/1320 4653/3439/1320 4654/3452/1320 
f 4652/3440/1320 4655/3438/1320 4656/3437/1320 4653/3439/1320 
f 4655/3438/1320 4657/3435/1320 4658/3436/1320 4656/3437/1320 
f 4654/3452/1320 4653/3439/1320 4659/3445/1320 4660/3453/1320 
f 4653/3439/1320 4656/3437/1320 4661/3444/1320 4659/3445/1320 
f 4656/3437/1320 4658/3436/1320 4662/3443/1320 4661/3444/1320 
f 4660/3453/1320 4659/3445/1320 4663/3449/1320 4664/3454/1320 
f 4659/3445/1320 4661/3444/1320 4665/3448/1320 4663/3449/1320 
f 4661/3444/1320 4662/3443/1320 4666/3447/1320 4665/3448/1320 
s 8
f 4635/3451/1321 4638/3440/1321 4667/3455/1321 4668/3456/1321 
f 4669/3440/1321 4670/3438/1321 4671/3457/1321 4672/3455/1321 
f 4640/3438/1321 4642/3435/1321 4673/3458/1321 4674/3457/1321 
usemtl tfg
f 4668/3456/1321 4667/3455/1321 4652/3449/1321 4651/3454/1321 
usemtl xdgh
f 4672/3455/1321 4671/3457/1321 4675/3448/1321 4676/3449/1321 
usemtl tfg
f 4674/3457/1321 4673/3458/1321 4657/3447/1321 4655/3448/1321 
usemtl xdgh
s 16
f 4642/3451/1322 4641/3440/1322 4677/3455/1322 4673/3456/1322 
f 4678/3440/1323 4679/3438/1323 4680/3457/1322 4681/3455/1322 
f 4646/3438/1322 4650/3435/1322 4682/3458/1322 4683/3457/1322 
usemtl tfg
f 4673/3456/1322 4677/3455/1322 4658/3449/1322 4657/3454/1322 
usemtl xdgh
f 4681/3455/1322 4680/3457/1322 4684/3448/1322 4685/3449/1322 
usemtl tfg
f 4683/3457/1322 4682/3458/1322 4666/3447/1322 4662/3448/1322 
usemtl xdgh
s 32
f 4650/3451/1324 4649/3440/1324 4686/3455/1324 4682/3456/1324 
f 4687/3440/1325 4688/3438/1325 4689/3457/1324 4690/3455/1324 
f 4648/3438/1324 4647/3435/1324 4691/3458/1324 4692/3457/1324 
usemtl tfg
f 4682/3456/1324 4686/3455/1324 4665/3449/1324 4666/3454/1324 
usemtl xdgh
f 4690/3455/1324 4689/3457/1324 4693/3448/1324 4694/3449/1324 
usemtl tfg
f 4692/3457/1324 4691/3458/1324 4664/3447/1324 4663/3448/1324 
usemtl xdgh
s 64
f 4647/3451/1326 4643/3440/1326 4695/3455/1326 4691/3456/1326 
f 4696/3440/1326 4697/3438/1326 4698/3457/1326 4699/3455/1326 
f 4636/3438/1326 4635/3435/1326 4668/3458/1326 4700/3457/1326 
usemtl tfg
f 4691/3456/1326 4695/3455/1326 4660/3449/1326 4664/3454/1326 
usemtl xdgh
f 4699/3455/1326 4698/3457/1326 4701/3448/1326 4702/3449/1326 
usemtl tfg
f 4700/3457/1326 4668/3458/1326 4651/3447/1326 4654/3448/1326 
usemtl xdgh
s off
f 4638/3438/1319 4640/3440/1319 4670/3438/1319 4669/3440/1319 
usemtl tfg
f 4640/3438/1322 4674/3457/1322 4671/3457/1322 4670/3438/1322 
f 4674/3457/1322 4655/3448/1322 4675/3448/1322 4671/3457/1322 
usemtl xdgh
f 4655/3438/1320 4652/3440/1320 4676/3449/1320 4675/3448/1320 
usemtl tfg
f 4652/3449/1326 4667/3455/1326 4672/3455/1326 4676/3449/1326 
f 4667/3455/1326 4638/3440/1326 4669/3440/1326 4672/3455/1326 
usemtl xdgh
f 4641/3441/1319 4646/3446/1319 4679/3438/1319 4678/3440/1319 
usemtl tfg
f 4646/3438/1324 4683/3457/1324 4680/3457/1324 4679/3438/1324 
f 4683/3457/1324 4662/3448/1324 4684/3448/1324 4680/3457/1324 
usemtl xdgh
f 4662/3443/1320 4658/3436/1320 4685/3449/1320 4684/3448/1320 
usemtl tfg
f 4658/3449/1321 4677/3455/1321 4681/3455/1321 4685/3449/1321 
f 4677/3455/1321 4641/3440/1321 4678/3440/1321 4681/3455/1321 
usemtl xdgh
f 4649/3449/1319 4648/3448/1319 4688/3438/1319 4687/3440/1319 
usemtl tfg
f 4648/3438/1326 4692/3457/1326 4689/3457/1326 4688/3438/1326 
f 4692/3457/1327 4663/3448/1327 4693/3448/1327 4689/3457/1327 
usemtl xdgh
f 4663/3449/1320 4665/3448/1320 4694/3449/1320 4693/3448/1320 
usemtl tfg
f 4665/3449/1322 4686/3455/1322 4690/3455/1322 4694/3449/1322 
f 4686/3455/1323 4649/3440/1323 4687/3440/1323 4690/3455/1323 
usemtl xdgh
f 4643/3443/1319 4636/3436/1319 4697/3438/1319 4696/3440/1319 
usemtl tfg
f 4636/3438/1321 4700/3457/1321 4698/3457/1321 4697/3438/1321 
f 4700/3457/1328 4654/3448/1328 4701/3448/1328 4698/3457/1328 
usemtl xdgh
f 4654/3452/1320 4660/3453/1320 4702/3449/1320 4701/3448/1320 
usemtl tfg
f 4660/3449/1324 4695/3455/1324 4699/3455/1324 4702/3449/1324 
f 4695/3455/1325 4643/3440/1325 4696/3440/1325 4699/3455/1325 
# 66 polygons

#
# object Cylinder168
#

v  39.1494 3.0926 68.9704
v  38.4455 3.7965 68.9704
v  39.1494 4.5004 68.9704
v  39.8533 3.7965 68.9704
v  38.4455 3.7965 69.0212
v  39.1494 4.5004 69.0212
v  39.1494 3.0926 69.0212
v  39.8533 3.7965 69.0212
v  38.4455 3.7965 69.0720
v  39.1494 4.5004 69.0720
v  39.1494 3.0926 69.0720
v  39.8533 3.7965 69.0720
v  38.4455 3.7965 69.1228
v  39.1494 4.5004 69.1228
v  39.1494 3.0926 69.1228
v  39.8533 3.7965 69.1228
v  38.4455 3.7965 69.1736
v  39.1494 4.5004 69.1736
v  39.1494 3.0926 69.1736
v  39.8533 3.7965 69.1736
v  38.4455 3.7965 69.2244
v  39.1494 4.5004 69.2244
v  39.1494 3.0926 69.2244
v  39.8533 3.7965 69.2244
# 24 vertices

vn -0.0000 -0.0000 -1.0000
vn 0.0000 1.0000 -0.0000
vn -1.0000 0.0000 0.0000
vn -0.0000 -1.0000 0.0000
vn 1.0000 -0.0000 -0.0000
vn 0.0000 0.0000 1.0000
# 6 vertex normals

vt 0.2500 0.0000 1.0000
vt 0.0000 0.0000 1.0000
vt -0.2500 0.0000 1.0000
vt 0.7500 0.0000 1.0000
vt 0.5000 0.0000 1.0000
vt 0.0000 0.2000 1.0000
vt -0.2500 0.2000 1.0000
vt 0.2500 0.2000 1.0000
vt 0.5000 0.2000 1.0000
vt 0.7500 0.2000 1.0000
vt 0.0000 0.4000 1.0000
vt -0.2500 0.4000 1.0000
vt 0.2500 0.4000 1.0000
vt 0.5000 0.4000 1.0000
vt 0.7500 0.4000 1.0000
vt 0.0000 0.6000 1.0000
vt -0.2500 0.6000 1.0000
vt 0.2500 0.6000 1.0000
vt 0.5000 0.6000 1.0000
vt 0.7500 0.6000 1.0000
vt 0.0000 0.8000 1.0000
vt -0.2500 0.8000 1.0000
vt 0.2500 0.8000 1.0000
vt 0.5000 0.8000 1.0000
vt 0.7500 0.8000 1.0000
vt 0.0000 1.0000 1.0000
vt -0.2500 1.0000 1.0000
vt 0.2500 1.0000 1.0000
vt 0.5000 1.0000 1.0000
vt 0.7500 1.0000 1.0000
vt 1.0000 1.0000 -1.0000
# 31 texture coords

g Cylinder168
usemtl 03___Defaulttyi
s 1
f 4703/3459/1329 4704/3460/1329 4705/3461/1329 
f 4705/3462/1329 4706/3463/1329 4703/3459/1329 
s 8
f 4705/3461/1330 4704/3460/1331 4707/3464/1331 4708/3465/1330 
f 4704/3460/1331 4703/3459/1332 4709/3466/1332 4707/3464/1331 
f 4703/3459/1332 4706/3463/1333 4710/3467/1333 4709/3466/1332 
f 4706/3463/1333 4705/3462/1330 4708/3468/1330 4710/3467/1333 
f 4708/3465/1330 4707/3464/1331 4711/3469/1331 4712/3470/1330 
f 4707/3464/1331 4709/3466/1332 4713/3471/1332 4711/3469/1331 
f 4709/3466/1332 4710/3467/1333 4714/3472/1333 4713/3471/1332 
f 4710/3467/1333 4708/3468/1330 4712/3473/1330 4714/3472/1333 
f 4712/3470/1330 4711/3469/1331 4715/3474/1331 4716/3475/1330 
f 4711/3469/1331 4713/3471/1332 4717/3476/1332 4715/3474/1331 
f 4713/3471/1332 4714/3472/1333 4718/3477/1333 4717/3476/1332 
f 4714/3472/1333 4712/3473/1330 4716/3478/1330 4718/3477/1333 
f 4716/3475/1330 4715/3474/1331 4719/3479/1331 4720/3480/1330 
f 4715/3474/1331 4717/3476/1332 4721/3481/1332 4719/3479/1331 
f 4717/3476/1332 4718/3477/1333 4722/3482/1333 4721/3481/1332 
f 4718/3477/1333 4716/3478/1330 4720/3483/1330 4722/3482/1333 
f 4720/3480/1330 4719/3479/1331 4723/3484/1331 4724/3485/1330 
f 4719/3479/1331 4721/3481/1332 4725/3486/1332 4723/3484/1331 
f 4721/3481/1332 4722/3482/1333 4726/3487/1333 4725/3486/1332 
f 4722/3482/1333 4720/3483/1330 4724/3488/1330 4726/3487/1333 
s 1
f 4726/3489/1334 4724/3485/1334 4723/3484/1334 
f 4723/3484/1334 4725/3486/1334 4726/3487/1334 
# 20 polygons - 4 triangles

#
# object Box424
#

v  41.6470 3.6289 68.9409
v  36.5670 3.6289 68.9409
v  36.5670 3.6289 63.8609
v  41.6470 3.6289 63.8609
v  41.6470 3.8829 68.9409
v  41.6470 3.8829 63.8609
v  36.5670 3.8829 63.8609
v  36.5670 3.8829 68.9409
# 8 vertices

vn 0.0000 -1.0000 -0.0000
vn 0.0000 1.0000 -0.0000
vn 1.0000 0.0000 -0.0000
vn -0.0000 0.0000 -1.0000
vn -1.0000 0.0000 0.0000
vn 0.0000 0.0000 1.0000
# 6 vertex normals

vt 1.0000 0.0000 0.0000
vt 1.0000 1.0000 0.0000
vt 0.0000 1.0000 0.0000
vt 0.0000 0.0000 0.0000
# 4 texture coords

g Box424
usemtl cvj
s 2
f 4727/3490/1335 4728/3491/1335 4729/3492/1335 4730/3493/1335 
s 4
f 4731/3493/1336 4732/3490/1336 4733/3491/1336 4734/3492/1336 
s 8
f 4727/3493/1337 4730/3490/1337 4732/3491/1337 4731/3492/1337 
s 16
f 4730/3493/1338 4729/3490/1338 4733/3491/1338 4732/3492/1338 
s 32
f 4729/3493/1339 4728/3490/1339 4734/3491/1339 4733/3492/1339 
s 64
f 4728/3493/1340 4727/3490/1340 4731/3491/1340 4734/3492/1340 
# 6 polygons

#
# object Cylinder169
#

v  36.2070 3.0926 66.3855
v  36.2070 3.7965 67.0894
v  36.2070 4.5004 66.3855
v  36.2070 3.7965 65.6816
v  36.2578 3.7965 67.0894
v  36.2578 4.5004 66.3855
v  36.2578 3.0926 66.3855
v  36.2578 3.7965 65.6816
v  36.3086 3.7965 67.0894
v  36.3086 4.5004 66.3855
v  36.3086 3.0926 66.3855
v  36.3086 3.7965 65.6816
v  36.3594 3.7965 67.0894
v  36.3594 4.5004 66.3855
v  36.3594 3.0926 66.3855
v  36.3594 3.7965 65.6816
v  36.4102 3.7965 67.0894
v  36.4102 4.5004 66.3855
v  36.4102 3.0926 66.3855
v  36.4102 3.7965 65.6816
v  36.4610 3.7965 67.0894
v  36.4610 4.5004 66.3855
v  36.4610 3.0926 66.3855
v  36.4610 3.7965 65.6816
# 24 vertices

vn -1.0000 0.0000 0.0000
vn 0.0000 1.0000 -0.0000
vn 0.0000 0.0000 1.0000
vn -0.0000 -1.0000 0.0000
vn -0.0000 -0.0000 -1.0000
vn 1.0000 -0.0000 -0.0000
# 6 vertex normals

vt 0.2500 0.0000 1.0000
vt 0.0000 0.0000 1.0000
vt -0.2500 0.0000 1.0000
vt 0.7500 0.0000 1.0000
vt 0.5000 0.0000 1.0000
vt 0.0000 0.2000 1.0000
vt -0.2500 0.2000 1.0000
vt 0.2500 0.2000 1.0000
vt 0.5000 0.2000 1.0000
vt 0.7500 0.2000 1.0000
vt 0.0000 0.4000 1.0000
vt -0.2500 0.4000 1.0000
vt 0.2500 0.4000 1.0000
vt 0.5000 0.4000 1.0000
vt 0.7500 0.4000 1.0000
vt 0.0000 0.6000 1.0000
vt -0.2500 0.6000 1.0000
vt 0.2500 0.6000 1.0000
vt 0.5000 0.6000 1.0000
vt 0.7500 0.6000 1.0000
vt 0.0000 0.8000 1.0000
vt -0.2500 0.8000 1.0000
vt 0.2500 0.8000 1.0000
vt 0.5000 0.8000 1.0000
vt 0.7500 0.8000 1.0000
vt 0.0000 1.0000 1.0000
vt -0.2500 1.0000 1.0000
vt 0.2500 1.0000 1.0000
vt 0.5000 1.0000 1.0000
vt 0.7500 1.0000 1.0000
vt 1.0000 1.0000 -1.0000
# 31 texture coords

g Cylinder169
usemtl 03___Defaulttyi
s 1
f 4735/3494/1341 4736/3495/1341 4737/3496/1341 
f 4737/3497/1341 4738/3498/1341 4735/3494/1341 
s 8
f 4737/3496/1342 4736/3495/1343 4739/3499/1343 4740/3500/1342 
f 4736/3495/1343 4735/3494/1344 4741/3501/1344 4739/3499/1343 
f 4735/3494/1344 4738/3498/1345 4742/3502/1345 4741/3501/1344 
f 4738/3498/1345 4737/3497/1342 4740/3503/1342 4742/3502/1345 
f 4740/3500/1342 4739/3499/1343 4743/3504/1343 4744/3505/1342 
f 4739/3499/1343 4741/3501/1344 4745/3506/1344 4743/3504/1343 
f 4741/3501/1344 4742/3502/1345 4746/3507/1345 4745/3506/1344 
f 4742/3502/1345 4740/3503/1342 4744/3508/1342 4746/3507/1345 
f 4744/3505/1342 4743/3504/1343 4747/3509/1343 4748/3510/1342 
f 4743/3504/1343 4745/3506/1344 4749/3511/1344 4747/3509/1343 
f 4745/3506/1344 4746/3507/1345 4750/3512/1345 4749/3511/1344 
f 4746/3507/1345 4744/3508/1342 4748/3513/1342 4750/3512/1345 
f 4748/3510/1342 4747/3509/1343 4751/3514/1343 4752/3515/1342 
f 4747/3509/1343 4749/3511/1344 4753/3516/1344 4751/3514/1343 
f 4749/3511/1344 4750/3512/1345 4754/3517/1345 4753/3516/1344 
f 4750/3512/1345 4748/3513/1342 4752/3518/1342 4754/3517/1345 
f 4752/3515/1342 4751/3514/1343 4755/3519/1343 4756/3520/1342 
f 4751/3514/1343 4753/3516/1344 4757/3521/1344 4755/3519/1343 
f 4753/3516/1344 4754/3517/1345 4758/3522/1345 4757/3521/1344 
f 4754/3517/1345 4752/3518/1342 4756/3523/1342 4758/3522/1345 
s 1
f 4758/3524/1346 4756/3520/1346 4755/3519/1346 
f 4755/3519/1346 4757/3521/1346 4758/3522/1346 
# 20 polygons - 4 triangles

#
# object Cylinder170
#

v  41.6881 3.0926 66.3855
v  41.6881 3.7965 67.0894
v  41.6881 4.5004 66.3855
v  41.6881 3.7965 65.6816
v  41.7389 3.7965 67.0894
v  41.7389 4.5004 66.3855
v  41.7389 3.0926 66.3855
v  41.7389 3.7965 65.6816
v  41.7897 3.7965 67.0894
v  41.7897 4.5004 66.3855
v  41.7897 3.0926 66.3855
v  41.7897 3.7965 65.6816
v  41.8405 3.7965 67.0894
v  41.8405 4.5004 66.3855
v  41.8405 3.0926 66.3855
v  41.8405 3.7965 65.6816
v  41.8913 3.7965 67.0894
v  41.8913 4.5004 66.3855
v  41.8913 3.0926 66.3855
v  41.8913 3.7965 65.6816
v  41.9421 3.7965 67.0894
v  41.9421 4.5004 66.3855
v  41.9421 3.0926 66.3855
v  41.9421 3.7965 65.6816
# 24 vertices

vn -1.0000 0.0000 0.0000
vn 0.0000 1.0000 -0.0000
vn 0.0000 0.0000 1.0000
vn -0.0000 -1.0000 0.0000
vn -0.0000 -0.0000 -1.0000
vn 1.0000 -0.0000 -0.0000
# 6 vertex normals

vt 0.2500 0.0000 1.0000
vt 0.0000 0.0000 1.0000
vt -0.2500 0.0000 1.0000
vt 0.7500 0.0000 1.0000
vt 0.5000 0.0000 1.0000
vt 0.0000 0.2000 1.0000
vt -0.2500 0.2000 1.0000
vt 0.2500 0.2000 1.0000
vt 0.5000 0.2000 1.0000
vt 0.7500 0.2000 1.0000
vt 0.0000 0.4000 1.0000
vt -0.2500 0.4000 1.0000
vt 0.2500 0.4000 1.0000
vt 0.5000 0.4000 1.0000
vt 0.7500 0.4000 1.0000
vt 0.0000 0.6000 1.0000
vt -0.2500 0.6000 1.0000
vt 0.2500 0.6000 1.0000
vt 0.5000 0.6000 1.0000
vt 0.7500 0.6000 1.0000
vt 0.0000 0.8000 1.0000
vt -0.2500 0.8000 1.0000
vt 0.2500 0.8000 1.0000
vt 0.5000 0.8000 1.0000
vt 0.7500 0.8000 1.0000
vt 0.0000 1.0000 1.0000
vt -0.2500 1.0000 1.0000
vt 0.2500 1.0000 1.0000
vt 0.5000 1.0000 1.0000
vt 0.7500 1.0000 1.0000
vt 1.0000 1.0000 -1.0000
# 31 texture coords

g Cylinder170
usemtl 03___Defaulttyi
s 1
f 4759/3525/1347 4760/3526/1347 4761/3527/1347 
f 4761/3528/1347 4762/3529/1347 4759/3525/1347 
s 8
f 4761/3527/1348 4760/3526/1349 4763/3530/1349 4764/3531/1348 
f 4760/3526/1349 4759/3525/1350 4765/3532/1350 4763/3530/1349 
f 4759/3525/1350 4762/3529/1351 4766/3533/1351 4765/3532/1350 
f 4762/3529/1351 4761/3528/1348 4764/3534/1348 4766/3533/1351 
f 4764/3531/1348 4763/3530/1349 4767/3535/1349 4768/3536/1348 
f 4763/3530/1349 4765/3532/1350 4769/3537/1350 4767/3535/1349 
f 4765/3532/1350 4766/3533/1351 4770/3538/1351 4769/3537/1350 
f 4766/3533/1351 4764/3534/1348 4768/3539/1348 4770/3538/1351 
f 4768/3536/1348 4767/3535/1349 4771/3540/1349 4772/3541/1348 
f 4767/3535/1349 4769/3537/1350 4773/3542/1350 4771/3540/1349 
f 4769/3537/1350 4770/3538/1351 4774/3543/1351 4773/3542/1350 
f 4770/3538/1351 4768/3539/1348 4772/3544/1348 4774/3543/1351 
f 4772/3541/1348 4771/3540/1349 4775/3545/1349 4776/3546/1348 
f 4771/3540/1349 4773/3542/1350 4777/3547/1350 4775/3545/1349 
f 4773/3542/1350 4774/3543/1351 4778/3548/1351 4777/3547/1350 
f 4774/3543/1351 4772/3544/1348 4776/3549/1348 4778/3548/1351 
f 4776/3546/1348 4775/3545/1349 4779/3550/1349 4780/3551/1348 
f 4775/3545/1349 4777/3547/1350 4781/3552/1350 4779/3550/1349 
f 4777/3547/1350 4778/3548/1351 4782/3553/1351 4781/3552/1350 
f 4778/3548/1351 4776/3549/1348 4780/3554/1348 4782/3553/1351 
s 1
f 4782/3555/1352 4780/3551/1352 4779/3550/1352 
f 4779/3550/1352 4781/3552/1352 4782/3553/1352 
# 20 polygons - 4 triangles

#
# object Cylinder171
#

v  39.1494 3.0926 63.5118
v  38.4455 3.7965 63.5118
v  39.1494 4.5004 63.5118
v  39.8533 3.7965 63.5118
v  38.4455 3.7965 63.5626
v  39.1494 4.5004 63.5626
v  39.1494 3.0926 63.5626
v  39.8533 3.7965 63.5626
v  38.4455 3.7965 63.6134
v  39.1494 4.5004 63.6134
v  39.1494 3.0926 63.6134
v  39.8533 3.7965 63.6134
v  38.4455 3.7965 63.6642
v  39.1494 4.5004 63.6642
v  39.1494 3.0926 63.6642
v  39.8533 3.7965 63.6642
v  38.4455 3.7965 63.7150
v  39.1494 4.5004 63.7150
v  39.1494 3.0926 63.7150
v  39.8533 3.7965 63.7150
v  38.4455 3.7965 63.7658
v  39.1494 4.5004 63.7658
v  39.1494 3.0926 63.7658
v  39.8533 3.7965 63.7658
# 24 vertices

vn -0.0000 -0.0000 -1.0000
vn 0.0000 1.0000 -0.0000
vn -1.0000 0.0000 0.0000
vn -0.0000 -1.0000 0.0000
vn 1.0000 -0.0000 -0.0000
vn 0.0000 0.0000 1.0000
# 6 vertex normals

vt 0.2500 0.0000 1.0000
vt 0.0000 0.0000 1.0000
vt -0.2500 0.0000 1.0000
vt 0.7500 0.0000 1.0000
vt 0.5000 0.0000 1.0000
vt 0.0000 0.2000 1.0000
vt -0.2500 0.2000 1.0000
vt 0.2500 0.2000 1.0000
vt 0.5000 0.2000 1.0000
vt 0.7500 0.2000 1.0000
vt 0.0000 0.4000 1.0000
vt -0.2500 0.4000 1.0000
vt 0.2500 0.4000 1.0000
vt 0.5000 0.4000 1.0000
vt 0.7500 0.4000 1.0000
vt 0.0000 0.6000 1.0000
vt -0.2500 0.6000 1.0000
vt 0.2500 0.6000 1.0000
vt 0.5000 0.6000 1.0000
vt 0.7500 0.6000 1.0000
vt 0.0000 0.8000 1.0000
vt -0.2500 0.8000 1.0000
vt 0.2500 0.8000 1.0000
vt 0.5000 0.8000 1.0000
vt 0.7500 0.8000 1.0000
vt 0.0000 1.0000 1.0000
vt -0.2500 1.0000 1.0000
vt 0.2500 1.0000 1.0000
vt 0.5000 1.0000 1.0000
vt 0.7500 1.0000 1.0000
vt 1.0000 1.0000 -1.0000
# 31 texture coords

g Cylinder171
usemtl 03___Defaulttyi
s 1
f 4783/3556/1353 4784/3557/1353 4785/3558/1353 
f 4785/3559/1353 4786/3560/1353 4783/3556/1353 
s 8
f 4785/3558/1354 4784/3557/1355 4787/3561/1355 4788/3562/1354 
f 4784/3557/1355 4783/3556/1356 4789/3563/1356 4787/3561/1355 
f 4783/3556/1356 4786/3560/1357 4790/3564/1357 4789/3563/1356 
f 4786/3560/1357 4785/3559/1354 4788/3565/1354 4790/3564/1357 
f 4788/3562/1354 4787/3561/1355 4791/3566/1355 4792/3567/1354 
f 4787/3561/1355 4789/3563/1356 4793/3568/1356 4791/3566/1355 
f 4789/3563/1356 4790/3564/1357 4794/3569/1357 4793/3568/1356 
f 4790/3564/1357 4788/3565/1354 4792/3570/1354 4794/3569/1357 
f 4792/3567/1354 4791/3566/1355 4795/3571/1355 4796/3572/1354 
f 4791/3566/1355 4793/3568/1356 4797/3573/1356 4795/3571/1355 
f 4793/3568/1356 4794/3569/1357 4798/3574/1357 4797/3573/1356 
f 4794/3569/1357 4792/3570/1354 4796/3575/1354 4798/3574/1357 
f 4796/3572/1354 4795/3571/1355 4799/3576/1355 4800/3577/1354 
f 4795/3571/1355 4797/3573/1356 4801/3578/1356 4799/3576/1355 
f 4797/3573/1356 4798/3574/1357 4802/3579/1357 4801/3578/1356 
f 4798/3574/1357 4796/3575/1354 4800/3580/1354 4802/3579/1357 
f 4800/3577/1354 4799/3576/1355 4803/3581/1355 4804/3582/1354 
f 4799/3576/1355 4801/3578/1356 4805/3583/1356 4803/3581/1355 
f 4801/3578/1356 4802/3579/1357 4806/3584/1357 4805/3583/1356 
f 4802/3579/1357 4800/3580/1354 4804/3585/1354 4806/3584/1357 
s 1
f 4806/3586/1358 4804/3582/1358 4803/3581/1358 
f 4803/3581/1358 4805/3583/1358 4806/3584/1358 
# 20 polygons - 4 triangles

#
# object Box425
#

v  41.5200 -0.3273 68.8139
v  36.6940 -0.3273 68.8139
v  36.6940 -0.3273 63.9879
v  41.5200 -0.3273 63.9879
v  41.5200 0.9427 68.8139
v  41.5200 0.9427 63.9879
v  36.6940 0.9427 63.9879
v  36.6940 0.9427 68.8139
# 8 vertices

vn 0.0000 -1.0000 -0.0000
vn 0.0000 1.0000 -0.0000
vn 1.0000 0.0000 -0.0000
vn -0.0000 0.0000 -1.0000
vn -1.0000 0.0000 0.0000
vn 0.0000 0.0000 1.0000
# 6 vertex normals

vt 1.0000 0.0000 0.0000
vt 1.0000 1.0000 0.0000
vt 0.0000 1.0000 0.0000
vt 0.0000 0.0000 0.0000
# 4 texture coords

g Box425
usemtl tfg
s 2
f 4807/3587/1359 4808/3588/1359 4809/3589/1359 4810/3590/1359 
s 4
f 4811/3590/1360 4812/3587/1360 4813/3588/1360 4814/3589/1360 
s 8
f 4807/3590/1361 4810/3587/1361 4812/3588/1361 4811/3589/1361 
s 16
f 4810/3590/1362 4809/3587/1362 4813/3588/1362 4812/3589/1362 
s 32
f 4809/3590/1363 4808/3587/1363 4814/3588/1363 4813/3589/1363 
s 64
f 4808/3590/1364 4807/3587/1364 4811/3588/1364 4814/3589/1364 
# 6 polygons

#
# object Cylinder166
#

v  30.9811 3.0926 68.9704
v  30.2772 3.7965 68.9704
v  30.9811 4.5004 68.9704
v  31.6850 3.7965 68.9704
v  30.2772 3.7965 69.0212
v  30.9811 4.5004 69.0212
v  30.9811 3.0926 69.0212
v  31.6850 3.7965 69.0212
v  30.2772 3.7965 69.0720
v  30.9811 4.5004 69.0720
v  30.9811 3.0926 69.0720
v  31.6850 3.7965 69.0720
v  30.2772 3.7965 69.1228
v  30.9811 4.5004 69.1228
v  30.9811 3.0926 69.1228
v  31.6850 3.7965 69.1228
v  30.2772 3.7965 69.1736
v  30.9811 4.5004 69.1736
v  30.9811 3.0926 69.1736
v  31.6850 3.7965 69.1736
v  30.2772 3.7965 69.2244
v  30.9811 4.5004 69.2244
v  30.9811 3.0926 69.2244
v  31.6850 3.7965 69.2244
# 24 vertices

vn -0.0000 -0.0000 -1.0000
vn 0.0000 1.0000 -0.0000
vn -1.0000 0.0000 0.0000
vn -0.0000 -1.0000 0.0000
vn 1.0000 -0.0000 -0.0000
vn 0.0000 0.0000 1.0000
# 6 vertex normals

vt 0.2500 0.0000 1.0000
vt 0.0000 0.0000 1.0000
vt -0.2500 0.0000 1.0000
vt 0.7500 0.0000 1.0000
vt 0.5000 0.0000 1.0000
vt 0.0000 0.2000 1.0000
vt -0.2500 0.2000 1.0000
vt 0.2500 0.2000 1.0000
vt 0.5000 0.2000 1.0000
vt 0.7500 0.2000 1.0000
vt 0.0000 0.4000 1.0000
vt -0.2500 0.4000 1.0000
vt 0.2500 0.4000 1.0000
vt 0.5000 0.4000 1.0000
vt 0.7500 0.4000 1.0000
vt 0.0000 0.6000 1.0000
vt -0.2500 0.6000 1.0000
vt 0.2500 0.6000 1.0000
vt 0.5000 0.6000 1.0000
vt 0.7500 0.6000 1.0000
vt 0.0000 0.8000 1.0000
vt -0.2500 0.8000 1.0000
vt 0.2500 0.8000 1.0000
vt 0.5000 0.8000 1.0000
vt 0.7500 0.8000 1.0000
vt 0.0000 1.0000 1.0000
vt -0.2500 1.0000 1.0000
vt 0.2500 1.0000 1.0000
vt 0.5000 1.0000 1.0000
vt 0.7500 1.0000 1.0000
vt 1.0000 1.0000 -1.0000
# 31 texture coords

g Cylinder166
usemtl 03___Defaulttyi
s 1
f 4815/3591/1365 4816/3592/1365 4817/3593/1365 
f 4817/3594/1365 4818/3595/1365 4815/3591/1365 
s 8
f 4817/3593/1366 4816/3592/1367 4819/3596/1367 4820/3597/1366 
f 4816/3592/1367 4815/3591/1368 4821/3598/1368 4819/3596/1367 
f 4815/3591/1368 4818/3595/1369 4822/3599/1369 4821/3598/1368 
f 4818/3595/1369 4817/3594/1366 4820/3600/1366 4822/3599/1369 
f 4820/3597/1366 4819/3596/1367 4823/3601/1367 4824/3602/1366 
f 4819/3596/1367 4821/3598/1368 4825/3603/1368 4823/3601/1367 
f 4821/3598/1368 4822/3599/1369 4826/3604/1369 4825/3603/1368 
f 4822/3599/1369 4820/3600/1366 4824/3605/1366 4826/3604/1369 
f 4824/3602/1366 4823/3601/1367 4827/3606/1367 4828/3607/1366 
f 4823/3601/1367 4825/3603/1368 4829/3608/1368 4827/3606/1367 
f 4825/3603/1368 4826/3604/1369 4830/3609/1369 4829/3608/1368 
f 4826/3604/1369 4824/3605/1366 4828/3610/1366 4830/3609/1369 
f 4828/3607/1366 4827/3606/1367 4831/3611/1367 4832/3612/1366 
f 4827/3606/1367 4829/3608/1368 4833/3613/1368 4831/3611/1367 
f 4829/3608/1368 4830/3609/1369 4834/3614/1369 4833/3613/1368 
f 4830/3609/1369 4828/3610/1366 4832/3615/1366 4834/3614/1369 
f 4832/3612/1366 4831/3611/1367 4835/3616/1367 4836/3617/1366 
f 4831/3611/1367 4833/3613/1368 4837/3618/1368 4835/3616/1367 
f 4833/3613/1368 4834/3614/1369 4838/3619/1369 4837/3618/1368 
f 4834/3614/1369 4832/3615/1366 4836/3620/1366 4838/3619/1369 
s 1
f 4838/3621/1370 4836/3617/1370 4835/3616/1370 
f 4835/3616/1370 4837/3618/1370 4838/3619/1370 
# 20 polygons - 4 triangles

#
# object Box420
#

v  33.4788 3.6289 68.9409
v  28.3988 3.6289 68.9409
v  28.3988 3.6289 63.8609
v  33.4788 3.6289 63.8609
v  33.4788 3.8829 68.9409
v  33.4788 3.8829 63.8609
v  28.3988 3.8829 63.8609
v  28.3988 3.8829 68.9409
# 8 vertices

vn 0.0000 -1.0000 -0.0000
vn 0.0000 1.0000 -0.0000
vn 1.0000 0.0000 -0.0000
vn -0.0000 0.0000 -1.0000
vn -1.0000 0.0000 0.0000
vn 0.0000 0.0000 1.0000
# 6 vertex normals

vt 1.0000 0.0000 0.0000
vt 1.0000 1.0000 0.0000
vt 0.0000 1.0000 0.0000
vt 0.0000 0.0000 0.0000
# 4 texture coords

g Box420
usemtl cvj
s 2
f 4839/3622/1371 4840/3623/1371 4841/3624/1371 4842/3625/1371 
s 4
f 4843/3625/1372 4844/3622/1372 4845/3623/1372 4846/3624/1372 
s 8
f 4839/3625/1373 4842/3622/1373 4844/3623/1373 4843/3624/1373 
s 16
f 4842/3625/1374 4841/3622/1374 4845/3623/1374 4844/3624/1374 
s 32
f 4841/3625/1375 4840/3622/1375 4846/3623/1375 4845/3624/1375 
s 64
f 4840/3625/1376 4839/3622/1376 4843/3623/1376 4846/3624/1376 
# 6 polygons

#
# object Cylinder165
#

v  28.0388 3.0926 66.3855
v  28.0388 3.7965 67.0894
v  28.0388 4.5004 66.3855
v  28.0388 3.7965 65.6816
v  28.0896 3.7965 67.0894
v  28.0896 4.5004 66.3855
v  28.0896 3.0926 66.3855
v  28.0896 3.7965 65.6816
v  28.1404 3.7965 67.0894
v  28.1404 4.5004 66.3855
v  28.1404 3.0926 66.3855
v  28.1404 3.7965 65.6816
v  28.1912 3.7965 67.0894
v  28.1912 4.5004 66.3855
v  28.1912 3.0926 66.3855
v  28.1912 3.7965 65.6816
v  28.2420 3.7965 67.0894
v  28.2420 4.5004 66.3855
v  28.2420 3.0926 66.3855
v  28.2420 3.7965 65.6816
v  28.2928 3.7965 67.0894
v  28.2928 4.5004 66.3855
v  28.2928 3.0926 66.3855
v  28.2928 3.7965 65.6816
# 24 vertices

vn -1.0000 0.0000 0.0000
vn 0.0000 1.0000 -0.0000
vn 0.0000 0.0000 1.0000
vn -0.0000 -1.0000 0.0000
vn -0.0000 -0.0000 -1.0000
vn 1.0000 -0.0000 -0.0000
# 6 vertex normals

vt 0.2500 0.0000 1.0000
vt 0.0000 0.0000 1.0000
vt -0.2500 0.0000 1.0000
vt 0.7500 0.0000 1.0000
vt 0.5000 0.0000 1.0000
vt 0.0000 0.2000 1.0000
vt -0.2500 0.2000 1.0000
vt 0.2500 0.2000 1.0000
vt 0.5000 0.2000 1.0000
vt 0.7500 0.2000 1.0000
vt 0.0000 0.4000 1.0000
vt -0.2500 0.4000 1.0000
vt 0.2500 0.4000 1.0000
vt 0.5000 0.4000 1.0000
vt 0.7500 0.4000 1.0000
vt 0.0000 0.6000 1.0000
vt -0.2500 0.6000 1.0000
vt 0.2500 0.6000 1.0000
vt 0.5000 0.6000 1.0000
vt 0.7500 0.6000 1.0000
vt 0.0000 0.8000 1.0000
vt -0.2500 0.8000 1.0000
vt 0.2500 0.8000 1.0000
vt 0.5000 0.8000 1.0000
vt 0.7500 0.8000 1.0000
vt 0.0000 1.0000 1.0000
vt -0.2500 1.0000 1.0000
vt 0.2500 1.0000 1.0000
vt 0.5000 1.0000 1.0000
vt 0.7500 1.0000 1.0000
vt 1.0000 1.0000 -1.0000
# 31 texture coords

g Cylinder165
usemtl 03___Defaulttyi
s 1
f 4847/3626/1377 4848/3627/1377 4849/3628/1377 
f 4849/3629/1377 4850/3630/1377 4847/3626/1377 
s 8
f 4849/3628/1378 4848/3627/1379 4851/3631/1379 4852/3632/1378 
f 4848/3627/1379 4847/3626/1380 4853/3633/1380 4851/3631/1379 
f 4847/3626/1380 4850/3630/1381 4854/3634/1381 4853/3633/1380 
f 4850/3630/1381 4849/3629/1378 4852/3635/1378 4854/3634/1381 
f 4852/3632/1378 4851/3631/1379 4855/3636/1379 4856/3637/1378 
f 4851/3631/1379 4853/3633/1380 4857/3638/1380 4855/3636/1379 
f 4853/3633/1380 4854/3634/1381 4858/3639/1381 4857/3638/1380 
f 4854/3634/1381 4852/3635/1378 4856/3640/1378 4858/3639/1381 
f 4856/3637/1378 4855/3636/1379 4859/3641/1379 4860/3642/1378 
f 4855/3636/1379 4857/3638/1380 4861/3643/1380 4859/3641/1379 
f 4857/3638/1380 4858/3639/1381 4862/3644/1381 4861/3643/1380 
f 4858/3639/1381 4856/3640/1378 4860/3645/1378 4862/3644/1381 
f 4860/3642/1378 4859/3641/1379 4863/3646/1379 4864/3647/1378 
f 4859/3641/1379 4861/3643/1380 4865/3648/1380 4863/3646/1379 
f 4861/3643/1380 4862/3644/1381 4866/3649/1381 4865/3648/1380 
f 4862/3644/1381 4860/3645/1378 4864/3650/1378 4866/3649/1381 
f 4864/3647/1378 4863/3646/1379 4867/3651/1379 4868/3652/1378 
f 4863/3646/1379 4865/3648/1380 4869/3653/1380 4867/3651/1379 
f 4865/3648/1380 4866/3649/1381 4870/3654/1381 4869/3653/1380 
f 4866/3649/1381 4864/3650/1378 4868/3655/1378 4870/3654/1381 
s 1
f 4870/3656/1382 4868/3652/1382 4867/3651/1382 
f 4867/3651/1382 4869/3653/1382 4870/3654/1382 
# 20 polygons - 4 triangles

#
# object Cylinder167
#

v  33.5198 3.0926 66.3855
v  33.5198 3.7965 67.0894
v  33.5198 4.5004 66.3855
v  33.5198 3.7965 65.6816
v  33.5706 3.7965 67.0894
v  33.5706 4.5004 66.3855
v  33.5706 3.0926 66.3855
v  33.5706 3.7965 65.6816
v  33.6214 3.7965 67.0894
v  33.6214 4.5004 66.3855
v  33.6214 3.0926 66.3855
v  33.6214 3.7965 65.6816
v  33.6722 3.7965 67.0894
v  33.6722 4.5004 66.3855
v  33.6722 3.0926 66.3855
v  33.6722 3.7965 65.6816
v  33.7230 3.7965 67.0894
v  33.7230 4.5004 66.3855
v  33.7230 3.0926 66.3855
v  33.7230 3.7965 65.6816
v  33.7738 3.7965 67.0894
v  33.7738 4.5004 66.3855
v  33.7738 3.0926 66.3855
v  33.7738 3.7965 65.6816
# 24 vertices

vn -1.0000 0.0000 0.0000
vn 0.0000 1.0000 -0.0000
vn 0.0000 0.0000 1.0000
vn -0.0000 -1.0000 0.0000
vn -0.0000 -0.0000 -1.0000
vn 1.0000 -0.0000 -0.0000
# 6 vertex normals

vt 0.2500 0.0000 1.0000
vt 0.0000 0.0000 1.0000
vt -0.2500 0.0000 1.0000
vt 0.7500 0.0000 1.0000
vt 0.5000 0.0000 1.0000
vt 0.0000 0.2000 1.0000
vt -0.2500 0.2000 1.0000
vt 0.2500 0.2000 1.0000
vt 0.5000 0.2000 1.0000
vt 0.7500 0.2000 1.0000
vt 0.0000 0.4000 1.0000
vt -0.2500 0.4000 1.0000
vt 0.2500 0.4000 1.0000
vt 0.5000 0.4000 1.0000
vt 0.7500 0.4000 1.0000
vt 0.0000 0.6000 1.0000
vt -0.2500 0.6000 1.0000
vt 0.2500 0.6000 1.0000
vt 0.5000 0.6000 1.0000
vt 0.7500 0.6000 1.0000
vt 0.0000 0.8000 1.0000
vt -0.2500 0.8000 1.0000
vt 0.2500 0.8000 1.0000
vt 0.5000 0.8000 1.0000
vt 0.7500 0.8000 1.0000
vt 0.0000 1.0000 1.0000
vt -0.2500 1.0000 1.0000
vt 0.2500 1.0000 1.0000
vt 0.5000 1.0000 1.0000
vt 0.7500 1.0000 1.0000
vt 1.0000 1.0000 -1.0000
# 31 texture coords

g Cylinder167
usemtl 03___Defaulttyi
s 1
f 4871/3657/1383 4872/3658/1383 4873/3659/1383 
f 4873/3660/1383 4874/3661/1383 4871/3657/1383 
s 8
f 4873/3659/1384 4872/3658/1385 4875/3662/1385 4876/3663/1384 
f 4872/3658/1385 4871/3657/1386 4877/3664/1386 4875/3662/1385 
f 4871/3657/1386 4874/3661/1387 4878/3665/1387 4877/3664/1386 
f 4874/3661/1387 4873/3660/1384 4876/3666/1384 4878/3665/1387 
f 4876/3663/1384 4875/3662/1385 4879/3667/1385 4880/3668/1384 
f 4875/3662/1385 4877/3664/1386 4881/3669/1386 4879/3667/1385 
f 4877/3664/1386 4878/3665/1387 4882/3670/1387 4881/3669/1386 
f 4878/3665/1387 4876/3666/1384 4880/3671/1384 4882/3670/1387 
f 4880/3668/1384 4879/3667/1385 4883/3672/1385 4884/3673/1384 
f 4879/3667/1385 4881/3669/1386 4885/3674/1386 4883/3672/1385 
f 4881/3669/1386 4882/3670/1387 4886/3675/1387 4885/3674/1386 
f 4882/3670/1387 4880/3671/1384 4884/3676/1384 4886/3675/1387 
f 4884/3673/1384 4883/3672/1385 4887/3677/1385 4888/3678/1384 
f 4883/3672/1385 4885/3674/1386 4889/3679/1386 4887/3677/1385 
f 4885/3674/1386 4886/3675/1387 4890/3680/1387 4889/3679/1386 
f 4886/3675/1387 4884/3676/1384 4888/3681/1384 4890/3680/1387 
f 4888/3678/1384 4887/3677/1385 4891/3682/1385 4892/3683/1384 
f 4887/3677/1385 4889/3679/1386 4893/3684/1386 4891/3682/1385 
f 4889/3679/1386 4890/3680/1387 4894/3685/1387 4893/3684/1386 
f 4890/3680/1387 4888/3681/1384 4892/3686/1384 4894/3685/1387 
s 1
f 4894/3687/1388 4892/3683/1388 4891/3682/1388 
f 4891/3682/1388 4893/3684/1388 4894/3685/1388 
# 20 polygons - 4 triangles

#
# object Cylinder164
#

v  30.9811 3.0926 63.5118
v  30.2772 3.7965 63.5118
v  30.9811 4.5004 63.5118
v  31.6850 3.7965 63.5118
v  30.2772 3.7965 63.5626
v  30.9811 4.5004 63.5626
v  30.9811 3.0926 63.5626
v  31.6850 3.7965 63.5626
v  30.2772 3.7965 63.6134
v  30.9811 4.5004 63.6134
v  30.9811 3.0926 63.6134
v  31.6850 3.7965 63.6134
v  30.2772 3.7965 63.6642
v  30.9811 4.5004 63.6642
v  30.9811 3.0926 63.6642
v  31.6850 3.7965 63.6642
v  30.2772 3.7965 63.7150
v  30.9811 4.5004 63.7150
v  30.9811 3.0926 63.7150
v  31.6850 3.7965 63.7150
v  30.2772 3.7965 63.7658
v  30.9811 4.5004 63.7658
v  30.9811 3.0926 63.7658
v  31.6850 3.7965 63.7658
# 24 vertices

vn -0.0000 -0.0000 -1.0000
vn 0.0000 1.0000 -0.0000
vn -1.0000 0.0000 0.0000
vn -0.0000 -1.0000 0.0000
vn 1.0000 -0.0000 -0.0000
vn 0.0000 0.0000 1.0000
# 6 vertex normals

vt 0.2500 0.0000 1.0000
vt 0.0000 0.0000 1.0000
vt -0.2500 0.0000 1.0000
vt 0.7500 0.0000 1.0000
vt 0.5000 0.0000 1.0000
vt 0.0000 0.2000 1.0000
vt -0.2500 0.2000 1.0000
vt 0.2500 0.2000 1.0000
vt 0.5000 0.2000 1.0000
vt 0.7500 0.2000 1.0000
vt 0.0000 0.4000 1.0000
vt -0.2500 0.4000 1.0000
vt 0.2500 0.4000 1.0000
vt 0.5000 0.4000 1.0000
vt 0.7500 0.4000 1.0000
vt 0.0000 0.6000 1.0000
vt -0.2500 0.6000 1.0000
vt 0.2500 0.6000 1.0000
vt 0.5000 0.6000 1.0000
vt 0.7500 0.6000 1.0000
vt 0.0000 0.8000 1.0000
vt -0.2500 0.8000 1.0000
vt 0.2500 0.8000 1.0000
vt 0.5000 0.8000 1.0000
vt 0.7500 0.8000 1.0000
vt 0.0000 1.0000 1.0000
vt -0.2500 1.0000 1.0000
vt 0.2500 1.0000 1.0000
vt 0.5000 1.0000 1.0000
vt 0.7500 1.0000 1.0000
vt 1.0000 1.0000 -1.0000
# 31 texture coords

g Cylinder164
usemtl 03___Defaulttyi
s 1
f 4895/3688/1389 4896/3689/1389 4897/3690/1389 
f 4897/3691/1389 4898/3692/1389 4895/3688/1389 
s 8
f 4897/3690/1390 4896/3689/1391 4899/3693/1391 4900/3694/1390 
f 4896/3689/1391 4895/3688/1392 4901/3695/1392 4899/3693/1391 
f 4895/3688/1392 4898/3692/1393 4902/3696/1393 4901/3695/1392 
f 4898/3692/1393 4897/3691/1390 4900/3697/1390 4902/3696/1393 
f 4900/3694/1390 4899/3693/1391 4903/3698/1391 4904/3699/1390 
f 4899/3693/1391 4901/3695/1392 4905/3700/1392 4903/3698/1391 
f 4901/3695/1392 4902/3696/1393 4906/3701/1393 4905/3700/1392 
f 4902/3696/1393 4900/3697/1390 4904/3702/1390 4906/3701/1393 
f 4904/3699/1390 4903/3698/1391 4907/3703/1391 4908/3704/1390 
f 4903/3698/1391 4905/3700/1392 4909/3705/1392 4907/3703/1391 
f 4905/3700/1392 4906/3701/1393 4910/3706/1393 4909/3705/1392 
f 4906/3701/1393 4904/3702/1390 4908/3707/1390 4910/3706/1393 
f 4908/3704/1390 4907/3703/1391 4911/3708/1391 4912/3709/1390 
f 4907/3703/1391 4909/3705/1392 4913/3710/1392 4911/3708/1391 
f 4909/3705/1392 4910/3706/1393 4914/3711/1393 4913/3710/1392 
f 4910/3706/1393 4908/3707/1390 4912/3712/1390 4914/3711/1393 
f 4912/3709/1390 4911/3708/1391 4915/3713/1391 4916/3714/1390 
f 4911/3708/1391 4913/3710/1392 4917/3715/1392 4915/3713/1391 
f 4913/3710/1392 4914/3711/1393 4918/3716/1393 4917/3715/1392 
f 4914/3711/1393 4912/3712/1390 4916/3717/1390 4918/3716/1393 
s 1
f 4918/3718/1394 4916/3714/1394 4915/3713/1394 
f 4915/3713/1394 4917/3715/1394 4918/3716/1394 
# 20 polygons - 4 triangles

#
# object Box419
#

v  33.0978 -0.3273 68.5599
v  31.6584 -0.3273 68.5599
v  31.6584 -0.3273 67.1206
v  33.0978 -0.3273 67.1206
v  31.6584 -0.3273 65.6812
v  33.0978 -0.3273 65.6812
v  31.6584 -0.3273 64.2419
v  33.0978 -0.3273 64.2419
v  30.2191 -0.3273 68.5599
v  30.2191 -0.3273 67.1206
v  30.2191 -0.3273 65.6812
v  30.2191 -0.3273 64.2419
v  28.7798 -0.3273 68.5599
v  28.7798 -0.3273 67.1206
v  28.7798 -0.3273 65.6812
v  28.7798 -0.3273 64.2419
v  33.0978 7.5652 68.5599
v  33.0978 7.5652 67.1206
v  31.6584 7.5652 67.1206
v  31.6584 7.5652 68.5599
v  33.0978 7.5652 65.6812
v  31.6584 7.5652 65.6812
v  33.0978 7.5652 64.2419
v  31.6584 7.5652 64.2419
v  30.2191 7.5652 67.1206
v  30.2191 7.5652 68.5599
v  30.2191 7.5652 65.6812
v  30.2191 7.5652 64.2419
v  28.7798 7.5652 67.1206
v  28.7798 7.5652 68.5599
v  28.7798 7.5652 65.6812
v  28.7798 7.5652 64.2419
v  33.0978 3.8089 67.1206
v  33.0978 3.8089 68.5599
v  33.6058 -0.3273 67.1206
v  33.6058 -0.3273 65.6812
v  33.6058 3.8089 65.6812
v  33.6058 3.8089 67.1206
v  33.0978 3.8089 64.2419
v  33.0978 3.8089 65.6812
v  33.6058 7.5652 65.6812
v  33.6058 7.5652 67.1206
v  31.6584 3.8089 64.2419
v  31.6584 -0.3273 63.7339
v  30.2191 -0.3273 63.7339
v  30.2191 3.8089 63.7339
v  31.6584 3.8089 63.7339
v  28.7798 3.8089 64.2419
v  30.2191 3.8089 64.2419
v  30.2191 7.5652 63.7339
v  31.6584 7.5652 63.7339
v  28.7798 3.8089 65.6812
v  28.2718 -0.3273 65.6812
v  28.2718 -0.3273 67.1206
v  28.2718 3.8089 67.1206
v  28.2718 3.8089 65.6812
v  28.7798 3.8089 68.5599
v  28.7798 3.8089 67.1206
v  28.2718 7.5652 67.1206
v  28.2718 7.5652 65.6812
v  30.2191 3.8089 68.5599
v  30.2191 -0.3273 69.0679
v  31.6584 -0.3273 69.0679
v  31.6584 3.8089 69.0679
v  30.2191 3.8089 69.0679
v  31.6584 3.8089 68.5599
v  31.6584 7.5652 69.0679
v  30.2191 7.5652 69.0679
# 68 vertices

vn 0.0000 -1.0000 -0.0000
vn 0.0000 1.0000 -0.0000
vn 1.0000 0.0000 -0.0000
vn -0.0000 0.0000 -1.0000
vn -0.0000 -0.0000 -1.0000
vn -1.0000 0.0000 0.0000
vn -1.0000 -0.0000 0.0000
vn 0.0000 0.0000 1.0000
vn 0.0000 -0.0000 1.0000
vn 1.0000 -0.0000 -0.0000
# 10 vertex normals

vt 1.0000 0.0000 0.0000
vt 1.0000 0.3333 0.0000
vt 0.6667 0.3333 0.0000
vt 0.6667 0.0000 0.0000
vt 0.3333 0.3333 0.0000
vt 0.3333 0.0000 0.0000
vt -0.0000 0.3333 0.0000
vt -0.0000 0.0000 0.0000
vt 1.0000 0.6667 0.0000
vt 0.6667 0.6667 0.0000
vt 0.3333 0.6667 0.0000
vt -0.0000 0.6667 0.0000
vt 1.0000 1.0000 0.0000
vt 0.6667 1.0000 0.0000
vt 0.3333 1.0000 0.0000
vt -0.0000 1.0000 0.0000
vt 0.0000 0.0000 0.0000
vt 0.0000 0.3333 0.0000
vt 0.0000 0.6667 0.0000
vt 0.0000 1.0000 0.0000
vt 0.3333 0.5000 0.0000
vt 0.0000 0.5000 0.0000
vt 0.6667 0.5000 0.0000
vt 1.0000 0.5000 0.0000
# 24 texture coords

g Box419
usemtl xdgh
s 2
f 4919/3719/1395 4920/3720/1395 4921/3721/1395 4922/3722/1395 
f 4922/3722/1395 4921/3721/1395 4923/3723/1395 4924/3724/1395 
f 4924/3724/1395 4923/3723/1395 4925/3725/1395 4926/3726/1395 
f 4920/3720/1395 4927/3727/1395 4928/3728/1395 4921/3721/1395 
f 4921/3721/1395 4928/3728/1395 4929/3729/1395 4923/3723/1395 
f 4923/3723/1395 4929/3729/1395 4930/3730/1395 4925/3725/1395 
f 4927/3727/1395 4931/3731/1395 4932/3732/1395 4928/3728/1395 
f 4928/3728/1395 4932/3732/1395 4933/3733/1395 4929/3729/1395 
f 4929/3729/1395 4933/3733/1395 4934/3734/1395 4930/3730/1395 
s 4
f 4935/3735/1396 4936/3724/1396 4937/3723/1396 4938/3736/1396 
f 4936/3724/1396 4939/3722/1396 4940/3721/1396 4937/3723/1396 
f 4939/3722/1396 4941/3719/1396 4942/3720/1396 4940/3721/1396 
f 4938/3736/1396 4937/3723/1396 4943/3729/1396 4944/3737/1396 
f 4937/3723/1396 4940/3721/1396 4945/3728/1396 4943/3729/1396 
f 4940/3721/1396 4942/3720/1396 4946/3727/1396 4945/3728/1396 
f 4944/3737/1396 4943/3729/1396 4947/3733/1396 4948/3738/1396 
f 4943/3729/1396 4945/3728/1396 4949/3732/1396 4947/3733/1396 
f 4945/3728/1396 4946/3727/1396 4950/3731/1396 4949/3732/1396 
s 8
f 4919/3735/1397 4922/3724/1397 4951/3739/1397 4952/3740/1397 
f 4953/3724/1397 4954/3722/1397 4955/3741/1397 4956/3739/1397 
f 4924/3722/1397 4926/3719/1397 4957/3742/1397 4958/3741/1397 
usemtl tfg
f 4952/3740/1397 4951/3739/1397 4936/3733/1397 4935/3738/1397 
usemtl xdgh
f 4956/3739/1397 4955/3741/1397 4959/3732/1397 4960/3733/1397 
usemtl tfg
f 4958/3741/1397 4957/3742/1397 4941/3731/1397 4939/3732/1397 
usemtl xdgh
s 16
f 4926/3735/1398 4925/3724/1398 4961/3739/1398 4957/3740/1398 
f 4962/3724/1399 4963/3722/1399 4964/3741/1398 4965/3739/1398 
f 4930/3722/1398 4934/3719/1398 4966/3742/1398 4967/3741/1398 
usemtl tfg
f 4957/3740/1398 4961/3739/1398 4942/3733/1398 4941/3738/1398 
usemtl xdgh
f 4965/3739/1398 4964/3741/1398 4968/3732/1398 4969/3733/1398 
usemtl tfg
f 4967/3741/1398 4966/3742/1398 4950/3731/1398 4946/3732/1398 
usemtl xdgh
s 32
f 4934/3735/1400 4933/3724/1400 4970/3739/1400 4966/3740/1400 
f 4971/3724/1401 4972/3722/1401 4973/3741/1400 4974/3739/1400 
f 4932/3722/1400 4931/3719/1400 4975/3742/1400 4976/3741/1400 
usemtl tfg
f 4966/3740/1400 4970/3739/1400 4949/3733/1400 4950/3738/1400 
usemtl xdgh
f 4974/3739/1400 4973/3741/1400 4977/3732/1400 4978/3733/1400 
usemtl tfg
f 4976/3741/1400 4975/3742/1400 4948/3731/1400 4947/3732/1400 
usemtl xdgh
s 64
f 4931/3735/1402 4927/3724/1402 4979/3739/1402 4975/3740/1402 
f 4980/3724/1402 4981/3722/1402 4982/3741/1402 4983/3739/1402 
f 4920/3722/1402 4919/3719/1402 4952/3742/1402 4984/3741/1402 
usemtl tfg
f 4975/3740/1402 4979/3739/1402 4944/3733/1402 4948/3738/1402 
usemtl xdgh
f 4983/3739/1402 4982/3741/1402 4985/3732/1402 4986/3733/1402 
usemtl tfg
f 4984/3741/1402 4952/3742/1402 4935/3731/1402 4938/3732/1402 
usemtl xdgh
s off
f 4922/3722/1395 4924/3724/1395 4954/3722/1395 4953/3724/1395 
usemtl tfg
f 4924/3722/1398 4958/3741/1398 4955/3741/1398 4954/3722/1398 
f 4958/3741/1398 4939/3732/1398 4959/3732/1398 4955/3741/1398 
usemtl xdgh
f 4939/3722/1396 4936/3724/1396 4960/3733/1396 4959/3732/1396 
usemtl tfg
f 4936/3733/1402 4951/3739/1402 4956/3739/1402 4960/3733/1402 
f 4951/3739/1402 4922/3724/1402 4953/3724/1402 4956/3739/1402 
usemtl xdgh
f 4925/3725/1395 4930/3730/1395 4963/3722/1395 4962/3724/1395 
usemtl tfg
f 4930/3722/1400 4967/3741/1400 4964/3741/1400 4963/3722/1400 
f 4967/3741/1400 4946/3732/1400 4968/3732/1400 4964/3741/1400 
usemtl xdgh
f 4946/3727/1396 4942/3720/1396 4969/3733/1396 4968/3732/1396 
usemtl tfg
f 4942/3733/1397 4961/3739/1397 4965/3739/1397 4969/3733/1397 
f 4961/3739/1397 4925/3724/1397 4962/3724/1397 4965/3739/1397 
usemtl xdgh
f 4933/3733/1395 4932/3732/1395 4972/3722/1395 4971/3724/1395 
usemtl tfg
f 4932/3722/1402 4976/3741/1402 4973/3741/1402 4972/3722/1402 
f 4976/3741/1403 4947/3732/1403 4977/3732/1403 4973/3741/1403 
usemtl xdgh
f 4947/3733/1396 4949/3732/1396 4978/3733/1396 4977/3732/1396 
usemtl tfg
f 4949/3733/1398 4970/3739/1398 4974/3739/1398 4978/3733/1398 
f 4970/3739/1399 4933/3724/1399 4971/3724/1399 4974/3739/1399 
usemtl xdgh
f 4927/3727/1395 4920/3720/1395 4981/3722/1395 4980/3724/1395 
usemtl tfg
f 4920/3722/1397 4984/3741/1397 4982/3741/1397 4981/3722/1397 
f 4984/3741/1404 4938/3732/1404 4985/3732/1404 4982/3741/1404 
usemtl xdgh
f 4938/3736/1396 4944/3737/1396 4986/3733/1396 4985/3732/1396 
usemtl tfg
f 4944/3733/1400 4979/3739/1400 4983/3739/1400 4986/3733/1400 
f 4979/3739/1401 4927/3724/1401 4980/3724/1401 4983/3739/1401 
# 66 polygons

#
# object Box421
#

v  33.3518 -0.3273 68.8139
v  28.5258 -0.3273 68.8139
v  28.5258 -0.3273 63.9879
v  33.3518 -0.3273 63.9879
v  33.3518 0.9427 68.8139
v  33.3518 0.9427 63.9879
v  28.5258 0.9427 63.9879
v  28.5258 0.9427 68.8139
# 8 vertices

vn 0.0000 -1.0000 -0.0000
vn 0.0000 1.0000 -0.0000
vn 1.0000 0.0000 -0.0000
vn -0.0000 0.0000 -1.0000
vn -1.0000 0.0000 0.0000
vn 0.0000 0.0000 1.0000
# 6 vertex normals

vt 1.0000 0.0000 0.0000
vt 1.0000 1.0000 0.0000
vt 0.0000 1.0000 0.0000
vt 0.0000 0.0000 0.0000
# 4 texture coords

g Box421
usemtl tfg
s 2
f 4987/3743/1405 4988/3744/1405 4989/3745/1405 4990/3746/1405 
s 4
f 4991/3746/1406 4992/3743/1406 4993/3744/1406 4994/3745/1406 
s 8
f 4987/3746/1407 4990/3743/1407 4992/3744/1407 4991/3745/1407 
s 16
f 4990/3746/1408 4989/3743/1408 4993/3744/1408 4992/3745/1408 
s 32
f 4989/3746/1409 4988/3743/1409 4994/3744/1409 4993/3745/1409 
s 64
f 4988/3746/1410 4987/3743/1410 4991/3744/1410 4994/3745/1410 
# 6 polygons

#
# object Box417
#

v  52.6423 -1.0135 60.2149
v  26.0853 -1.0135 60.2149
v  26.0853 -1.0135 58.9449
v  52.6423 -1.0135 58.9449
v  52.6423 19.3065 60.2149
v  52.6423 19.3065 58.9449
v  26.0853 19.3065 58.9449
v  26.0853 19.3065 60.2149
# 8 vertices

vn 0.0000 -1.0000 0.0000
vn -0.0000 1.0000 -0.0000
vn 1.0000 0.0000 0.0000
vn 0.0000 -0.0000 -1.0000
vn -1.0000 -0.0000 -0.0000
vn -0.0000 0.0000 1.0000
# 6 vertex normals

vt 1.0000 0.0000 0.0000
vt 1.0000 1.0000 0.0000
vt 0.0000 1.0000 0.0000
vt 0.0000 0.0000 0.0000
# 4 texture coords

g Box417
usemtl 01___Default
s 2
f 4995/3747/1411 4996/3748/1411 4997/3749/1411 4998/3750/1411 
usemtl tfg
s 4
f 4999/3750/1412 5000/3747/1412 5001/3748/1412 5002/3749/1412 
s 8
f 4995/3750/1413 4998/3747/1413 5000/3748/1413 4999/3749/1413 
usemtl 01___Default
s 16
f 4998/3750/1414 4997/3747/1414 5001/3748/1414 5000/3749/1414 
s 32
f 4997/3750/1415 4996/3747/1415 5002/3748/1415 5001/3749/1415 
usemtl h
s 64
f 4996/3750/1416 4995/3747/1416 4999/3748/1416 5002/3749/1416 
# 6 polygons

#
# object Box416
#

v  26.1106 -0.3820 62.7894
v  24.8536 -0.3820 62.7894
v  24.8536 -0.3820 61.5325
v  26.1106 -0.3820 61.5325
v  24.8536 -0.3820 60.2755
v  26.1106 -0.3820 60.2755
v  24.8536 -0.3820 59.0186
v  26.1106 -0.3820 59.0186
v  23.5967 -0.3820 62.7894
v  23.5967 -0.3820 61.5325
v  23.5967 -0.3820 60.2755
v  23.5967 -0.3820 59.0186
v  22.3398 -0.3820 62.7894
v  22.3398 -0.3820 61.5325
v  22.3398 -0.3820 60.2755
v  22.3398 -0.3820 59.0186
v  26.1106 19.3278 62.7894
v  26.1106 19.3278 61.5325
v  24.8536 19.3278 61.5325
v  24.8536 19.3278 62.7894
v  26.1106 19.3278 60.2755
v  24.8536 19.3278 60.2755
v  26.1106 19.3278 59.0186
v  24.8536 19.3278 59.0186
v  23.5967 19.3278 61.5325
v  23.5967 19.3278 62.7894
v  23.5967 19.3278 60.2755
v  23.5967 19.3278 59.0186
v  22.3398 19.3278 61.5325
v  22.3398 19.3278 62.7894
v  22.3398 19.3278 60.2755
v  22.3398 19.3278 59.0186
v  26.1106 8.2543 61.5325
v  26.1106 8.2543 62.7894
v  26.5542 -0.3820 61.5325
v  26.5542 -0.3820 60.2755
v  26.5542 8.2543 60.2755
v  26.5542 8.2543 61.5325
v  26.1106 8.2543 59.0186
v  26.1106 8.2543 60.2755
v  26.5542 19.3278 60.2755
v  26.5542 19.3278 61.5325
v  24.8536 8.2543 59.0186
v  24.8536 -0.3820 58.5750
v  23.5967 -0.3820 58.5750
v  23.5967 8.2543 58.5750
v  24.8536 8.2543 58.5750
v  22.3398 8.2543 59.0186
v  23.5967 8.2543 59.0186
v  23.5967 19.3278 58.5750
v  24.8536 19.3278 58.5750
v  22.3398 8.2543 60.2755
v  21.8962 -0.3820 60.2755
v  21.8962 -0.3820 61.5325
v  21.8962 8.2543 61.5325
v  21.8962 8.2543 60.2755
v  22.3398 8.2543 62.7894
v  22.3398 8.2543 61.5325
v  21.8962 19.3278 61.5325
v  21.8962 19.3278 60.2755
v  23.5967 8.2543 62.7894
v  23.5967 -0.3820 63.2330
v  24.8536 -0.3820 63.2330
v  24.8536 8.2543 63.2330
v  23.5967 8.2543 63.2330
v  24.8536 8.2543 62.7894
v  24.8536 19.3278 63.2330
v  23.5967 19.3278 63.2330
# 68 vertices

vn 0.0000 -1.0000 -0.0000
vn 0.0000 1.0000 -0.0000
vn 1.0000 0.0000 -0.0000
vn 1.0000 -0.0000 -0.0000
vn -0.0000 -0.0000 -1.0000
vn -0.0000 0.0000 -1.0000
vn -1.0000 -0.0000 0.0000
vn -1.0000 0.0000 0.0000
vn 0.0000 0.0000 1.0000
vn 0.0000 -0.0000 1.0000
vn 0.0000 -0.0000 -1.0000
vn -0.0000 -0.0000 1.0000
vn -0.0000 0.0000 1.0000
vn -1.0000 -0.0000 -0.0000
vn 1.0000 -0.0000 0.0000
vn 1.0000 0.0000 0.0000
# 16 vertex normals

vt 1.0000 0.0000 0.0000
vt 1.0000 0.3333 0.0000
vt 0.6667 0.3333 0.0000
vt 0.6667 0.0000 0.0000
vt 0.3333 0.3333 0.0000
vt 0.3333 0.0000 0.0000
vt -0.0000 0.3333 0.0000
vt -0.0000 0.0000 0.0000
vt 1.0000 0.6667 0.0000
vt 0.6667 0.6667 0.0000
vt 0.3333 0.6667 0.0000
vt -0.0000 0.6667 0.0000
vt 1.0000 1.0000 0.0000
vt 0.6667 1.0000 0.0000
vt 0.3333 1.0000 0.0000
vt -0.0000 1.0000 0.0000
vt 0.0000 0.0000 0.0000
vt 0.0000 0.3333 0.0000
vt 0.0000 0.6667 0.0000
vt 0.0000 1.0000 0.0000
vt 0.3333 0.5000 0.0000
vt 0.0000 0.5000 0.0000
vt 0.6667 0.5000 0.0000
vt 1.0000 0.5000 0.0000
# 24 texture coords

g Box416
usemtl xdgh
s 2
f 5003/3751/1417 5004/3752/1417 5005/3753/1417 5006/3754/1417 
f 5006/3754/1417 5005/3753/1417 5007/3755/1417 5008/3756/1417 
f 5008/3756/1417 5007/3755/1417 5009/3757/1417 5010/3758/1417 
f 5004/3752/1417 5011/3759/1417 5012/3760/1417 5005/3753/1417 
f 5005/3753/1417 5012/3760/1417 5013/3761/1417 5007/3755/1417 
f 5007/3755/1417 5013/3761/1417 5014/3762/1417 5009/3757/1417 
f 5011/3759/1417 5015/3763/1417 5016/3764/1417 5012/3760/1417 
f 5012/3760/1417 5016/3764/1417 5017/3765/1417 5013/3761/1417 
f 5013/3761/1417 5017/3765/1417 5018/3766/1417 5014/3762/1417 
s 4
f 5019/3767/1418 5020/3756/1418 5021/3755/1418 5022/3768/1418 
f 5020/3756/1418 5023/3754/1418 5024/3753/1418 5021/3755/1418 
f 5023/3754/1418 5025/3751/1418 5026/3752/1418 5024/3753/1418 
f 5022/3768/1418 5021/3755/1418 5027/3761/1418 5028/3769/1418 
f 5021/3755/1418 5024/3753/1418 5029/3760/1418 5027/3761/1418 
f 5024/3753/1418 5026/3752/1418 5030/3759/1418 5029/3760/1418 
f 5028/3769/1418 5027/3761/1418 5031/3765/1418 5032/3770/1418 
f 5027/3761/1418 5029/3760/1418 5033/3764/1418 5031/3765/1418 
f 5029/3760/1418 5030/3759/1418 5034/3763/1418 5033/3764/1418 
s 8
f 5003/3767/1419 5006/3756/1419 5035/3771/1420 5036/3772/1420 
f 5037/3756/1419 5038/3754/1419 5039/3773/1419 5040/3771/1419 
f 5008/3754/1419 5010/3751/1419 5041/3774/1420 5042/3773/1420 
f 5036/3772/1420 5035/3771/1420 5020/3765/1420 5019/3770/1420 
f 5040/3771/1419 5039/3773/1419 5043/3764/1419 5044/3765/1419 
f 5042/3773/1420 5041/3774/1420 5025/3763/1420 5023/3764/1420 
s 16
f 5010/3767/1421 5009/3756/1421 5045/3771/1421 5041/3772/1421 
f 5046/3756/1421 5047/3754/1421 5048/3773/1421 5049/3771/1421 
f 5014/3754/1421 5018/3751/1421 5050/3774/1421 5051/3773/1421 
f 5041/3772/1421 5045/3771/1421 5026/3765/1421 5025/3770/1421 
f 5049/3771/1421 5048/3773/1421 5052/3764/1422 5053/3765/1422 
f 5051/3773/1421 5050/3774/1421 5034/3763/1421 5030/3764/1421 
s 32
f 5018/3767/1423 5017/3756/1423 5054/3771/1423 5050/3772/1423 
f 5055/3756/1423 5056/3754/1423 5057/3773/1423 5058/3771/1423 
f 5016/3754/1423 5015/3751/1423 5059/3774/1423 5060/3773/1423 
f 5050/3772/1423 5054/3771/1423 5033/3765/1423 5034/3770/1423 
f 5058/3771/1423 5057/3773/1423 5061/3764/1424 5062/3765/1424 
f 5060/3773/1423 5059/3774/1423 5032/3763/1423 5031/3764/1423 
s 64
f 5015/3767/1425 5011/3756/1425 5063/3771/1426 5059/3772/1426 
f 5064/3756/1425 5065/3754/1425 5066/3773/1425 5067/3771/1425 
f 5004/3754/1425 5003/3751/1425 5036/3774/1426 5068/3773/1426 
f 5059/3772/1426 5063/3771/1426 5028/3765/1426 5032/3770/1426 
f 5067/3771/1425 5066/3773/1425 5069/3764/1425 5070/3765/1425 
f 5068/3773/1426 5036/3774/1426 5019/3763/1426 5022/3764/1426 
s off
f 5006/3754/1417 5008/3756/1417 5038/3754/1417 5037/3756/1417 
usemtl tfg
f 5008/3754/1427 5042/3773/1427 5039/3773/1427 5038/3754/1427 
f 5042/3773/1422 5023/3764/1422 5043/3764/1422 5039/3773/1422 
usemtl xdgh
f 5023/3754/1418 5020/3756/1418 5044/3765/1418 5043/3764/1418 
usemtl tfg
f 5020/3765/1428 5035/3771/1428 5040/3771/1428 5044/3765/1428 
f 5035/3771/1429 5006/3756/1429 5037/3756/1429 5040/3771/1429 
usemtl xdgh
f 5009/3757/1417 5014/3762/1417 5047/3754/1417 5046/3756/1417 
usemtl tfg
f 5014/3754/1430 5051/3773/1430 5048/3773/1430 5047/3754/1430 
f 5051/3773/1424 5030/3764/1424 5052/3764/1424 5048/3773/1424 
usemtl xdgh
f 5030/3759/1418 5026/3752/1418 5053/3765/1418 5052/3764/1418 
usemtl tfg
f 5026/3765/1431 5045/3771/1431 5049/3771/1431 5053/3765/1431 
f 5045/3771/1432 5009/3756/1432 5046/3756/1432 5049/3771/1432 
usemtl xdgh
f 5017/3765/1417 5016/3764/1417 5056/3754/1417 5055/3756/1417 
usemtl tfg
f 5016/3754/1425 5060/3773/1425 5057/3773/1425 5056/3754/1425 
f 5060/3773/1426 5031/3764/1426 5061/3764/1426 5057/3773/1426 
usemtl xdgh
f 5031/3765/1418 5033/3764/1418 5062/3765/1418 5061/3764/1418 
usemtl tfg
f 5033/3765/1422 5054/3771/1422 5058/3771/1422 5062/3765/1422 
f 5054/3771/1427 5017/3756/1427 5055/3756/1427 5058/3771/1427 
usemtl xdgh
f 5011/3759/1417 5004/3752/1417 5065/3754/1417 5064/3756/1417 
usemtl tfg
f 5004/3754/1419 5068/3773/1419 5066/3773/1419 5065/3754/1419 
f 5068/3773/1420 5022/3764/1420 5069/3764/1420 5066/3773/1420 
usemtl xdgh
f 5022/3768/1418 5028/3769/1418 5070/3765/1418 5069/3764/1418 
usemtl tfg
f 5028/3765/1424 5063/3771/1424 5067/3771/1424 5070/3765/1424 
f 5063/3771/1430 5011/3756/1430 5064/3756/1430 5067/3771/1430 
# 66 polygons

#
# object Box418
#

v  26.2572 19.7515 62.9609
v  22.1932 19.7515 62.9609
v  22.1932 19.7515 58.8969
v  26.2572 19.7515 58.8969
v  26.2572 20.5509 62.9609
v  26.2572 20.5509 58.8969
v  22.1932 20.5509 58.8969
v  22.1932 20.5509 62.9609
v  26.6382 19.2816 63.3419
v  21.8122 19.2816 63.3419
v  21.8122 19.2816 58.5159
v  26.6382 19.2816 58.5159
v  26.6382 19.7896 63.3419
v  26.6382 19.7896 58.5159
v  21.8122 19.7896 58.5159
v  21.8122 19.7896 63.3419
# 16 vertices

vn 0.0000 -1.0000 -0.0000
vn 0.0000 1.0000 -0.0000
vn 1.0000 0.0000 -0.0000
vn -0.0000 0.0000 -1.0000
vn -1.0000 0.0000 0.0000
vn 0.0000 0.0000 1.0000
# 6 vertex normals

vt 1.0000 0.0000 0.0000
vt 1.0000 1.0000 0.0000
vt 0.0000 1.0000 0.0000
vt 0.0000 0.0000 0.0000
# 4 texture coords

g Box418
usemtl tfg
s 2
f 5071/3775/1433 5072/3776/1433 5073/3777/1433 5074/3778/1433 
usemtl xdgh
s 4
f 5075/3778/1434 5076/3775/1434 5077/3776/1434 5078/3777/1434 
usemtl tfg
s 8
f 5071/3778/1435 5074/3775/1435 5076/3776/1435 5075/3777/1435 
s 16
f 5074/3778/1436 5073/3775/1436 5077/3776/1436 5076/3777/1436 
s 32
f 5073/3778/1437 5072/3775/1437 5078/3776/1437 5077/3777/1437 
s 64
f 5072/3778/1438 5071/3775/1438 5075/3776/1438 5078/3777/1438 
s 2
f 5079/3775/1433 5080/3776/1433 5081/3777/1433 5082/3778/1433 
s 4
f 5083/3778/1434 5084/3775/1434 5085/3776/1434 5086/3777/1434 
s 8
f 5079/3778/1435 5082/3775/1435 5084/3776/1435 5083/3777/1435 
s 16
f 5082/3778/1436 5081/3775/1436 5085/3776/1436 5084/3777/1436 
s 32
f 5081/3778/1437 5080/3775/1437 5086/3776/1437 5085/3777/1437 
s 64
f 5080/3778/1438 5079/3775/1438 5083/3776/1438 5086/3777/1438 
# 12 polygons

#
# object Box422
#

v  53.0177 -1.0135 65.9268
v  26.0853 -1.0135 65.9268
v  26.0853 -1.0135 59.0359
v  53.0177 -1.0135 59.0360
v  53.0177 0.7958 65.9268
v  53.0177 0.7958 59.0360
v  26.0853 0.7958 59.0359
v  26.0853 0.7958 65.9268
# 8 vertices

vn 0.0000 -1.0000 0.0000
vn -0.0000 1.0000 -0.0000
vn 1.0000 0.0000 0.0000
vn 0.0000 -0.0000 -1.0000
vn -1.0000 -0.0000 -0.0000
vn -0.0000 -0.0000 1.0000
vn -0.0000 0.0000 1.0000
# 7 vertex normals

vt 1.0000 0.0000 0.0000
vt 1.0000 1.0000 0.0000
vt 0.0000 1.0000 0.0000
vt 0.0000 0.0000 0.0000
# 4 texture coords

g Box422
usemtl 01___Default
s 2
f 5087/3779/1439 5088/3780/1439 5089/3781/1439 5090/3782/1439 
usemtl tfg
s 4
f 5091/3782/1440 5092/3779/1440 5093/3780/1440 5094/3781/1440 
s 8
f 5087/3782/1441 5090/3779/1441 5092/3780/1441 5091/3781/1441 
usemtl 01___Default
s 16
f 5090/3782/1442 5089/3779/1442 5093/3780/1442 5092/3781/1442 
s 32
f 5089/3782/1443 5088/3779/1443 5094/3780/1443 5093/3781/1443 
usemtl yi
s 64
f 5088/3782/1444 5087/3779/1445 5091/3780/1444 5094/3781/1444 
# 6 polygons

#
# object Box441
#

v  131.5640 -1.0135 88.8894
v  124.1864 -1.0135 88.8894
v  124.1864 -1.0135 81.9985
v  131.5640 -1.0135 81.9986
v  131.5640 0.7958 88.8894
v  131.5640 0.7958 81.9986
v  124.1864 0.7958 81.9985
v  124.1864 0.7958 88.8894
# 8 vertices

vn 0.0000 -1.0000 0.0000
vn -0.0000 1.0000 -0.0000
vn 1.0000 0.0000 0.0000
vn 0.0000 0.0000 -1.0000
vn -1.0000 -0.0000 -0.0000
vn -0.0000 -0.0000 1.0000
# 6 vertex normals

vt 1.0000 0.0000 0.0000
vt 1.0000 1.0000 0.0000
vt 0.0000 1.0000 0.0000
vt 0.0000 0.0000 0.0000
# 4 texture coords

g Box441
usemtl 01___Default
s 2
f 5095/3783/1446 5096/3784/1446 5097/3785/1446 5098/3786/1446 
usemtl tfg
s 4
f 5099/3786/1447 5100/3783/1447 5101/3784/1447 5102/3785/1447 
s 8
f 5095/3786/1448 5098/3783/1448 5100/3784/1448 5099/3785/1448 
usemtl xdgh
s 16
f 5098/3786/1449 5097/3783/1449 5101/3784/1449 5100/3785/1449 
s 32
f 5097/3786/1450 5096/3783/1450 5102/3784/1450 5101/3785/1450 
s 64
f 5096/3786/1451 5095/3783/1451 5099/3784/1451 5102/3785/1451 
# 6 polygons

#
# object Box443
#

v  140.0801 -0.3273 72.3748
v  140.0801 -0.3273 70.9355
v  141.5194 -0.3273 70.9355
v  141.5194 -0.3273 72.3748
v  142.9587 -0.3273 70.9355
v  142.9587 -0.3273 72.3748
v  144.3981 -0.3273 70.9355
v  144.3981 -0.3273 72.3748
v  140.0801 -0.3273 61.9786
v  141.5194 -0.3273 61.9786
v  142.9587 -0.3273 61.9786
v  144.3981 -0.3273 61.9786
v  140.0801 -0.3273 60.5393
v  141.5194 -0.3273 60.5393
v  142.9587 -0.3273 60.5393
v  144.3981 -0.3273 60.5393
v  140.0801 6.7924 72.3748
v  141.5194 6.7924 72.3748
v  141.5194 6.7924 70.9355
v  140.0801 6.7924 70.9355
v  142.9587 6.7924 72.3748
v  142.9587 6.7924 70.9355
v  144.3981 6.7924 72.3748
v  144.3981 6.7924 70.9355
v  141.5194 6.7924 61.9786
v  140.0801 6.7924 61.9786
v  142.9587 6.7924 61.9786
v  144.3981 6.7924 61.9786
v  141.5194 6.7924 60.5393
v  140.0801 6.7924 60.5393
v  142.9587 6.7924 60.5393
v  144.3981 6.7924 60.5393
v  141.5194 3.2114 72.3748
v  140.0801 3.2114 72.3748
v  141.5194 -0.3273 76.1129
v  142.9587 -0.3273 76.1129
v  142.9587 3.2114 76.1129
v  141.5194 3.2114 76.1129
v  144.3981 3.2114 72.3748
v  142.9587 3.2114 72.3748
v  142.9587 6.7924 72.8828
v  141.5194 6.7924 72.8828
v  144.3981 3.2114 70.9355
v  144.9061 -0.3273 70.9355
v  144.9061 -0.3273 61.9786
v  144.9061 3.2114 61.9786
v  144.9061 3.2114 70.9355
v  144.3981 3.2114 60.5393
v  144.3981 3.2114 61.9786
v  144.9061 6.7924 61.9786
v  144.9061 6.7924 70.9355
v  142.9587 3.2114 60.5393
v  142.9587 -0.3273 60.0313
v  141.5194 -0.3273 60.0313
v  141.5194 3.2114 60.0313
v  142.9587 3.2114 60.0313
v  140.0801 3.2114 60.5393
v  141.5194 3.2114 60.5393
v  141.5194 6.7924 60.0313
v  142.9587 6.7924 60.0313
v  140.0801 3.2114 61.9786
v  139.5721 -0.3273 61.9786
v  139.5721 -0.3273 70.9355
v  139.5721 3.2114 70.9355
v  139.5721 3.2114 61.9786
v  140.0801 3.2114 70.9355
v  139.5721 6.7924 70.9355
v  139.5721 6.7924 61.9786
# 68 vertices

vn 0.0000 -1.0000 -0.0000
vn 0.0000 1.0000 -0.0000
vn 0.0000 0.0000 1.0000
vn 0.0000 0.3588 0.9334
vn 0.0000 0.6698 0.7426
vn 1.0000 0.0000 -0.0000
vn 1.0000 -0.0000 0.0000
vn 1.0000 0.0000 0.0000
vn 1.0000 -0.0000 -0.0000
vn 0.0000 0.0000 -1.0000
vn 0.0000 -0.0000 -1.0000
vn -1.0000 0.0000 0.0000
vn -1.0000 -0.0000 -0.0000
vn -1.0000 0.0000 -0.0000
vn -1.0000 -0.0000 0.0000
vn 0.0000 -0.0000 1.0000
# 16 vertex normals

vt 1.0000 0.0000 0.0000
vt 1.0000 0.3333 0.0000
vt 0.6667 0.3333 0.0000
vt 0.6667 0.0000 0.0000
vt 0.3333 0.3333 0.0000
vt 0.3333 0.0000 0.0000
vt -0.0000 0.3333 0.0000
vt -0.0000 0.0000 0.0000
vt 1.0000 0.6667 0.0000
vt 0.6667 0.6667 0.0000
vt 0.3333 0.6667 0.0000
vt -0.0000 0.6667 0.0000
vt 1.0000 1.0000 0.0000
vt 0.6667 1.0000 0.0000
vt 0.3333 1.0000 0.0000
vt -0.0000 1.0000 0.0000
vt 0.0000 0.0000 0.0000
vt 0.0000 0.3333 0.0000
vt 0.0000 0.6667 0.0000
vt 0.0000 1.0000 0.0000
vt 0.3333 0.5000 0.0000
vt 0.0000 0.5000 0.0000
vt 0.6667 0.5000 0.0000
vt 1.0000 0.5000 0.0000
# 24 texture coords

g Box443
usemtl xdgh
s 2
f 5103/3787/1452 5104/3788/1452 5105/3789/1452 5106/3790/1452 
f 5106/3790/1452 5105/3789/1452 5107/3791/1452 5108/3792/1452 
f 5108/3792/1452 5107/3791/1452 5109/3793/1452 5110/3794/1452 
f 5104/3788/1452 5111/3795/1452 5112/3796/1452 5105/3789/1452 
f 5105/3789/1452 5112/3796/1452 5113/3797/1452 5107/3791/1452 
f 5107/3791/1452 5113/3797/1452 5114/3798/1452 5109/3793/1452 
f 5111/3795/1452 5115/3799/1452 5116/3800/1452 5112/3796/1452 
f 5112/3796/1452 5116/3800/1452 5117/3801/1452 5113/3797/1452 
f 5113/3797/1452 5117/3801/1452 5118/3802/1452 5114/3798/1452 
s 4
f 5119/3803/1453 5120/3792/1453 5121/3791/1453 5122/3804/1453 
f 5120/3792/1453 5123/3790/1453 5124/3789/1453 5121/3791/1453 
f 5123/3790/1453 5125/3787/1453 5126/3788/1453 5124/3789/1453 
f 5122/3804/1453 5121/3791/1453 5127/3797/1453 5128/3805/1453 
f 5121/3791/1453 5124/3789/1453 5129/3796/1453 5127/3797/1453 
f 5124/3789/1453 5126/3788/1453 5130/3795/1453 5129/3796/1453 
f 5128/3805/1453 5127/3797/1453 5131/3801/1453 5132/3806/1453 
f 5127/3797/1453 5129/3796/1453 5133/3800/1453 5131/3801/1453 
f 5129/3796/1453 5130/3795/1453 5134/3799/1453 5133/3800/1453 
s 8
f 5103/3803/1454 5106/3792/1454 5135/3807/1454 5136/3808/1454 
f 5137/3792/1454 5138/3790/1454 5139/3809/1455 5140/3807/1455 
f 5108/3790/1454 5110/3787/1454 5141/3810/1454 5142/3809/1454 
usemtl tfg
f 5136/3808/1454 5135/3807/1454 5120/3801/1454 5119/3806/1454 
usemtl xdgh
f 5140/3807/1455 5139/3809/1455 5143/3800/1456 5144/3801/1456 
usemtl tfg
f 5142/3809/1454 5141/3810/1454 5125/3799/1454 5123/3800/1454 
usemtl xdgh
s 16
f 5110/3803/1457 5109/3792/1457 5145/3807/1457 5141/3808/1457 
f 5146/3792/1458 5147/3790/1458 5148/3809/1459 5149/3807/1459 
f 5114/3790/1460 5118/3787/1460 5150/3810/1460 5151/3809/1460 
usemtl tfg
f 5141/3808/1457 5145/3807/1457 5126/3801/1457 5125/3806/1457 
usemtl xdgh
f 5149/3807/1459 5148/3809/1459 5152/3800/1459 5153/3801/1459 
usemtl tfg
f 5151/3809/1460 5150/3810/1460 5134/3799/1457 5130/3800/1457 
usemtl xdgh
s 32
f 5118/3803/1461 5117/3792/1461 5154/3807/1461 5150/3808/1461 
f 5155/3792/1462 5156/3790/1462 5157/3809/1462 5158/3807/1462 
f 5116/3790/1461 5115/3787/1461 5159/3810/1461 5160/3809/1461 
usemtl tfg
f 5150/3808/1461 5154/3807/1461 5133/3801/1461 5134/3806/1461 
usemtl xdgh
f 5158/3807/1462 5157/3809/1462 5161/3800/1461 5162/3801/1461 
usemtl tfg
f 5160/3809/1461 5159/3810/1461 5132/3799/1461 5131/3800/1461 
usemtl xdgh
s 64
f 5115/3803/1463 5111/3792/1463 5163/3807/1463 5159/3808/1463 
f 5164/3792/1464 5165/3790/1464 5166/3809/1465 5167/3807/1465 
f 5104/3790/1465 5103/3787/1465 5136/3810/1465 5168/3809/1465 
usemtl tfg
f 5159/3808/1463 5163/3807/1463 5128/3801/1463 5132/3806/1463 
usemtl xdgh
f 5167/3807/1465 5166/3809/1465 5169/3800/1465 5170/3801/1465 
usemtl tfg
f 5168/3809/1465 5136/3810/1465 5119/3799/1465 5122/3800/1465 
usemtl xdgh
s off
f 5106/3790/1452 5108/3792/1452 5138/3790/1452 5137/3792/1452 
usemtl tfg
f 5108/3790/1459 5142/3809/1459 5139/3809/1459 5138/3790/1459 
f 5142/3809/1458 5123/3800/1458 5143/3800/1458 5139/3809/1458 
usemtl xdgh
f 5123/3790/1453 5120/3792/1453 5144/3801/1453 5143/3800/1453 
usemtl tfg
f 5120/3801/1465 5135/3807/1465 5140/3807/1465 5144/3801/1465 
f 5135/3807/1465 5106/3792/1465 5137/3792/1465 5140/3807/1465 
usemtl xdgh
f 5109/3793/1452 5114/3798/1452 5147/3790/1452 5146/3792/1452 
f 5114/3790/1461 5151/3809/1461 5148/3809/1461 5147/3790/1461 
usemtl tfg
f 5151/3809/1461 5130/3800/1461 5152/3800/1461 5148/3809/1461 
usemtl xdgh
f 5130/3795/1453 5126/3788/1453 5153/3801/1453 5152/3800/1453 
usemtl tfg
f 5126/3801/1454 5145/3807/1454 5149/3807/1454 5153/3801/1454 
f 5145/3807/1454 5109/3792/1454 5146/3792/1454 5149/3807/1454 
usemtl xdgh
f 5117/3801/1452 5116/3800/1452 5156/3790/1452 5155/3792/1452 
f 5116/3790/1463 5160/3809/1463 5157/3809/1463 5156/3790/1463 
usemtl tfg
f 5160/3809/1466 5131/3800/1466 5161/3800/1466 5157/3809/1466 
usemtl xdgh
f 5131/3801/1453 5133/3800/1453 5162/3801/1453 5161/3800/1453 
usemtl tfg
f 5133/3801/1457 5154/3807/1457 5158/3807/1457 5162/3801/1457 
usemtl 03___Defaulttyi
f 5154/3807/1460 5117/3792/1460 5155/3792/1460 5158/3807/1460 
usemtl xdgh
f 5111/3795/1452 5104/3788/1452 5165/3790/1452 5164/3792/1452 
f 5104/3790/1454 5168/3809/1454 5166/3809/1454 5165/3790/1454 
usemtl tfg
f 5168/3809/1467 5122/3800/1467 5169/3800/1467 5166/3809/1467 
usemtl xdgh
f 5122/3804/1453 5128/3805/1453 5170/3801/1453 5169/3800/1453 
usemtl tfg
f 5128/3801/1461 5163/3807/1461 5167/3807/1461 5170/3801/1461 
usemtl xdgh
f 5163/3807/1461 5111/3792/1461 5164/3792/1461 5167/3807/1461 
# 66 polygons

#
# object Cylinder182
#

v  139.6695 4.0354 66.4773
v  139.6695 4.7393 65.7734
v  139.6695 5.4432 66.4773
v  139.6695 4.7393 67.1813
v  139.6187 4.7393 65.7734
v  139.6187 5.4432 66.4773
v  139.6187 4.0354 66.4773
v  139.6187 4.7393 67.1813
v  139.5679 4.7393 65.7734
v  139.5679 5.4432 66.4773
v  139.5679 4.0354 66.4773
v  139.5679 4.7393 67.1813
v  139.5171 4.7393 65.7734
v  139.5171 5.4432 66.4773
v  139.5171 4.0354 66.4773
v  139.5171 4.7393 67.1813
v  139.4663 4.7393 65.7734
v  139.4663 5.4432 66.4773
v  139.4663 4.0354 66.4773
v  139.4663 4.7393 67.1813
v  139.4155 4.7393 65.7734
v  139.4155 5.4432 66.4773
v  139.4155 4.0354 66.4773
v  139.4155 4.7393 67.1813
# 24 vertices

vn 1.0000 -0.0000 -0.0000
vn 0.0000 1.0000 0.0000
vn -0.0000 0.0000 -1.0000
vn -0.0000 -1.0000 -0.0000
vn 0.0000 -0.0000 1.0000
vn -1.0000 0.0000 0.0000
# 6 vertex normals

vt 0.2500 0.0000 1.0000
vt 0.0000 0.0000 1.0000
vt -0.2500 0.0000 1.0000
vt 0.7500 0.0000 1.0000
vt 0.5000 0.0000 1.0000
vt 0.0000 0.2000 1.0000
vt -0.2500 0.2000 1.0000
vt 0.2500 0.2000 1.0000
vt 0.5000 0.2000 1.0000
vt 0.7500 0.2000 1.0000
vt 0.0000 0.4000 1.0000
vt -0.2500 0.4000 1.0000
vt 0.2500 0.4000 1.0000
vt 0.5000 0.4000 1.0000
vt 0.7500 0.4000 1.0000
vt 0.0000 0.6000 1.0000
vt -0.2500 0.6000 1.0000
vt 0.2500 0.6000 1.0000
vt 0.5000 0.6000 1.0000
vt 0.7500 0.6000 1.0000
vt 0.0000 0.8000 1.0000
vt -0.2500 0.8000 1.0000
vt 0.2500 0.8000 1.0000
vt 0.5000 0.8000 1.0000
vt 0.7500 0.8000 1.0000
vt 0.0000 1.0000 1.0000
vt -0.2500 1.0000 1.0000
vt 0.2500 1.0000 1.0000
vt 0.5000 1.0000 1.0000
vt 0.7500 1.0000 1.0000
vt 1.0000 1.0000 -1.0000
# 31 texture coords

g Cylinder182
usemtl 03___Defaulttyi
s 1
f 5171/3811/1468 5172/3812/1468 5173/3813/1468 
f 5173/3814/1468 5174/3815/1468 5171/3811/1468 
s 8
f 5173/3813/1469 5172/3812/1470 5175/3816/1470 5176/3817/1469 
f 5172/3812/1470 5171/3811/1471 5177/3818/1471 5175/3816/1470 
f 5171/3811/1471 5174/3815/1472 5178/3819/1472 5177/3818/1471 
f 5174/3815/1472 5173/3814/1469 5176/3820/1469 5178/3819/1472 
f 5176/3817/1469 5175/3816/1470 5179/3821/1470 5180/3822/1469 
f 5175/3816/1470 5177/3818/1471 5181/3823/1471 5179/3821/1470 
f 5177/3818/1471 5178/3819/1472 5182/3824/1472 5181/3823/1471 
f 5178/3819/1472 5176/3820/1469 5180/3825/1469 5182/3824/1472 
f 5180/3822/1469 5179/3821/1470 5183/3826/1470 5184/3827/1469 
f 5179/3821/1470 5181/3823/1471 5185/3828/1471 5183/3826/1470 
f 5181/3823/1471 5182/3824/1472 5186/3829/1472 5185/3828/1471 
f 5182/3824/1472 5180/3825/1469 5184/3830/1469 5186/3829/1472 
f 5184/3827/1469 5183/3826/1470 5187/3831/1470 5188/3832/1469 
f 5183/3826/1470 5185/3828/1471 5189/3833/1471 5187/3831/1470 
f 5185/3828/1471 5186/3829/1472 5190/3834/1472 5189/3833/1471 
f 5186/3829/1472 5184/3830/1469 5188/3835/1469 5190/3834/1472 
f 5188/3832/1469 5187/3831/1470 5191/3836/1470 5192/3837/1469 
f 5187/3831/1470 5189/3833/1471 5193/3838/1471 5191/3836/1470 
f 5189/3833/1471 5190/3834/1472 5194/3839/1472 5193/3838/1471 
f 5190/3834/1472 5188/3835/1469 5192/3840/1469 5194/3839/1472 
s 1
f 5194/3841/1473 5192/3837/1473 5191/3836/1473 
f 5191/3836/1473 5193/3838/1473 5194/3839/1473 
# 20 polygons - 4 triangles

#
# object Box444
#

v  139.6991 4.5718 72.7558
v  139.6991 4.5718 60.2318
v  144.7791 4.5718 60.2318
v  144.7791 4.5718 72.7558
v  139.6991 4.8258 72.7558
v  144.7791 4.8258 72.7558
v  144.7791 4.8258 60.2318
v  139.6991 4.8258 60.2318
# 8 vertices

vn 0.0000 -1.0000 -0.0000
vn 0.0000 1.0000 -0.0000
vn 0.0000 0.0000 1.0000
vn 1.0000 0.0000 0.0000
vn 0.0000 0.0000 -1.0000
vn -1.0000 0.0000 -0.0000
# 6 vertex normals

vt 1.0000 0.0000 0.0000
vt 1.0000 1.0000 0.0000
vt 0.0000 1.0000 0.0000
vt 0.0000 0.0000 0.0000
# 4 texture coords

g Box444
usemtl cvj
s 2
f 5195/3842/1474 5196/3843/1474 5197/3844/1474 5198/3845/1474 
s 4
f 5199/3845/1475 5200/3842/1475 5201/3843/1475 5202/3844/1475 
s 8
f 5195/3845/1476 5198/3842/1476 5200/3843/1476 5199/3844/1476 
s 16
f 5198/3845/1477 5197/3842/1477 5201/3843/1477 5200/3844/1477 
s 32
f 5197/3845/1478 5196/3842/1478 5202/3843/1478 5201/3844/1478 
s 64
f 5196/3845/1479 5195/3842/1479 5199/3843/1479 5202/3844/1479 
# 6 polygons

#
# object Box445
#

v  139.8261 -0.3273 72.6288
v  139.8261 -0.3273 60.2779
v  144.6521 -0.3273 60.2779
v  144.6521 -0.3273 72.6288
v  139.8261 0.9427 72.6288
v  144.6521 0.9427 72.6288
v  144.6521 0.9427 60.2779
v  139.8261 0.9427 60.2779
# 8 vertices

vn 0.0000 -1.0000 -0.0000
vn 0.0000 1.0000 -0.0000
vn 0.0000 0.0000 1.0000
vn 1.0000 0.0000 0.0000
vn -0.0000 0.0000 -1.0000
vn -1.0000 0.0000 -0.0000
# 6 vertex normals

vt 1.0000 0.0000 0.0000
vt 1.0000 1.0000 0.0000
vt 0.0000 1.0000 0.0000
vt 0.0000 0.0000 0.0000
# 4 texture coords

g Box445
usemtl tfg
s 2
f 5203/3846/1480 5204/3847/1480 5205/3848/1480 5206/3849/1480 
s 4
f 5207/3849/1481 5208/3846/1481 5209/3847/1481 5210/3848/1481 
s 8
f 5203/3849/1482 5206/3846/1482 5208/3847/1482 5207/3848/1482 
s 16
f 5206/3849/1483 5205/3846/1483 5209/3847/1483 5208/3848/1483 
s 32
f 5205/3849/1484 5204/3846/1484 5210/3847/1484 5209/3848/1484 
s 64
f 5204/3849/1485 5203/3846/1485 5207/3847/1485 5210/3848/1485 
# 6 polygons

#
# object Box446
#

v  -18.1383 -0.3273 -86.3906
v  -19.5776 -0.3273 -86.3906
v  -19.5776 -0.3273 -87.8299
v  -18.1383 -0.3273 -87.8299
v  -19.5776 -0.3273 -89.2693
v  -18.1383 -0.3273 -89.2693
v  -19.5776 -0.3273 -90.7086
v  -18.1383 -0.3273 -90.7086
v  -21.0169 -0.3273 -86.3906
v  -21.0169 -0.3273 -87.8299
v  -21.0169 -0.3273 -89.2693
v  -21.0169 -0.3273 -90.7086
v  -22.4563 -0.3273 -86.3906
v  -22.4563 -0.3273 -87.8299
v  -22.4563 -0.3273 -89.2693
v  -22.4563 -0.3273 -90.7086
v  -18.1383 9.8327 -86.3906
v  -18.1383 9.8327 -87.8299
v  -19.5776 9.8327 -87.8299
v  -19.5776 9.8327 -86.3906
v  -18.1383 9.8327 -89.2693
v  -19.5776 9.8327 -89.2693
v  -18.1383 9.8327 -90.7086
v  -19.5776 9.8327 -90.7086
v  -21.0169 9.8327 -87.8299
v  -21.0169 9.8327 -86.3906
v  -21.0169 9.8327 -89.2693
v  -21.0169 9.8327 -90.7086
v  -22.4563 9.8327 -87.8299
v  -22.4563 9.8327 -86.3906
v  -22.4563 9.8327 -89.2693
v  -22.4563 9.8327 -90.7086
v  -18.1383 4.7527 -87.8299
v  -18.1383 4.7527 -86.3906
v  -17.6303 -0.3273 -87.8299
v  -17.6303 -0.3273 -89.2693
v  -17.6303 4.7527 -89.2693
v  -17.6303 4.7527 -87.8299
v  -18.1383 4.7527 -90.7086
v  -18.1383 4.7527 -89.2693
v  -17.6303 9.8327 -89.2693
v  -17.6303 9.8327 -87.8299
v  -19.5776 4.7527 -90.7086
v  -19.5776 -0.3273 -91.2166
v  -21.0169 -0.3273 -91.2166
v  -21.0169 4.7527 -91.2166
v  -19.5776 4.7527 -91.2166
v  -22.4563 4.7527 -90.7086
v  -21.0169 4.7527 -90.7086
v  -21.0169 9.8327 -91.2166
v  -19.5776 9.8327 -91.2166
v  -22.4563 4.7527 -89.2693
v  -22.9643 -0.3273 -89.2693
v  -22.9643 -0.3273 -87.8299
v  -22.9643 4.7527 -87.8299
v  -22.9643 4.7527 -89.2693
v  -22.4563 4.7527 -86.3906
v  -22.4563 4.7527 -87.8299
v  -22.9643 9.8327 -87.8299
v  -22.9643 9.8327 -89.2693
v  -21.0169 4.7527 -86.3906
v  -21.0169 -0.3273 -85.8826
v  -19.5776 -0.3273 -85.8826
v  -19.5776 4.7527 -85.8826
v  -21.0169 4.7527 -85.8826
v  -19.5776 4.7527 -86.3906
v  -19.5776 9.8327 -85.8826
v  -21.0169 9.8327 -85.8826
# 68 vertices

vn 0.0000 -1.0000 -0.0000
vn 0.0000 1.0000 -0.0000
vn 1.0000 0.0000 -0.0000
vn -0.0000 0.0000 -1.0000
vn -0.0000 -0.0000 -1.0000
vn -1.0000 0.0000 0.0000
vn -1.0000 -0.0000 0.0000
vn 0.0000 0.0000 1.0000
vn 0.0000 -0.0000 1.0000
vn 1.0000 -0.0000 -0.0000
# 10 vertex normals

vt 1.0000 0.0000 0.0000
vt 1.0000 0.3333 0.0000
vt 0.6667 0.3333 0.0000
vt 0.6667 0.0000 0.0000
vt 0.3333 0.3333 0.0000
vt 0.3333 0.0000 0.0000
vt -0.0000 0.3333 0.0000
vt -0.0000 0.0000 0.0000
vt 1.0000 0.6667 0.0000
vt 0.6667 0.6667 0.0000
vt 0.3333 0.6667 0.0000
vt -0.0000 0.6667 0.0000
vt 1.0000 1.0000 0.0000
vt 0.6667 1.0000 0.0000
vt 0.3333 1.0000 0.0000
vt -0.0000 1.0000 0.0000
vt 0.0000 0.0000 0.0000
vt 0.0000 0.3333 0.0000
vt 0.0000 0.6667 0.0000
vt 0.0000 1.0000 0.0000
vt 0.3333 0.5000 0.0000
vt 0.0000 0.5000 0.0000
vt 0.6667 0.5000 0.0000
vt 1.0000 0.5000 0.0000
# 24 texture coords

g Box446
usemtl xdgh
s 2
f 5211/3850/1486 5212/3851/1486 5213/3852/1486 5214/3853/1486 
f 5214/3853/1486 5213/3852/1486 5215/3854/1486 5216/3855/1486 
f 5216/3855/1486 5215/3854/1486 5217/3856/1486 5218/3857/1486 
f 5212/3851/1486 5219/3858/1486 5220/3859/1486 5213/3852/1486 
f 5213/3852/1486 5220/3859/1486 5221/3860/1486 5215/3854/1486 
f 5215/3854/1486 5221/3860/1486 5222/3861/1486 5217/3856/1486 
f 5219/3858/1486 5223/3862/1486 5224/3863/1486 5220/3859/1486 
f 5220/3859/1486 5224/3863/1486 5225/3864/1486 5221/3860/1486 
f 5221/3860/1486 5225/3864/1486 5226/3865/1486 5222/3861/1486 
s 4
f 5227/3866/1487 5228/3855/1487 5229/3854/1487 5230/3867/1487 
f 5228/3855/1487 5231/3853/1487 5232/3852/1487 5229/3854/1487 
f 5231/3853/1487 5233/3850/1487 5234/3851/1487 5232/3852/1487 
f 5230/3867/1487 5229/3854/1487 5235/3860/1487 5236/3868/1487 
f 5229/3854/1487 5232/3852/1487 5237/3859/1487 5235/3860/1487 
f 5232/3852/1487 5234/3851/1487 5238/3858/1487 5237/3859/1487 
f 5236/3868/1487 5235/3860/1487 5239/3864/1487 5240/3869/1487 
f 5235/3860/1487 5237/3859/1487 5241/3863/1487 5239/3864/1487 
f 5237/3859/1487 5238/3858/1487 5242/3862/1487 5241/3863/1487 
s 8
f 5211/3866/1488 5214/3855/1488 5243/3870/1488 5244/3871/1488 
f 5245/3855/1488 5246/3853/1488 5247/3872/1488 5248/3870/1488 
f 5216/3853/1488 5218/3850/1488 5249/3873/1488 5250/3872/1488 
usemtl tfg
f 5244/3871/1488 5243/3870/1488 5228/3864/1488 5227/3869/1488 
usemtl xdgh
f 5248/3870/1488 5247/3872/1488 5251/3863/1488 5252/3864/1488 
usemtl tfg
f 5250/3872/1488 5249/3873/1488 5233/3862/1488 5231/3863/1488 
usemtl xdgh
s 16
f 5218/3866/1489 5217/3855/1489 5253/3870/1489 5249/3871/1489 
f 5254/3855/1490 5255/3853/1490 5256/3872/1489 5257/3870/1489 
f 5222/3853/1489 5226/3850/1489 5258/3873/1489 5259/3872/1489 
usemtl tfg
f 5249/3871/1489 5253/3870/1489 5234/3864/1489 5233/3869/1489 
usemtl xdgh
f 5257/3870/1489 5256/3872/1489 5260/3863/1489 5261/3864/1489 
usemtl tfg
f 5259/3872/1489 5258/3873/1489 5242/3862/1489 5238/3863/1489 
usemtl xdgh
s 32
f 5226/3866/1491 5225/3855/1491 5262/3870/1491 5258/3871/1491 
f 5263/3855/1492 5264/3853/1492 5265/3872/1491 5266/3870/1491 
f 5224/3853/1491 5223/3850/1491 5267/3873/1491 5268/3872/1491 
usemtl tfg
f 5258/3871/1491 5262/3870/1491 5241/3864/1491 5242/3869/1491 
usemtl xdgh
f 5266/3870/1491 5265/3872/1491 5269/3863/1491 5270/3864/1491 
usemtl tfg
f 5268/3872/1491 5267/3873/1491 5240/3862/1491 5239/3863/1491 
usemtl xdgh
s 64
f 5223/3866/1493 5219/3855/1493 5271/3870/1493 5267/3871/1493 
f 5272/3855/1493 5273/3853/1493 5274/3872/1493 5275/3870/1493 
f 5212/3853/1493 5211/3850/1493 5244/3873/1493 5276/3872/1493 
usemtl tfg
f 5267/3871/1493 5271/3870/1493 5236/3864/1493 5240/3869/1493 
usemtl xdgh
f 5275/3870/1493 5274/3872/1493 5277/3863/1493 5278/3864/1493 
usemtl tfg
f 5276/3872/1493 5244/3873/1493 5227/3862/1493 5230/3863/1493 
usemtl xdgh
s off
f 5214/3853/1486 5216/3855/1486 5246/3853/1486 5245/3855/1486 
usemtl tfg
f 5216/3853/1489 5250/3872/1489 5247/3872/1489 5246/3853/1489 
f 5250/3872/1489 5231/3863/1489 5251/3863/1489 5247/3872/1489 
usemtl xdgh
f 5231/3853/1487 5228/3855/1487 5252/3864/1487 5251/3863/1487 
usemtl tfg
f 5228/3864/1493 5243/3870/1493 5248/3870/1493 5252/3864/1493 
f 5243/3870/1493 5214/3855/1493 5245/3855/1493 5248/3870/1493 
usemtl xdgh
f 5217/3856/1486 5222/3861/1486 5255/3853/1486 5254/3855/1486 
usemtl tfg
f 5222/3853/1491 5259/3872/1491 5256/3872/1491 5255/3853/1491 
f 5259/3872/1491 5238/3863/1491 5260/3863/1491 5256/3872/1491 
usemtl xdgh
f 5238/3858/1487 5234/3851/1487 5261/3864/1487 5260/3863/1487 
usemtl tfg
f 5234/3864/1488 5253/3870/1488 5257/3870/1488 5261/3864/1488 
f 5253/3870/1488 5217/3855/1488 5254/3855/1488 5257/3870/1488 
usemtl xdgh
f 5225/3864/1486 5224/3863/1486 5264/3853/1486 5263/3855/1486 
usemtl tfg
f 5224/3853/1493 5268/3872/1493 5265/3872/1493 5264/3853/1493 
f 5268/3872/1494 5239/3863/1494 5269/3863/1494 5265/3872/1494 
usemtl xdgh
f 5239/3864/1487 5241/3863/1487 5270/3864/1487 5269/3863/1487 
usemtl tfg
f 5241/3864/1489 5262/3870/1489 5266/3870/1489 5270/3864/1489 
f 5262/3870/1490 5225/3855/1490 5263/3855/1490 5266/3870/1490 
usemtl xdgh
f 5219/3858/1486 5212/3851/1486 5273/3853/1486 5272/3855/1486 
usemtl tfg
f 5212/3853/1488 5276/3872/1488 5274/3872/1488 5273/3853/1488 
f 5276/3872/1495 5230/3863/1495 5277/3863/1495 5274/3872/1495 
usemtl xdgh
f 5230/3867/1487 5236/3868/1487 5278/3864/1487 5277/3863/1487 
usemtl tfg
f 5236/3864/1491 5271/3870/1491 5275/3870/1491 5278/3864/1491 
f 5271/3870/1492 5219/3855/1492 5272/3855/1492 5275/3870/1492 
# 66 polygons

#
# object Box447
#

v  -17.7573 4.5718 -86.0096
v  -22.8373 4.5718 -86.0096
v  -22.8373 4.5718 -91.0896
v  -17.7573 4.5718 -91.0896
v  -17.7573 4.8258 -86.0096
v  -17.7573 4.8258 -91.0896
v  -22.8373 4.8258 -91.0896
v  -22.8373 4.8258 -86.0096
# 8 vertices

vn 0.0000 -1.0000 -0.0000
vn 0.0000 1.0000 -0.0000
vn 1.0000 0.0000 -0.0000
vn -0.0000 0.0000 -1.0000
vn -1.0000 0.0000 0.0000
vn 0.0000 0.0000 1.0000
# 6 vertex normals

vt 1.0000 0.0000 0.0000
vt 1.0000 1.0000 0.0000
vt 0.0000 1.0000 0.0000
vt 0.0000 0.0000 0.0000
# 4 texture coords

g Box447
usemtl cvj
s 2
f 5279/3874/1496 5280/3875/1496 5281/3876/1496 5282/3877/1496 
s 4
f 5283/3877/1497 5284/3874/1497 5285/3875/1497 5286/3876/1497 
s 8
f 5279/3877/1498 5282/3874/1498 5284/3875/1498 5283/3876/1498 
s 16
f 5282/3877/1499 5281/3874/1499 5285/3875/1499 5284/3876/1499 
s 32
f 5281/3877/1500 5280/3874/1500 5286/3875/1500 5285/3876/1500 
s 64
f 5280/3877/1501 5279/3874/1501 5283/3875/1501 5286/3876/1501 
# 6 polygons

#
# object Cylinder183
#

v  -20.2549 4.0354 -91.4387
v  -20.9588 4.7393 -91.4387
v  -20.2549 5.4432 -91.4387
v  -19.5510 4.7393 -91.4387
v  -20.9588 4.7393 -91.3879
v  -20.2549 5.4432 -91.3879
v  -20.2549 4.0354 -91.3879
v  -19.5510 4.7393 -91.3879
v  -20.9588 4.7393 -91.3371
v  -20.2549 5.4432 -91.3371
v  -20.2549 4.0354 -91.3371
v  -19.5510 4.7393 -91.3371
v  -20.9588 4.7393 -91.2863
v  -20.2549 5.4432 -91.2863
v  -20.2549 4.0354 -91.2863
v  -19.5510 4.7393 -91.2863
v  -20.9588 4.7393 -91.2355
v  -20.2549 5.4432 -91.2355
v  -20.2549 4.0354 -91.2355
v  -19.5510 4.7393 -91.2355
v  -20.9588 4.7393 -91.1847
v  -20.2549 5.4432 -91.1847
v  -20.2549 4.0354 -91.1847
v  -19.5510 4.7393 -91.1847
# 24 vertices

vn -0.0000 -0.0000 -1.0000
vn 0.0000 1.0000 -0.0000
vn -1.0000 0.0000 0.0000
vn -0.0000 -1.0000 0.0000
vn 1.0000 -0.0000 -0.0000
vn 0.0000 0.0000 1.0000
# 6 vertex normals

vt 0.2500 0.0000 1.0000
vt 0.0000 0.0000 1.0000
vt -0.2500 0.0000 1.0000
vt 0.7500 0.0000 1.0000
vt 0.5000 0.0000 1.0000
vt 0.0000 0.2000 1.0000
vt -0.2500 0.2000 1.0000
vt 0.2500 0.2000 1.0000
vt 0.5000 0.2000 1.0000
vt 0.7500 0.2000 1.0000
vt 0.0000 0.4000 1.0000
vt -0.2500 0.4000 1.0000
vt 0.2500 0.4000 1.0000
vt 0.5000 0.4000 1.0000
vt 0.7500 0.4000 1.0000
vt 0.0000 0.6000 1.0000
vt -0.2500 0.6000 1.0000
vt 0.2500 0.6000 1.0000
vt 0.5000 0.6000 1.0000
vt 0.7500 0.6000 1.0000
vt 0.0000 0.8000 1.0000
vt -0.2500 0.8000 1.0000
vt 0.2500 0.8000 1.0000
vt 0.5000 0.8000 1.0000
vt 0.7500 0.8000 1.0000
vt 0.0000 1.0000 1.0000
vt -0.2500 1.0000 1.0000
vt 0.2500 1.0000 1.0000
vt 0.5000 1.0000 1.0000
vt 0.7500 1.0000 1.0000
vt 1.0000 1.0000 -1.0000
# 31 texture coords

g Cylinder183
usemtl 03___Defaulttyi
s 1
f 5287/3878/1502 5288/3879/1502 5289/3880/1502 
f 5289/3881/1502 5290/3882/1502 5287/3878/1502 
s 8
f 5289/3880/1503 5288/3879/1504 5291/3883/1504 5292/3884/1503 
f 5288/3879/1504 5287/3878/1505 5293/3885/1505 5291/3883/1504 
f 5287/3878/1505 5290/3882/1506 5294/3886/1506 5293/3885/1505 
f 5290/3882/1506 5289/3881/1503 5292/3887/1503 5294/3886/1506 
f 5292/3884/1503 5291/3883/1504 5295/3888/1504 5296/3889/1503 
f 5291/3883/1504 5293/3885/1505 5297/3890/1505 5295/3888/1504 
f 5293/3885/1505 5294/3886/1506 5298/3891/1506 5297/3890/1505 
f 5294/3886/1506 5292/3887/1503 5296/3892/1503 5298/3891/1506 
f 5296/3889/1503 5295/3888/1504 5299/3893/1504 5300/3894/1503 
f 5295/3888/1504 5297/3890/1505 5301/3895/1505 5299/3893/1504 
f 5297/3890/1505 5298/3891/1506 5302/3896/1506 5301/3895/1505 
f 5298/3891/1506 5296/3892/1503 5300/3897/1503 5302/3896/1506 
f 5300/3894/1503 5299/3893/1504 5303/3898/1504 5304/3899/1503 
f 5299/3893/1504 5301/3895/1505 5305/3900/1505 5303/3898/1504 
f 5301/3895/1505 5302/3896/1506 5306/3901/1506 5305/3900/1505 
f 5302/3896/1506 5300/3897/1503 5304/3902/1503 5306/3901/1506 
f 5304/3899/1503 5303/3898/1504 5307/3903/1504 5308/3904/1503 
f 5303/3898/1504 5305/3900/1505 5309/3905/1505 5307/3903/1504 
f 5305/3900/1505 5306/3901/1506 5310/3906/1506 5309/3905/1505 
f 5306/3901/1506 5304/3902/1503 5308/3907/1503 5310/3906/1506 
s 1
f 5310/3908/1507 5308/3904/1507 5307/3903/1507 
f 5307/3903/1507 5309/3905/1507 5310/3906/1507 
# 20 polygons - 4 triangles

#
# object Cylinder184
#

v  -23.1973 4.0354 -88.5650
v  -23.1973 4.7393 -87.8611
v  -23.1973 5.4432 -88.5650
v  -23.1973 4.7393 -89.2689
v  -23.1465 4.7393 -87.8611
v  -23.1465 5.4432 -88.5650
v  -23.1465 4.0354 -88.5650
v  -23.1465 4.7393 -89.2689
v  -23.0957 4.7393 -87.8611
v  -23.0957 5.4432 -88.5650
v  -23.0957 4.0354 -88.5650
v  -23.0957 4.7393 -89.2689
v  -23.0449 4.7393 -87.8611
v  -23.0449 5.4432 -88.5650
v  -23.0449 4.0354 -88.5650
v  -23.0449 4.7393 -89.2689
v  -22.9941 4.7393 -87.8611
v  -22.9941 5.4432 -88.5650
v  -22.9941 4.0354 -88.5650
v  -22.9941 4.7393 -89.2689
v  -22.9433 4.7393 -87.8611
v  -22.9433 5.4432 -88.5650
v  -22.9433 4.0354 -88.5650
v  -22.9433 4.7393 -89.2689
# 24 vertices

vn -1.0000 0.0000 0.0000
vn 0.0000 1.0000 -0.0000
vn 0.0000 0.0000 1.0000
vn -0.0000 -1.0000 0.0000
vn -0.0000 -0.0000 -1.0000
vn 1.0000 -0.0000 -0.0000
# 6 vertex normals

vt 0.2500 0.0000 1.0000
vt 0.0000 0.0000 1.0000
vt -0.2500 0.0000 1.0000
vt 0.7500 0.0000 1.0000
vt 0.5000 0.0000 1.0000
vt 0.0000 0.2000 1.0000
vt -0.2500 0.2000 1.0000
vt 0.2500 0.2000 1.0000
vt 0.5000 0.2000 1.0000
vt 0.7500 0.2000 1.0000
vt 0.0000 0.4000 1.0000
vt -0.2500 0.4000 1.0000
vt 0.2500 0.4000 1.0000
vt 0.5000 0.4000 1.0000
vt 0.7500 0.4000 1.0000
vt 0.0000 0.6000 1.0000
vt -0.2500 0.6000 1.0000
vt 0.2500 0.6000 1.0000
vt 0.5000 0.6000 1.0000
vt 0.7500 0.6000 1.0000
vt 0.0000 0.8000 1.0000
vt -0.2500 0.8000 1.0000
vt 0.2500 0.8000 1.0000
vt 0.5000 0.8000 1.0000
vt 0.7500 0.8000 1.0000
vt 0.0000 1.0000 1.0000
vt -0.2500 1.0000 1.0000
vt 0.2500 1.0000 1.0000
vt 0.5000 1.0000 1.0000
vt 0.7500 1.0000 1.0000
vt 1.0000 1.0000 -1.0000
# 31 texture coords

g Cylinder184
usemtl 03___Defaulttyi
s 1
f 5311/3909/1508 5312/3910/1508 5313/3911/1508 
f 5313/3912/1508 5314/3913/1508 5311/3909/1508 
s 8
f 5313/3911/1509 5312/3910/1510 5315/3914/1510 5316/3915/1509 
f 5312/3910/1510 5311/3909/1511 5317/3916/1511 5315/3914/1510 
f 5311/3909/1511 5314/3913/1512 5318/3917/1512 5317/3916/1511 
f 5314/3913/1512 5313/3912/1509 5316/3918/1509 5318/3917/1512 
f 5316/3915/1509 5315/3914/1510 5319/3919/1510 5320/3920/1509 
f 5315/3914/1510 5317/3916/1511 5321/3921/1511 5319/3919/1510 
f 5317/3916/1511 5318/3917/1512 5322/3922/1512 5321/3921/1511 
f 5318/3917/1512 5316/3918/1509 5320/3923/1509 5322/3922/1512 
f 5320/3920/1509 5319/3919/1510 5323/3924/1510 5324/3925/1509 
f 5319/3919/1510 5321/3921/1511 5325/3926/1511 5323/3924/1510 
f 5321/3921/1511 5322/3922/1512 5326/3927/1512 5325/3926/1511 
f 5322/3922/1512 5320/3923/1509 5324/3928/1509 5326/3927/1512 
f 5324/3925/1509 5323/3924/1510 5327/3929/1510 5328/3930/1509 
f 5323/3924/1510 5325/3926/1511 5329/3931/1511 5327/3929/1510 
f 5325/3926/1511 5326/3927/1512 5330/3932/1512 5329/3931/1511 
f 5326/3927/1512 5324/3928/1509 5328/3933/1509 5330/3932/1512 
f 5328/3930/1509 5327/3929/1510 5331/3934/1510 5332/3935/1509 
f 5327/3929/1510 5329/3931/1511 5333/3936/1511 5331/3934/1510 
f 5329/3931/1511 5330/3932/1512 5334/3937/1512 5333/3936/1511 
f 5330/3932/1512 5328/3933/1509 5332/3938/1509 5334/3937/1512 
s 1
f 5334/3939/1513 5332/3935/1513 5331/3934/1513 
f 5331/3934/1513 5333/3936/1513 5334/3937/1513 
# 20 polygons - 4 triangles

#
# object Cylinder185
#

v  -20.2549 4.0354 -85.9801
v  -20.9588 4.7393 -85.9801
v  -20.2549 5.4432 -85.9801
v  -19.5510 4.7393 -85.9801
v  -20.9588 4.7393 -85.9293
v  -20.2549 5.4432 -85.9293
v  -20.2549 4.0354 -85.9293
v  -19.5510 4.7393 -85.9293
v  -20.9588 4.7393 -85.8785
v  -20.2549 5.4432 -85.8785
v  -20.2549 4.0354 -85.8785
v  -19.5510 4.7393 -85.8785
v  -20.9588 4.7393 -85.8277
v  -20.2549 5.4432 -85.8277
v  -20.2549 4.0354 -85.8277
v  -19.5510 4.7393 -85.8277
v  -20.9588 4.7393 -85.7769
v  -20.2549 5.4432 -85.7769
v  -20.2549 4.0354 -85.7769
v  -19.5510 4.7393 -85.7769
v  -20.9588 4.7393 -85.7261
v  -20.2549 5.4432 -85.7261
v  -20.2549 4.0354 -85.7261
v  -19.5510 4.7393 -85.7261
# 24 vertices

vn -0.0000 -0.0000 -1.0000
vn 0.0000 1.0000 -0.0000
vn -1.0000 0.0000 0.0000
vn -0.0000 -1.0000 0.0000
vn 1.0000 -0.0000 -0.0000
vn 0.0000 0.0000 1.0000
# 6 vertex normals

vt 0.2500 0.0000 1.0000
vt 0.0000 0.0000 1.0000
vt -0.2500 0.0000 1.0000
vt 0.7500 0.0000 1.0000
vt 0.5000 0.0000 1.0000
vt 0.0000 0.2000 1.0000
vt -0.2500 0.2000 1.0000
vt 0.2500 0.2000 1.0000
vt 0.5000 0.2000 1.0000
vt 0.7500 0.2000 1.0000
vt 0.0000 0.4000 1.0000
vt -0.2500 0.4000 1.0000
vt 0.2500 0.4000 1.0000
vt 0.5000 0.4000 1.0000
vt 0.7500 0.4000 1.0000
vt 0.0000 0.6000 1.0000
vt -0.2500 0.6000 1.0000
vt 0.2500 0.6000 1.0000
vt 0.5000 0.6000 1.0000
vt 0.7500 0.6000 1.0000
vt 0.0000 0.8000 1.0000
vt -0.2500 0.8000 1.0000
vt 0.2500 0.8000 1.0000
vt 0.5000 0.8000 1.0000
vt 0.7500 0.8000 1.0000
vt 0.0000 1.0000 1.0000
vt -0.2500 1.0000 1.0000
vt 0.2500 1.0000 1.0000
vt 0.5000 1.0000 1.0000
vt 0.7500 1.0000 1.0000
vt 1.0000 1.0000 -1.0000
# 31 texture coords

g Cylinder185
usemtl 03___Defaulttyi
s 1
f 5335/3940/1514 5336/3941/1514 5337/3942/1514 
f 5337/3943/1514 5338/3944/1514 5335/3940/1514 
s 8
f 5337/3942/1515 5336/3941/1516 5339/3945/1516 5340/3946/1515 
f 5336/3941/1516 5335/3940/1517 5341/3947/1517 5339/3945/1516 
f 5335/3940/1517 5338/3944/1518 5342/3948/1518 5341/3947/1517 
f 5338/3944/1518 5337/3943/1515 5340/3949/1515 5342/3948/1518 
f 5340/3946/1515 5339/3945/1516 5343/3950/1516 5344/3951/1515 
f 5339/3945/1516 5341/3947/1517 5345/3952/1517 5343/3950/1516 
f 5341/3947/1517 5342/3948/1518 5346/3953/1518 5345/3952/1517 
f 5342/3948/1518 5340/3949/1515 5344/3954/1515 5346/3953/1518 
f 5344/3951/1515 5343/3950/1516 5347/3955/1516 5348/3956/1515 
f 5343/3950/1516 5345/3952/1517 5349/3957/1517 5347/3955/1516 
f 5345/3952/1517 5346/3953/1518 5350/3958/1518 5349/3957/1517 
f 5346/3953/1518 5344/3954/1515 5348/3959/1515 5350/3958/1518 
f 5348/3956/1515 5347/3955/1516 5351/3960/1516 5352/3961/1515 
f 5347/3955/1516 5349/3957/1517 5353/3962/1517 5351/3960/1516 
f 5349/3957/1517 5350/3958/1518 5354/3963/1518 5353/3962/1517 
f 5350/3958/1518 5348/3959/1515 5352/3964/1515 5354/3963/1518 
f 5352/3961/1515 5351/3960/1516 5355/3965/1516 5356/3966/1515 
f 5351/3960/1516 5353/3962/1517 5357/3967/1517 5355/3965/1516 
f 5353/3962/1517 5354/3963/1518 5358/3968/1518 5357/3967/1517 
f 5354/3963/1518 5352/3964/1515 5356/3969/1515 5358/3968/1518 
s 1
f 5358/3970/1519 5356/3966/1519 5355/3965/1519 
f 5355/3965/1519 5357/3967/1519 5358/3968/1519 
# 20 polygons - 4 triangles

#
# object Cylinder186
#

v  -17.7162 4.0354 -88.5650
v  -17.7162 4.7393 -87.8611
v  -17.7162 5.4432 -88.5650
v  -17.7162 4.7393 -89.2689
v  -17.6654 4.7393 -87.8611
v  -17.6654 5.4432 -88.5650
v  -17.6654 4.0354 -88.5650
v  -17.6654 4.7393 -89.2689
v  -17.6146 4.7393 -87.8611
v  -17.6146 5.4432 -88.5650
v  -17.6146 4.0354 -88.5650
v  -17.6146 4.7393 -89.2689
v  -17.5638 4.7393 -87.8611
v  -17.5638 5.4432 -88.5650
v  -17.5638 4.0354 -88.5650
v  -17.5638 4.7393 -89.2689
v  -17.5130 4.7393 -87.8611
v  -17.5130 5.4432 -88.5650
v  -17.5130 4.0354 -88.5650
v  -17.5130 4.7393 -89.2689
v  -17.4622 4.7393 -87.8611
v  -17.4622 5.4432 -88.5650
v  -17.4622 4.0354 -88.5650
v  -17.4622 4.7393 -89.2689
# 24 vertices

vn -1.0000 0.0000 0.0000
vn 0.0000 1.0000 -0.0000
vn 0.0000 0.0000 1.0000
vn -0.0000 -1.0000 0.0000
vn -0.0000 -0.0000 -1.0000
vn 1.0000 -0.0000 -0.0000
# 6 vertex normals

vt 0.2500 0.0000 1.0000
vt 0.0000 0.0000 1.0000
vt -0.2500 0.0000 1.0000
vt 0.7500 0.0000 1.0000
vt 0.5000 0.0000 1.0000
vt 0.0000 0.2000 1.0000
vt -0.2500 0.2000 1.0000
vt 0.2500 0.2000 1.0000
vt 0.5000 0.2000 1.0000
vt 0.7500 0.2000 1.0000
vt 0.0000 0.4000 1.0000
vt -0.2500 0.4000 1.0000
vt 0.2500 0.4000 1.0000
vt 0.5000 0.4000 1.0000
vt 0.7500 0.4000 1.0000
vt 0.0000 0.6000 1.0000
vt -0.2500 0.6000 1.0000
vt 0.2500 0.6000 1.0000
vt 0.5000 0.6000 1.0000
vt 0.7500 0.6000 1.0000
vt 0.0000 0.8000 1.0000
vt -0.2500 0.8000 1.0000
vt 0.2500 0.8000 1.0000
vt 0.5000 0.8000 1.0000
vt 0.7500 0.8000 1.0000
vt 0.0000 1.0000 1.0000
vt -0.2500 1.0000 1.0000
vt 0.2500 1.0000 1.0000
vt 0.5000 1.0000 1.0000
vt 0.7500 1.0000 1.0000
vt 1.0000 1.0000 -1.0000
# 31 texture coords

g Cylinder186
usemtl 03___Defaulttyi
s 1
f 5359/3971/1520 5360/3972/1520 5361/3973/1520 
f 5361/3974/1520 5362/3975/1520 5359/3971/1520 
s 8
f 5361/3973/1521 5360/3972/1522 5363/3976/1522 5364/3977/1521 
f 5360/3972/1522 5359/3971/1523 5365/3978/1523 5363/3976/1522 
f 5359/3971/1523 5362/3975/1524 5366/3979/1524 5365/3978/1523 
f 5362/3975/1524 5361/3974/1521 5364/3980/1521 5366/3979/1524 
f 5364/3977/1521 5363/3976/1522 5367/3981/1522 5368/3982/1521 
f 5363/3976/1522 5365/3978/1523 5369/3983/1523 5367/3981/1522 
f 5365/3978/1523 5366/3979/1524 5370/3984/1524 5369/3983/1523 
f 5366/3979/1524 5364/3980/1521 5368/3985/1521 5370/3984/1524 
f 5368/3982/1521 5367/3981/1522 5371/3986/1522 5372/3987/1521 
f 5367/3981/1522 5369/3983/1523 5373/3988/1523 5371/3986/1522 
f 5369/3983/1523 5370/3984/1524 5374/3989/1524 5373/3988/1523 
f 5370/3984/1524 5368/3985/1521 5372/3990/1521 5374/3989/1524 
f 5372/3987/1521 5371/3986/1522 5375/3991/1522 5376/3992/1521 
f 5371/3986/1522 5373/3988/1523 5377/3993/1523 5375/3991/1522 
f 5373/3988/1523 5374/3989/1524 5378/3994/1524 5377/3993/1523 
f 5374/3989/1524 5372/3990/1521 5376/3995/1521 5378/3994/1524 
f 5376/3992/1521 5375/3991/1522 5379/3996/1522 5380/3997/1521 
f 5375/3991/1522 5377/3993/1523 5381/3998/1523 5379/3996/1522 
f 5377/3993/1523 5378/3994/1524 5382/3999/1524 5381/3998/1523 
f 5378/3994/1524 5376/3995/1521 5380/4000/1521 5382/3999/1524 
s 1
f 5382/4001/1525 5380/3997/1525 5379/3996/1525 
f 5379/3996/1525 5381/3998/1525 5382/3999/1525 
# 20 polygons - 4 triangles

#
# object Box448
#

v  -17.8843 -0.3273 -86.1366
v  -22.7103 -0.3273 -86.1366
v  -22.7103 -0.3273 -90.9626
v  -17.8843 -0.3273 -90.9626
v  -17.8843 0.9427 -86.1366
v  -17.8843 0.9427 -90.9626
v  -22.7103 0.9427 -90.9626
v  -22.7103 0.9427 -86.1366
# 8 vertices

vn 0.0000 -1.0000 -0.0000
vn 0.0000 1.0000 -0.0000
vn 1.0000 0.0000 -0.0000
vn -0.0000 0.0000 -1.0000
vn -1.0000 0.0000 0.0000
vn 0.0000 0.0000 1.0000
# 6 vertex normals

vt 1.0000 0.0000 0.0000
vt 1.0000 1.0000 0.0000
vt 0.0000 1.0000 0.0000
vt 0.0000 0.0000 0.0000
# 4 texture coords

g Box448
usemtl tfg
s 2
f 5383/4002/1526 5384/4003/1526 5385/4004/1526 5386/4005/1526 
s 4
f 5387/4005/1527 5388/4002/1527 5389/4003/1527 5390/4004/1527 
s 8
f 5383/4005/1528 5386/4002/1528 5388/4003/1528 5387/4004/1528 
s 16
f 5386/4005/1529 5385/4002/1529 5389/4003/1529 5388/4004/1529 
s 32
f 5385/4005/1530 5384/4002/1530 5390/4003/1530 5389/4004/1530 
s 64
f 5384/4005/1531 5383/4002/1531 5387/4003/1531 5390/4004/1531 
# 6 polygons

#
# object Box449
#

v  86.7728 -0.3273 -79.7614
v  85.3335 -0.3273 -79.7614
v  85.3335 -0.3273 -81.2008
v  86.7728 -0.3273 -81.2008
v  85.3335 -0.3273 -82.6401
v  86.7728 -0.3273 -82.6401
v  85.3335 -0.3273 -84.0794
v  86.7728 -0.3273 -84.0794
v  83.8941 -0.3273 -79.7614
v  83.8941 -0.3273 -81.2008
v  83.8941 -0.3273 -82.6401
v  83.8941 -0.3273 -84.0794
v  82.4548 -0.3273 -79.7614
v  82.4548 -0.3273 -81.2008
v  82.4548 -0.3273 -82.6401
v  82.4548 -0.3273 -84.0794
v  86.7728 9.8327 -79.7614
v  86.7728 9.8327 -81.2008
v  85.3335 9.8327 -81.2008
v  85.3335 9.8327 -79.7614
v  86.7728 9.8327 -82.6401
v  85.3335 9.8327 -82.6401
v  86.7728 9.8327 -84.0794
v  85.3335 9.8327 -84.0794
v  83.8941 9.8327 -81.2008
v  83.8941 9.8327 -79.7614
v  83.8941 9.8327 -82.6401
v  83.8941 9.8327 -84.0794
v  82.4548 9.8327 -81.2008
v  82.4548 9.8327 -79.7614
v  82.4548 9.8327 -82.6401
v  82.4548 9.8327 -84.0794
v  86.7728 4.7527 -81.2008
v  86.7728 4.7527 -79.7614
v  87.2808 -0.3273 -81.2008
v  87.2808 -0.3273 -82.6401
v  87.2808 4.7527 -82.6401
v  87.2808 4.7527 -81.2008
v  86.7728 4.7527 -84.0794
v  86.7728 4.7527 -82.6401
v  87.2808 9.8327 -82.6401
v  87.2808 9.8327 -81.2008
v  85.3335 4.7527 -84.0794
v  85.3335 -0.3273 -84.5874
v  83.8941 -0.3273 -84.5874
v  83.8941 4.7527 -84.5874
v  85.3335 4.7527 -84.5874
v  82.4548 4.7527 -84.0794
v  83.8941 4.7527 -84.0794
v  83.8941 9.8327 -84.5874
v  85.3335 9.8327 -84.5874
v  82.4548 4.7527 -82.6401
v  81.9468 -0.3273 -82.6401
v  81.9468 -0.3273 -81.2008
v  81.9468 4.7527 -81.2008
v  81.9468 4.7527 -82.6401
v  82.4548 4.7527 -79.7614
v  82.4548 4.7527 -81.2008
v  81.9468 9.8327 -81.2008
v  81.9468 9.8327 -82.6401
v  83.8941 4.7527 -79.7614
v  83.8941 -0.3273 -79.2534
v  85.3335 -0.3273 -79.2534
v  85.3335 4.7527 -79.2534
v  83.8941 4.7527 -79.2534
v  85.3335 4.7527 -79.7614
v  85.3335 9.8327 -79.2534
v  83.8941 9.8327 -79.2534
# 68 vertices

vn 0.0000 -1.0000 -0.0000
vn 0.0000 1.0000 -0.0000
vn 1.0000 0.0000 -0.0000
vn -0.0000 0.0000 -1.0000
vn -0.0000 -0.0000 -1.0000
vn -1.0000 0.0000 0.0000
vn -1.0000 -0.0000 0.0000
vn 0.0000 0.0000 1.0000
vn 0.0000 -0.0000 1.0000
vn 1.0000 -0.0000 -0.0000
# 10 vertex normals

vt 1.0000 0.0000 0.0000
vt 1.0000 0.3333 0.0000
vt 0.6667 0.3333 0.0000
vt 0.6667 0.0000 0.0000
vt 0.3333 0.3333 0.0000
vt 0.3333 0.0000 0.0000
vt -0.0000 0.3333 0.0000
vt -0.0000 0.0000 0.0000
vt 1.0000 0.6667 0.0000
vt 0.6667 0.6667 0.0000
vt 0.3333 0.6667 0.0000
vt -0.0000 0.6667 0.0000
vt 1.0000 1.0000 0.0000
vt 0.6667 1.0000 0.0000
vt 0.3333 1.0000 0.0000
vt -0.0000 1.0000 0.0000
vt 0.0000 0.0000 0.0000
vt 0.0000 0.3333 0.0000
vt 0.0000 0.6667 0.0000
vt 0.0000 1.0000 0.0000
vt 0.3333 0.5000 0.0000
vt 0.0000 0.5000 0.0000
vt 0.6667 0.5000 0.0000
vt 1.0000 0.5000 0.0000
# 24 texture coords

g Box449
usemtl xdgh
s 2
f 5391/4006/1532 5392/4007/1532 5393/4008/1532 5394/4009/1532 
f 5394/4009/1532 5393/4008/1532 5395/4010/1532 5396/4011/1532 
f 5396/4011/1532 5395/4010/1532 5397/4012/1532 5398/4013/1532 
f 5392/4007/1532 5399/4014/1532 5400/4015/1532 5393/4008/1532 
f 5393/4008/1532 5400/4015/1532 5401/4016/1532 5395/4010/1532 
f 5395/4010/1532 5401/4016/1532 5402/4017/1532 5397/4012/1532 
f 5399/4014/1532 5403/4018/1532 5404/4019/1532 5400/4015/1532 
f 5400/4015/1532 5404/4019/1532 5405/4020/1532 5401/4016/1532 
f 5401/4016/1532 5405/4020/1532 5406/4021/1532 5402/4017/1532 
s 4
f 5407/4022/1533 5408/4011/1533 5409/4010/1533 5410/4023/1533 
f 5408/4011/1533 5411/4009/1533 5412/4008/1533 5409/4010/1533 
f 5411/4009/1533 5413/4006/1533 5414/4007/1533 5412/4008/1533 
f 5410/4023/1533 5409/4010/1533 5415/4016/1533 5416/4024/1533 
f 5409/4010/1533 5412/4008/1533 5417/4015/1533 5415/4016/1533 
f 5412/4008/1533 5414/4007/1533 5418/4014/1533 5417/4015/1533 
f 5416/4024/1533 5415/4016/1533 5419/4020/1533 5420/4025/1533 
f 5415/4016/1533 5417/4015/1533 5421/4019/1533 5419/4020/1533 
f 5417/4015/1533 5418/4014/1533 5422/4018/1533 5421/4019/1533 
s 8
f 5391/4022/1534 5394/4011/1534 5423/4026/1534 5424/4027/1534 
f 5425/4011/1534 5426/4009/1534 5427/4028/1534 5428/4026/1534 
f 5396/4009/1534 5398/4006/1534 5429/4029/1534 5430/4028/1534 
usemtl tfg
f 5424/4027/1534 5423/4026/1534 5408/4020/1534 5407/4025/1534 
usemtl xdgh
f 5428/4026/1534 5427/4028/1534 5431/4019/1534 5432/4020/1534 
usemtl tfg
f 5430/4028/1534 5429/4029/1534 5413/4018/1534 5411/4019/1534 
usemtl xdgh
s 16
f 5398/4022/1535 5397/4011/1535 5433/4026/1535 5429/4027/1535 
f 5434/4011/1536 5435/4009/1536 5436/4028/1535 5437/4026/1535 
f 5402/4009/1535 5406/4006/1535 5438/4029/1535 5439/4028/1535 
usemtl tfg
f 5429/4027/1535 5433/4026/1535 5414/4020/1535 5413/4025/1535 
usemtl xdgh
f 5437/4026/1535 5436/4028/1535 5440/4019/1535 5441/4020/1535 
usemtl tfg
f 5439/4028/1535 5438/4029/1535 5422/4018/1535 5418/4019/1535 
usemtl xdgh
s 32
f 5406/4022/1537 5405/4011/1537 5442/4026/1537 5438/4027/1537 
f 5443/4011/1538 5444/4009/1538 5445/4028/1537 5446/4026/1537 
f 5404/4009/1537 5403/4006/1537 5447/4029/1537 5448/4028/1537 
usemtl tfg
f 5438/4027/1537 5442/4026/1537 5421/4020/1537 5422/4025/1537 
usemtl xdgh
f 5446/4026/1537 5445/4028/1537 5449/4019/1537 5450/4020/1537 
usemtl tfg
f 5448/4028/1537 5447/4029/1537 5420/4018/1537 5419/4019/1537 
usemtl xdgh
s 64
f 5403/4022/1539 5399/4011/1539 5451/4026/1539 5447/4027/1539 
f 5452/4011/1539 5453/4009/1539 5454/4028/1539 5455/4026/1539 
f 5392/4009/1539 5391/4006/1539 5424/4029/1539 5456/4028/1539 
usemtl tfg
f 5447/4027/1539 5451/4026/1539 5416/4020/1539 5420/4025/1539 
usemtl xdgh
f 5455/4026/1539 5454/4028/1539 5457/4019/1539 5458/4020/1539 
usemtl tfg
f 5456/4028/1539 5424/4029/1539 5407/4018/1539 5410/4019/1539 
usemtl xdgh
s off
f 5394/4009/1532 5396/4011/1532 5426/4009/1532 5425/4011/1532 
usemtl tfg
f 5396/4009/1535 5430/4028/1535 5427/4028/1535 5426/4009/1535 
f 5430/4028/1535 5411/4019/1535 5431/4019/1535 5427/4028/1535 
usemtl xdgh
f 5411/4009/1533 5408/4011/1533 5432/4020/1533 5431/4019/1533 
usemtl tfg
f 5408/4020/1539 5423/4026/1539 5428/4026/1539 5432/4020/1539 
f 5423/4026/1539 5394/4011/1539 5425/4011/1539 5428/4026/1539 
usemtl xdgh
f 5397/4012/1532 5402/4017/1532 5435/4009/1532 5434/4011/1532 
usemtl tfg
f 5402/4009/1537 5439/4028/1537 5436/4028/1537 5435/4009/1537 
f 5439/4028/1537 5418/4019/1537 5440/4019/1537 5436/4028/1537 
usemtl xdgh
f 5418/4014/1533 5414/4007/1533 5441/4020/1533 5440/4019/1533 
usemtl tfg
f 5414/4020/1534 5433/4026/1534 5437/4026/1534 5441/4020/1534 
f 5433/4026/1534 5397/4011/1534 5434/4011/1534 5437/4026/1534 
usemtl xdgh
f 5405/4020/1532 5404/4019/1532 5444/4009/1532 5443/4011/1532 
usemtl tfg
f 5404/4009/1539 5448/4028/1539 5445/4028/1539 5444/4009/1539 
f 5448/4028/1540 5419/4019/1540 5449/4019/1540 5445/4028/1540 
usemtl xdgh
f 5419/4020/1533 5421/4019/1533 5450/4020/1533 5449/4019/1533 
usemtl tfg
f 5421/4020/1535 5442/4026/1535 5446/4026/1535 5450/4020/1535 
f 5442/4026/1536 5405/4011/1536 5443/4011/1536 5446/4026/1536 
usemtl xdgh
f 5399/4014/1532 5392/4007/1532 5453/4009/1532 5452/4011/1532 
usemtl tfg
f 5392/4009/1534 5456/4028/1534 5454/4028/1534 5453/4009/1534 
f 5456/4028/1541 5410/4019/1541 5457/4019/1541 5454/4028/1541 
usemtl xdgh
f 5410/4023/1533 5416/4024/1533 5458/4020/1533 5457/4019/1533 
usemtl tfg
f 5416/4020/1537 5451/4026/1537 5455/4026/1537 5458/4020/1537 
f 5451/4026/1538 5399/4011/1538 5452/4011/1538 5455/4026/1538 
# 66 polygons

#
# object Box450
#

v  87.1538 4.5718 -79.3804
v  82.0738 4.5718 -79.3804
v  82.0738 4.5718 -84.4604
v  87.1538 4.5718 -84.4604
v  87.1538 4.8258 -79.3804
v  87.1538 4.8258 -84.4604
v  82.0738 4.8258 -84.4604
v  82.0738 4.8258 -79.3804
# 8 vertices

vn 0.0000 -1.0000 -0.0000
vn 0.0000 1.0000 -0.0000
vn 1.0000 0.0000 -0.0000
vn -0.0000 0.0000 -1.0000
vn -1.0000 0.0000 0.0000
vn 0.0000 0.0000 1.0000
# 6 vertex normals

vt 1.0000 0.0000 0.0000
vt 1.0000 1.0000 0.0000
vt 0.0000 1.0000 0.0000
vt 0.0000 0.0000 0.0000
# 4 texture coords

g Box450
usemtl cvj
s 2
f 5459/4030/1542 5460/4031/1542 5461/4032/1542 5462/4033/1542 
s 4
f 5463/4033/1543 5464/4030/1543 5465/4031/1543 5466/4032/1543 
s 8
f 5459/4033/1544 5462/4030/1544 5464/4031/1544 5463/4032/1544 
s 16
f 5462/4033/1545 5461/4030/1545 5465/4031/1545 5464/4032/1545 
s 32
f 5461/4033/1546 5460/4030/1546 5466/4031/1546 5465/4032/1546 
s 64
f 5460/4033/1547 5459/4030/1547 5463/4031/1547 5466/4032/1547 
# 6 polygons

#
# object Cylinder187
#

v  84.6561 4.0354 -84.8095
v  83.9522 4.7393 -84.8095
v  84.6561 5.4432 -84.8095
v  85.3600 4.7393 -84.8095
v  83.9522 4.7393 -84.7587
v  84.6561 5.4432 -84.7587
v  84.6561 4.0354 -84.7587
v  85.3600 4.7393 -84.7587
v  83.9522 4.7393 -84.7079
v  84.6561 5.4432 -84.7079
v  84.6561 4.0354 -84.7079
v  85.3600 4.7393 -84.7079
v  83.9522 4.7393 -84.6571
v  84.6561 5.4432 -84.6571
v  84.6561 4.0354 -84.6571
v  85.3600 4.7393 -84.6571
v  83.9522 4.7393 -84.6063
v  84.6561 5.4432 -84.6063
v  84.6561 4.0354 -84.6063
v  85.3600 4.7393 -84.6063
v  83.9522 4.7393 -84.5555
v  84.6561 5.4432 -84.5555
v  84.6561 4.0354 -84.5555
v  85.3600 4.7393 -84.5555
# 24 vertices

vn -0.0000 -0.0000 -1.0000
vn 0.0000 1.0000 -0.0000
vn -1.0000 0.0000 0.0000
vn -0.0000 -1.0000 0.0000
vn 1.0000 -0.0000 -0.0000
vn 0.0000 0.0000 1.0000
# 6 vertex normals

vt 0.2500 0.0000 1.0000
vt 0.0000 0.0000 1.0000
vt -0.2500 0.0000 1.0000
vt 0.7500 0.0000 1.0000
vt 0.5000 0.0000 1.0000
vt 0.0000 0.2000 1.0000
vt -0.2500 0.2000 1.0000
vt 0.2500 0.2000 1.0000
vt 0.5000 0.2000 1.0000
vt 0.7500 0.2000 1.0000
vt 0.0000 0.4000 1.0000
vt -0.2500 0.4000 1.0000
vt 0.2500 0.4000 1.0000
vt 0.5000 0.4000 1.0000
vt 0.7500 0.4000 1.0000
vt 0.0000 0.6000 1.0000
vt -0.2500 0.6000 1.0000
vt 0.2500 0.6000 1.0000
vt 0.5000 0.6000 1.0000
vt 0.7500 0.6000 1.0000
vt 0.0000 0.8000 1.0000
vt -0.2500 0.8000 1.0000
vt 0.2500 0.8000 1.0000
vt 0.5000 0.8000 1.0000
vt 0.7500 0.8000 1.0000
vt 0.0000 1.0000 1.0000
vt -0.2500 1.0000 1.0000
vt 0.2500 1.0000 1.0000
vt 0.5000 1.0000 1.0000
vt 0.7500 1.0000 1.0000
vt 1.0000 1.0000 -1.0000
# 31 texture coords

g Cylinder187
usemtl 03___Defaulttyi
s 1
f 5467/4034/1548 5468/4035/1548 5469/4036/1548 
f 5469/4037/1548 5470/4038/1548 5467/4034/1548 
s 8
f 5469/4036/1549 5468/4035/1550 5471/4039/1550 5472/4040/1549 
f 5468/4035/1550 5467/4034/1551 5473/4041/1551 5471/4039/1550 
f 5467/4034/1551 5470/4038/1552 5474/4042/1552 5473/4041/1551 
f 5470/4038/1552 5469/4037/1549 5472/4043/1549 5474/4042/1552 
f 5472/4040/1549 5471/4039/1550 5475/4044/1550 5476/4045/1549 
f 5471/4039/1550 5473/4041/1551 5477/4046/1551 5475/4044/1550 
f 5473/4041/1551 5474/4042/1552 5478/4047/1552 5477/4046/1551 
f 5474/4042/1552 5472/4043/1549 5476/4048/1549 5478/4047/1552 
f 5476/4045/1549 5475/4044/1550 5479/4049/1550 5480/4050/1549 
f 5475/4044/1550 5477/4046/1551 5481/4051/1551 5479/4049/1550 
f 5477/4046/1551 5478/4047/1552 5482/4052/1552 5481/4051/1551 
f 5478/4047/1552 5476/4048/1549 5480/4053/1549 5482/4052/1552 
f 5480/4050/1549 5479/4049/1550 5483/4054/1550 5484/4055/1549 
f 5479/4049/1550 5481/4051/1551 5485/4056/1551 5483/4054/1550 
f 5481/4051/1551 5482/4052/1552 5486/4057/1552 5485/4056/1551 
f 5482/4052/1552 5480/4053/1549 5484/4058/1549 5486/4057/1552 
f 5484/4055/1549 5483/4054/1550 5487/4059/1550 5488/4060/1549 
f 5483/4054/1550 5485/4056/1551 5489/4061/1551 5487/4059/1550 
f 5485/4056/1551 5486/4057/1552 5490/4062/1552 5489/4061/1551 
f 5486/4057/1552 5484/4058/1549 5488/4063/1549 5490/4062/1552 
s 1
f 5490/4064/1553 5488/4060/1553 5487/4059/1553 
f 5487/4059/1553 5489/4061/1553 5490/4062/1553 
# 20 polygons - 4 triangles

#
# object Cylinder188
#

v  81.7138 4.0354 -81.9358
v  81.7138 4.7393 -81.2319
v  81.7138 5.4432 -81.9358
v  81.7138 4.7393 -82.6397
v  81.7646 4.7393 -81.2319
v  81.7646 5.4432 -81.9358
v  81.7646 4.0354 -81.9358
v  81.7646 4.7393 -82.6397
v  81.8154 4.7393 -81.2319
v  81.8154 5.4432 -81.9358
v  81.8154 4.0354 -81.9358
v  81.8154 4.7393 -82.6397
v  81.8662 4.7393 -81.2319
v  81.8662 5.4432 -81.9358
v  81.8662 4.0354 -81.9358
v  81.8662 4.7393 -82.6397
v  81.9170 4.7393 -81.2319
v  81.9170 5.4432 -81.9358
v  81.9170 4.0354 -81.9358
v  81.9170 4.7393 -82.6397
v  81.9678 4.7393 -81.2319
v  81.9678 5.4432 -81.9358
v  81.9678 4.0354 -81.9358
v  81.9678 4.7393 -82.6397
# 24 vertices

vn -1.0000 0.0000 0.0000
vn 0.0000 1.0000 -0.0000
vn 0.0000 0.0000 1.0000
vn -0.0000 -1.0000 0.0000
vn -0.0000 -0.0000 -1.0000
vn 1.0000 -0.0000 -0.0000
# 6 vertex normals

vt 0.2500 0.0000 1.0000
vt 0.0000 0.0000 1.0000
vt -0.2500 0.0000 1.0000
vt 0.7500 0.0000 1.0000
vt 0.5000 0.0000 1.0000
vt 0.0000 0.2000 1.0000
vt -0.2500 0.2000 1.0000
vt 0.2500 0.2000 1.0000
vt 0.5000 0.2000 1.0000
vt 0.7500 0.2000 1.0000
vt 0.0000 0.4000 1.0000
vt -0.2500 0.4000 1.0000
vt 0.2500 0.4000 1.0000
vt 0.5000 0.4000 1.0000
vt 0.7500 0.4000 1.0000
vt 0.0000 0.6000 1.0000
vt -0.2500 0.6000 1.0000
vt 0.2500 0.6000 1.0000
vt 0.5000 0.6000 1.0000
vt 0.7500 0.6000 1.0000
vt 0.0000 0.8000 1.0000
vt -0.2500 0.8000 1.0000
vt 0.2500 0.8000 1.0000
vt 0.5000 0.8000 1.0000
vt 0.7500 0.8000 1.0000
vt 0.0000 1.0000 1.0000
vt -0.2500 1.0000 1.0000
vt 0.2500 1.0000 1.0000
vt 0.5000 1.0000 1.0000
vt 0.7500 1.0000 1.0000
vt 1.0000 1.0000 -1.0000
# 31 texture coords

g Cylinder188
usemtl 03___Defaulttyi
s 1
f 5491/4065/1554 5492/4066/1554 5493/4067/1554 
f 5493/4068/1554 5494/4069/1554 5491/4065/1554 
s 8
f 5493/4067/1555 5492/4066/1556 5495/4070/1556 5496/4071/1555 
f 5492/4066/1556 5491/4065/1557 5497/4072/1557 5495/4070/1556 
f 5491/4065/1557 5494/4069/1558 5498/4073/1558 5497/4072/1557 
f 5494/4069/1558 5493/4068/1555 5496/4074/1555 5498/4073/1558 
f 5496/4071/1555 5495/4070/1556 5499/4075/1556 5500/4076/1555 
f 5495/4070/1556 5497/4072/1557 5501/4077/1557 5499/4075/1556 
f 5497/4072/1557 5498/4073/1558 5502/4078/1558 5501/4077/1557 
f 5498/4073/1558 5496/4074/1555 5500/4079/1555 5502/4078/1558 
f 5500/4076/1555 5499/4075/1556 5503/4080/1556 5504/4081/1555 
f 5499/4075/1556 5501/4077/1557 5505/4082/1557 5503/4080/1556 
f 5501/4077/1557 5502/4078/1558 5506/4083/1558 5505/4082/1557 
f 5502/4078/1558 5500/4079/1555 5504/4084/1555 5506/4083/1558 
f 5504/4081/1555 5503/4080/1556 5507/4085/1556 5508/4086/1555 
f 5503/4080/1556 5505/4082/1557 5509/4087/1557 5507/4085/1556 
f 5505/4082/1557 5506/4083/1558 5510/4088/1558 5509/4087/1557 
f 5506/4083/1558 5504/4084/1555 5508/4089/1555 5510/4088/1558 
f 5508/4086/1555 5507/4085/1556 5511/4090/1556 5512/4091/1555 
f 5507/4085/1556 5509/4087/1557 5513/4092/1557 5511/4090/1556 
f 5509/4087/1557 5510/4088/1558 5514/4093/1558 5513/4092/1557 
f 5510/4088/1558 5508/4089/1555 5512/4094/1555 5514/4093/1558 
s 1
f 5514/4095/1559 5512/4091/1559 5511/4090/1559 
f 5511/4090/1559 5513/4092/1559 5514/4093/1559 
# 20 polygons - 4 triangles

#
# object Cylinder189
#

v  84.6561 4.0354 -79.3509
v  83.9522 4.7393 -79.3509
v  84.6561 5.4432 -79.3509
v  85.3600 4.7393 -79.3509
v  83.9522 4.7393 -79.3001
v  84.6561 5.4432 -79.3001
v  84.6561 4.0354 -79.3001
v  85.3600 4.7393 -79.3001
v  83.9522 4.7393 -79.2493
v  84.6561 5.4432 -79.2493
v  84.6561 4.0354 -79.2493
v  85.3600 4.7393 -79.2493
v  83.9522 4.7393 -79.1985
v  84.6561 5.4432 -79.1985
v  84.6561 4.0354 -79.1985
v  85.3600 4.7393 -79.1985
v  83.9522 4.7393 -79.1477
v  84.6561 5.4432 -79.1477
v  84.6561 4.0354 -79.1477
v  85.3600 4.7393 -79.1477
v  83.9522 4.7393 -79.0969
v  84.6561 5.4432 -79.0969
v  84.6561 4.0354 -79.0969
v  85.3600 4.7393 -79.0969
# 24 vertices

vn -0.0000 -0.0000 -1.0000
vn 0.0000 1.0000 -0.0000
vn -1.0000 0.0000 0.0000
vn -0.0000 -1.0000 0.0000
vn 1.0000 -0.0000 -0.0000
vn 0.0000 0.0000 1.0000
# 6 vertex normals

vt 0.2500 0.0000 1.0000
vt 0.0000 0.0000 1.0000
vt -0.2500 0.0000 1.0000
vt 0.7500 0.0000 1.0000
vt 0.5000 0.0000 1.0000
vt 0.0000 0.2000 1.0000
vt -0.2500 0.2000 1.0000
vt 0.2500 0.2000 1.0000
vt 0.5000 0.2000 1.0000
vt 0.7500 0.2000 1.0000
vt 0.0000 0.4000 1.0000
vt -0.2500 0.4000 1.0000
vt 0.2500 0.4000 1.0000
vt 0.5000 0.4000 1.0000
vt 0.7500 0.4000 1.0000
vt 0.0000 0.6000 1.0000
vt -0.2500 0.6000 1.0000
vt 0.2500 0.6000 1.0000
vt 0.5000 0.6000 1.0000
vt 0.7500 0.6000 1.0000
vt 0.0000 0.8000 1.0000
vt -0.2500 0.8000 1.0000
vt 0.2500 0.8000 1.0000
vt 0.5000 0.8000 1.0000
vt 0.7500 0.8000 1.0000
vt 0.0000 1.0000 1.0000
vt -0.2500 1.0000 1.0000
vt 0.2500 1.0000 1.0000
vt 0.5000 1.0000 1.0000
vt 0.7500 1.0000 1.0000
vt 1.0000 1.0000 -1.0000
# 31 texture coords

g Cylinder189
usemtl 03___Defaulttyi
s 1
f 5515/4096/1560 5516/4097/1560 5517/4098/1560 
f 5517/4099/1560 5518/4100/1560 5515/4096/1560 
s 8
f 5517/4098/1561 5516/4097/1562 5519/4101/1562 5520/4102/1561 
f 5516/4097/1562 5515/4096/1563 5521/4103/1563 5519/4101/1562 
f 5515/4096/1563 5518/4100/1564 5522/4104/1564 5521/4103/1563 
f 5518/4100/1564 5517/4099/1561 5520/4105/1561 5522/4104/1564 
f 5520/4102/1561 5519/4101/1562 5523/4106/1562 5524/4107/1561 
f 5519/4101/1562 5521/4103/1563 5525/4108/1563 5523/4106/1562 
f 5521/4103/1563 5522/4104/1564 5526/4109/1564 5525/4108/1563 
f 5522/4104/1564 5520/4105/1561 5524/4110/1561 5526/4109/1564 
f 5524/4107/1561 5523/4106/1562 5527/4111/1562 5528/4112/1561 
f 5523/4106/1562 5525/4108/1563 5529/4113/1563 5527/4111/1562 
f 5525/4108/1563 5526/4109/1564 5530/4114/1564 5529/4113/1563 
f 5526/4109/1564 5524/4110/1561 5528/4115/1561 5530/4114/1564 
f 5528/4112/1561 5527/4111/1562 5531/4116/1562 5532/4117/1561 
f 5527/4111/1562 5529/4113/1563 5533/4118/1563 5531/4116/1562 
f 5529/4113/1563 5530/4114/1564 5534/4119/1564 5533/4118/1563 
f 5530/4114/1564 5528/4115/1561 5532/4120/1561 5534/4119/1564 
f 5532/4117/1561 5531/4116/1562 5535/4121/1562 5536/4122/1561 
f 5531/4116/1562 5533/4118/1563 5537/4123/1563 5535/4121/1562 
f 5533/4118/1563 5534/4119/1564 5538/4124/1564 5537/4123/1563 
f 5534/4119/1564 5532/4120/1561 5536/4125/1561 5538/4124/1564 
s 1
f 5538/4126/1565 5536/4122/1565 5535/4121/1565 
f 5535/4121/1565 5537/4123/1565 5538/4124/1565 
# 20 polygons - 4 triangles

#
# object Cylinder190
#

v  87.1948 4.0354 -81.9358
v  87.1948 4.7393 -81.2319
v  87.1948 5.4432 -81.9358
v  87.1948 4.7393 -82.6397
v  87.2456 4.7393 -81.2319
v  87.2456 5.4432 -81.9358
v  87.2456 4.0354 -81.9358
v  87.2456 4.7393 -82.6397
v  87.2964 4.7393 -81.2319
v  87.2964 5.4432 -81.9358
v  87.2964 4.0354 -81.9358
v  87.2964 4.7393 -82.6397
v  87.3472 4.7393 -81.2319
v  87.3472 5.4432 -81.9358
v  87.3472 4.0354 -81.9358
v  87.3472 4.7393 -82.6397
v  87.3980 4.7393 -81.2319
v  87.3980 5.4432 -81.9358
v  87.3980 4.0354 -81.9358
v  87.3980 4.7393 -82.6397
v  87.4488 4.7393 -81.2319
v  87.4488 5.4432 -81.9358
v  87.4488 4.0354 -81.9358
v  87.4488 4.7393 -82.6397
# 24 vertices

vn -1.0000 0.0000 0.0000
vn 0.0000 1.0000 -0.0000
vn 0.0000 0.0000 1.0000
vn -0.0000 -1.0000 0.0000
vn -0.0000 -0.0000 -1.0000
vn 1.0000 -0.0000 -0.0000
# 6 vertex normals

vt 0.2500 0.0000 1.0000
vt 0.0000 0.0000 1.0000
vt -0.2500 0.0000 1.0000
vt 0.7500 0.0000 1.0000
vt 0.5000 0.0000 1.0000
vt 0.0000 0.2000 1.0000
vt -0.2500 0.2000 1.0000
vt 0.2500 0.2000 1.0000
vt 0.5000 0.2000 1.0000
vt 0.7500 0.2000 1.0000
vt 0.0000 0.4000 1.0000
vt -0.2500 0.4000 1.0000
vt 0.2500 0.4000 1.0000
vt 0.5000 0.4000 1.0000
vt 0.7500 0.4000 1.0000
vt 0.0000 0.6000 1.0000
vt -0.2500 0.6000 1.0000
vt 0.2500 0.6000 1.0000
vt 0.5000 0.6000 1.0000
vt 0.7500 0.6000 1.0000
vt 0.0000 0.8000 1.0000
vt -0.2500 0.8000 1.0000
vt 0.2500 0.8000 1.0000
vt 0.5000 0.8000 1.0000
vt 0.7500 0.8000 1.0000
vt 0.0000 1.0000 1.0000
vt -0.2500 1.0000 1.0000
vt 0.2500 1.0000 1.0000
vt 0.5000 1.0000 1.0000
vt 0.7500 1.0000 1.0000
vt 1.0000 1.0000 -1.0000
# 31 texture coords

g Cylinder190
usemtl 03___Defaulttyi
s 1
f 5539/4127/1566 5540/4128/1566 5541/4129/1566 
f 5541/4130/1566 5542/4131/1566 5539/4127/1566 
s 8
f 5541/4129/1567 5540/4128/1568 5543/4132/1568 5544/4133/1567 
f 5540/4128/1568 5539/4127/1569 5545/4134/1569 5543/4132/1568 
f 5539/4127/1569 5542/4131/1570 5546/4135/1570 5545/4134/1569 
f 5542/4131/1570 5541/4130/1567 5544/4136/1567 5546/4135/1570 
f 5544/4133/1567 5543/4132/1568 5547/4137/1568 5548/4138/1567 
f 5543/4132/1568 5545/4134/1569 5549/4139/1569 5547/4137/1568 
f 5545/4134/1569 5546/4135/1570 5550/4140/1570 5549/4139/1569 
f 5546/4135/1570 5544/4136/1567 5548/4141/1567 5550/4140/1570 
f 5548/4138/1567 5547/4137/1568 5551/4142/1568 5552/4143/1567 
f 5547/4137/1568 5549/4139/1569 5553/4144/1569 5551/4142/1568 
f 5549/4139/1569 5550/4140/1570 5554/4145/1570 5553/4144/1569 
f 5550/4140/1570 5548/4141/1567 5552/4146/1567 5554/4145/1570 
f 5552/4143/1567 5551/4142/1568 5555/4147/1568 5556/4148/1567 
f 5551/4142/1568 5553/4144/1569 5557/4149/1569 5555/4147/1568 
f 5553/4144/1569 5554/4145/1570 5558/4150/1570 5557/4149/1569 
f 5554/4145/1570 5552/4146/1567 5556/4151/1567 5558/4150/1570 
f 5556/4148/1567 5555/4147/1568 5559/4152/1568 5560/4153/1567 
f 5555/4147/1568 5557/4149/1569 5561/4154/1569 5559/4152/1568 
f 5557/4149/1569 5558/4150/1570 5562/4155/1570 5561/4154/1569 
f 5558/4150/1570 5556/4151/1567 5560/4156/1567 5562/4155/1570 
s 1
f 5562/4157/1571 5560/4153/1571 5559/4152/1571 
f 5559/4152/1571 5561/4154/1571 5562/4155/1571 
# 20 polygons - 4 triangles

#
# object Box451
#

v  87.0268 -0.3273 -79.5074
v  82.2008 -0.3273 -79.5074
v  82.2008 -0.3273 -84.3334
v  87.0268 -0.3273 -84.3334
v  87.0268 0.9427 -79.5074
v  87.0268 0.9427 -84.3334
v  82.2008 0.9427 -84.3334
v  82.2008 0.9427 -79.5074
# 8 vertices

vn 0.0000 -1.0000 -0.0000
vn 0.0000 1.0000 -0.0000
vn 1.0000 0.0000 -0.0000
vn -0.0000 0.0000 -1.0000
vn -1.0000 0.0000 0.0000
vn 0.0000 0.0000 1.0000
# 6 vertex normals

vt 1.0000 0.0000 0.0000
vt 1.0000 1.0000 0.0000
vt 0.0000 1.0000 0.0000
vt 0.0000 0.0000 0.0000
# 4 texture coords

g Box451
usemtl tfg
s 2
f 5563/4158/1572 5564/4159/1572 5565/4160/1572 5566/4161/1572 
s 4
f 5567/4161/1573 5568/4158/1573 5569/4159/1573 5570/4160/1573 
s 8
f 5563/4161/1574 5566/4158/1574 5568/4159/1574 5567/4160/1574 
s 16
f 5566/4161/1575 5565/4158/1575 5569/4159/1575 5568/4160/1575 
s 32
f 5565/4161/1576 5564/4158/1576 5570/4159/1576 5569/4160/1576 
s 64
f 5564/4161/1577 5563/4158/1577 5567/4159/1577 5570/4160/1577 
# 6 polygons

#
# object Box452
#

v  -32.7239 0.0000 -9.3822
v  -33.9938 0.0000 -9.3649
v  -32.8937 0.0000 55.3474
v  -31.6238 0.0000 55.3301
v  -32.7239 19.3378 -9.3822
v  -31.6238 19.3378 55.3301
v  -32.8937 19.3378 55.3474
v  -33.9938 19.3378 -9.3649
# 8 vertices

vn 0.0000 -1.0000 -0.0000
vn 0.0000 1.0000 -0.0000
vn 0.9999 -0.0000 -0.0170
vn 0.9999 0.0000 -0.0170
vn 0.0136 0.0000 0.9999
vn -0.9999 0.0000 0.0170
vn -0.9999 -0.0000 0.0170
vn -0.0136 0.0000 -0.9999
# 8 vertex normals

vt 1.0000 0.0000 0.0000
vt 1.0000 1.0000 0.0000
vt 0.0000 1.0000 0.0000
vt 0.0000 0.0000 0.0000
# 4 texture coords

g Box452
usemtl cvj
s 2
f 5574/4165/1578 5573/4164/1578 5572/4163/1578 5571/4162/1578 
s 4
f 5578/4164/1579 5577/4163/1579 5576/4162/1579 5575/4165/1579 
s 8
f 5575/4164/1580 5576/4163/1580 5574/4162/1581 5571/4165/1580 
s 16
f 5576/4164/1582 5577/4163/1582 5573/4162/1582 5574/4165/1582 
s 32
f 5577/4164/1583 5578/4163/1584 5572/4162/1584 5573/4165/1583 
s 64
f 5578/4164/1585 5575/4163/1585 5571/4162/1585 5572/4165/1585 
# 6 polygons

#
# object Box453
#

v  6.6550 -0.3273 64.3029
v  5.2156 -0.3273 64.3029
v  5.2156 -0.3273 62.8636
v  6.6550 -0.3273 62.8636
v  5.2156 -0.3273 61.4242
v  6.6550 -0.3273 61.4242
v  5.2156 -0.3273 59.9849
v  6.6550 -0.3273 59.9849
v  3.7763 -0.3273 64.3029
v  3.7763 -0.3273 62.8636
v  3.7763 -0.3273 61.4242
v  3.7763 -0.3273 59.9849
v  2.3370 -0.3273 64.3029
v  2.3370 -0.3273 62.8636
v  2.3370 -0.3273 61.4242
v  2.3370 -0.3273 59.9849
v  6.6550 9.8327 64.3029
v  6.6550 9.8327 62.8636
v  5.2156 9.8327 62.8636
v  5.2156 9.8327 64.3029
v  6.6550 9.8327 61.4242
v  5.2156 9.8327 61.4242
v  6.6550 9.8327 59.9849
v  5.2156 9.8327 59.9849
v  3.7763 9.8327 62.8636
v  3.7763 9.8327 64.3029
v  3.7763 9.8327 61.4242
v  3.7763 9.8327 59.9849
v  2.3370 9.8327 62.8636
v  2.3370 9.8327 64.3029
v  2.3370 9.8327 61.4242
v  2.3370 9.8327 59.9849
v  6.6550 4.7527 62.8636
v  6.6550 4.7527 64.3029
v  7.1630 -0.3273 62.8636
v  7.1630 -0.3273 61.4242
v  7.1630 4.7527 61.4242
v  7.1630 4.7527 62.8636
v  6.6550 4.7527 59.9849
v  6.6550 4.7527 61.4242
v  7.1630 9.8327 61.4242
v  7.1630 9.8327 62.8636
v  5.2156 4.7527 59.9849
v  5.2156 -0.3273 59.4769
v  3.7763 -0.3273 59.4769
v  3.7763 4.7527 59.4769
v  5.2156 4.7527 59.4769
v  2.3370 4.7527 59.9849
v  3.7763 4.7527 59.9849
v  3.7763 9.8327 59.4769
v  5.2156 9.8327 59.4769
v  2.3370 4.7527 61.4242
v  1.8290 -0.3273 61.4242
v  1.8290 -0.3273 62.8636
v  1.8290 4.7527 62.8636
v  1.8290 4.7527 61.4242
v  2.3370 4.7527 64.3029
v  2.3370 4.7527 62.8636
v  1.8290 9.8327 62.8636
v  1.8290 9.8327 61.4242
v  3.7763 4.7527 64.3029
v  3.7763 -0.3273 64.8109
v  5.2156 -0.3273 64.8109
v  5.2156 4.7527 64.8109
v  3.7763 4.7527 64.8109
v  5.2156 4.7527 64.3029
v  5.2156 9.8327 64.8109
v  3.7763 9.8327 64.8109
# 68 vertices

vn 0.0000 -1.0000 -0.0000
vn 0.0000 1.0000 -0.0000
vn 1.0000 0.0000 -0.0000
vn -0.0000 0.0000 -1.0000
vn -0.0000 -0.0000 -1.0000
vn -1.0000 0.0000 0.0000
vn -1.0000 -0.0000 0.0000
vn 0.0000 0.0000 1.0000
vn 0.0000 -0.0000 1.0000
vn 1.0000 -0.0000 -0.0000
# 10 vertex normals

vt 1.0000 0.0000 0.0000
vt 1.0000 0.3333 0.0000
vt 0.6667 0.3333 0.0000
vt 0.6667 0.0000 0.0000
vt 0.3333 0.3333 0.0000
vt 0.3333 0.0000 0.0000
vt -0.0000 0.3333 0.0000
vt -0.0000 0.0000 0.0000
vt 1.0000 0.6667 0.0000
vt 0.6667 0.6667 0.0000
vt 0.3333 0.6667 0.0000
vt -0.0000 0.6667 0.0000
vt 1.0000 1.0000 0.0000
vt 0.6667 1.0000 0.0000
vt 0.3333 1.0000 0.0000
vt -0.0000 1.0000 0.0000
vt 0.0000 0.0000 0.0000
vt 0.0000 0.3333 0.0000
vt 0.0000 0.6667 0.0000
vt 0.0000 1.0000 0.0000
vt 0.3333 0.5000 0.0000
vt 0.0000 0.5000 0.0000
vt 0.6667 0.5000 0.0000
vt 1.0000 0.5000 0.0000
# 24 texture coords

g Box453
usemtl xdgh
s 2
f 5579/4166/1586 5580/4167/1586 5581/4168/1586 5582/4169/1586 
f 5582/4169/1586 5581/4168/1586 5583/4170/1586 5584/4171/1586 
f 5584/4171/1586 5583/4170/1586 5585/4172/1586 5586/4173/1586 
f 5580/4167/1586 5587/4174/1586 5588/4175/1586 5581/4168/1586 
f 5581/4168/1586 5588/4175/1586 5589/4176/1586 5583/4170/1586 
f 5583/4170/1586 5589/4176/1586 5590/4177/1586 5585/4172/1586 
f 5587/4174/1586 5591/4178/1586 5592/4179/1586 5588/4175/1586 
f 5588/4175/1586 5592/4179/1586 5593/4180/1586 5589/4176/1586 
f 5589/4176/1586 5593/4180/1586 5594/4181/1586 5590/4177/1586 
s 4
f 5595/4182/1587 5596/4171/1587 5597/4170/1587 5598/4183/1587 
f 5596/4171/1587 5599/4169/1587 5600/4168/1587 5597/4170/1587 
f 5599/4169/1587 5601/4166/1587 5602/4167/1587 5600/4168/1587 
f 5598/4183/1587 5597/4170/1587 5603/4176/1587 5604/4184/1587 
f 5597/4170/1587 5600/4168/1587 5605/4175/1587 5603/4176/1587 
f 5600/4168/1587 5602/4167/1587 5606/4174/1587 5605/4175/1587 
f 5604/4184/1587 5603/4176/1587 5607/4180/1587 5608/4185/1587 
f 5603/4176/1587 5605/4175/1587 5609/4179/1587 5607/4180/1587 
f 5605/4175/1587 5606/4174/1587 5610/4178/1587 5609/4179/1587 
s 8
f 5579/4182/1588 5582/4171/1588 5611/4186/1588 5612/4187/1588 
f 5613/4171/1588 5614/4169/1588 5615/4188/1588 5616/4186/1588 
f 5584/4169/1588 5586/4166/1588 5617/4189/1588 5618/4188/1588 
usemtl tfg
f 5612/4187/1588 5611/4186/1588 5596/4180/1588 5595/4185/1588 
usemtl xdgh
f 5616/4186/1588 5615/4188/1588 5619/4179/1588 5620/4180/1588 
usemtl tfg
f 5618/4188/1588 5617/4189/1588 5601/4178/1588 5599/4179/1588 
usemtl xdgh
s 16
f 5586/4182/1589 5585/4171/1589 5621/4186/1589 5617/4187/1589 
f 5622/4171/1590 5623/4169/1590 5624/4188/1589 5625/4186/1589 
f 5590/4169/1589 5594/4166/1589 5626/4189/1589 5627/4188/1589 
usemtl tfg
f 5617/4187/1589 5621/4186/1589 5602/4180/1589 5601/4185/1589 
usemtl xdgh
f 5625/4186/1589 5624/4188/1589 5628/4179/1589 5629/4180/1589 
usemtl tfg
f 5627/4188/1589 5626/4189/1589 5610/4178/1589 5606/4179/1589 
usemtl xdgh
s 32
f 5594/4182/1591 5593/4171/1591 5630/4186/1591 5626/4187/1591 
f 5631/4171/1592 5632/4169/1592 5633/4188/1591 5634/4186/1591 
f 5592/4169/1591 5591/4166/1591 5635/4189/1591 5636/4188/1591 
usemtl tfg
f 5626/4187/1591 5630/4186/1591 5609/4180/1591 5610/4185/1591 
usemtl xdgh
f 5634/4186/1591 5633/4188/1591 5637/4179/1591 5638/4180/1591 
usemtl tfg
f 5636/4188/1591 5635/4189/1591 5608/4178/1591 5607/4179/1591 
usemtl xdgh
s 64
f 5591/4182/1593 5587/4171/1593 5639/4186/1593 5635/4187/1593 
f 5640/4171/1593 5641/4169/1593 5642/4188/1593 5643/4186/1593 
f 5580/4169/1593 5579/4166/1593 5612/4189/1593 5644/4188/1593 
usemtl tfg
f 5635/4187/1593 5639/4186/1593 5604/4180/1593 5608/4185/1593 
usemtl xdgh
f 5643/4186/1593 5642/4188/1593 5645/4179/1593 5646/4180/1593 
usemtl tfg
f 5644/4188/1593 5612/4189/1593 5595/4178/1593 5598/4179/1593 
usemtl xdgh
s off
f 5582/4169/1586 5584/4171/1586 5614/4169/1586 5613/4171/1586 
usemtl tfg
f 5584/4169/1589 5618/4188/1589 5615/4188/1589 5614/4169/1589 
f 5618/4188/1589 5599/4179/1589 5619/4179/1589 5615/4188/1589 
usemtl xdgh
f 5599/4169/1587 5596/4171/1587 5620/4180/1587 5619/4179/1587 
usemtl tfg
f 5596/4180/1593 5611/4186/1593 5616/4186/1593 5620/4180/1593 
f 5611/4186/1593 5582/4171/1593 5613/4171/1593 5616/4186/1593 
usemtl xdgh
f 5585/4172/1586 5590/4177/1586 5623/4169/1586 5622/4171/1586 
usemtl tfg
f 5590/4169/1591 5627/4188/1591 5624/4188/1591 5623/4169/1591 
f 5627/4188/1591 5606/4179/1591 5628/4179/1591 5624/4188/1591 
usemtl xdgh
f 5606/4174/1587 5602/4167/1587 5629/4180/1587 5628/4179/1587 
usemtl tfg
f 5602/4180/1588 5621/4186/1588 5625/4186/1588 5629/4180/1588 
f 5621/4186/1588 5585/4171/1588 5622/4171/1588 5625/4186/1588 
usemtl xdgh
f 5593/4180/1586 5592/4179/1586 5632/4169/1586 5631/4171/1586 
usemtl tfg
f 5592/4169/1593 5636/4188/1593 5633/4188/1593 5632/4169/1593 
f 5636/4188/1594 5607/4179/1594 5637/4179/1594 5633/4188/1594 
usemtl xdgh
f 5607/4180/1587 5609/4179/1587 5638/4180/1587 5637/4179/1587 
usemtl tfg
f 5609/4180/1589 5630/4186/1589 5634/4186/1589 5638/4180/1589 
f 5630/4186/1590 5593/4171/1590 5631/4171/1590 5634/4186/1590 
usemtl xdgh
f 5587/4174/1586 5580/4167/1586 5641/4169/1586 5640/4171/1586 
usemtl tfg
f 5580/4169/1588 5644/4188/1588 5642/4188/1588 5641/4169/1588 
f 5644/4188/1595 5598/4179/1595 5645/4179/1595 5642/4188/1595 
usemtl xdgh
f 5598/4183/1587 5604/4184/1587 5646/4180/1587 5645/4179/1587 
usemtl tfg
f 5604/4180/1591 5639/4186/1591 5643/4186/1591 5646/4180/1591 
f 5639/4186/1592 5587/4171/1592 5640/4171/1592 5643/4186/1592 
# 66 polygons

#
# object Box454
#

v  7.0360 4.5718 64.6839
v  1.9560 4.5718 64.6839
v  1.9560 4.5718 59.6039
v  7.0360 4.5718 59.6039
v  7.0360 4.8258 64.6839
v  7.0360 4.8258 59.6039
v  1.9560 4.8258 59.6039
v  1.9560 4.8258 64.6839
# 8 vertices

vn 0.0000 -1.0000 -0.0000
vn 0.0000 1.0000 -0.0000
vn 1.0000 0.0000 -0.0000
vn -0.0000 0.0000 -1.0000
vn -1.0000 0.0000 0.0000
vn 0.0000 0.0000 1.0000
# 6 vertex normals

vt 1.0000 0.0000 0.0000
vt 1.0000 1.0000 0.0000
vt 0.0000 1.0000 0.0000
vt 0.0000 0.0000 0.0000
# 4 texture coords

g Box454
usemtl cvj
s 2
f 5647/4190/1596 5648/4191/1596 5649/4192/1596 5650/4193/1596 
s 4
f 5651/4193/1597 5652/4190/1597 5653/4191/1597 5654/4192/1597 
s 8
f 5647/4193/1598 5650/4190/1598 5652/4191/1598 5651/4192/1598 
s 16
f 5650/4193/1599 5649/4190/1599 5653/4191/1599 5652/4192/1599 
s 32
f 5649/4193/1600 5648/4190/1600 5654/4191/1600 5653/4192/1600 
s 64
f 5648/4193/1601 5647/4190/1601 5651/4191/1601 5654/4192/1601 
# 6 polygons

#
# object Cylinder191
#

v  4.5383 4.0354 59.2548
v  3.8344 4.7393 59.2548
v  4.5383 5.4432 59.2548
v  5.2422 4.7393 59.2548
v  3.8344 4.7393 59.3056
v  4.5383 5.4432 59.3056
v  4.5383 4.0354 59.3056
v  5.2422 4.7393 59.3056
v  3.8344 4.7393 59.3564
v  4.5383 5.4432 59.3564
v  4.5383 4.0354 59.3564
v  5.2422 4.7393 59.3564
v  3.8344 4.7393 59.4072
v  4.5383 5.4432 59.4072
v  4.5383 4.0354 59.4072
v  5.2422 4.7393 59.4072
v  3.8344 4.7393 59.4580
v  4.5383 5.4432 59.4580
v  4.5383 4.0354 59.4580
v  5.2422 4.7393 59.4580
v  3.8344 4.7393 59.5088
v  4.5383 5.4432 59.5088
v  4.5383 4.0354 59.5088
v  5.2422 4.7393 59.5088
# 24 vertices

vn -0.0000 -0.0000 -1.0000
vn 0.0000 1.0000 -0.0000
vn -1.0000 0.0000 0.0000
vn -0.0000 -1.0000 0.0000
vn 1.0000 -0.0000 -0.0000
vn 0.0000 0.0000 1.0000
# 6 vertex normals

vt 0.2500 0.0000 1.0000
vt 0.0000 0.0000 1.0000
vt -0.2500 0.0000 1.0000
vt 0.7500 0.0000 1.0000
vt 0.5000 0.0000 1.0000
vt 0.0000 0.2000 1.0000
vt -0.2500 0.2000 1.0000
vt 0.2500 0.2000 1.0000
vt 0.5000 0.2000 1.0000
vt 0.7500 0.2000 1.0000
vt 0.0000 0.4000 1.0000
vt -0.2500 0.4000 1.0000
vt 0.2500 0.4000 1.0000
vt 0.5000 0.4000 1.0000
vt 0.7500 0.4000 1.0000
vt 0.0000 0.6000 1.0000
vt -0.2500 0.6000 1.0000
vt 0.2500 0.6000 1.0000
vt 0.5000 0.6000 1.0000
vt 0.7500 0.6000 1.0000
vt 0.0000 0.8000 1.0000
vt -0.2500 0.8000 1.0000
vt 0.2500 0.8000 1.0000
vt 0.5000 0.8000 1.0000
vt 0.7500 0.8000 1.0000
vt 0.0000 1.0000 1.0000
vt -0.2500 1.0000 1.0000
vt 0.2500 1.0000 1.0000
vt 0.5000 1.0000 1.0000
vt 0.7500 1.0000 1.0000
vt 1.0000 1.0000 -1.0000
# 31 texture coords

g Cylinder191
usemtl 03___Defaulttyi
s 1
f 5655/4194/1602 5656/4195/1602 5657/4196/1602 
f 5657/4197/1602 5658/4198/1602 5655/4194/1602 
s 8
f 5657/4196/1603 5656/4195/1604 5659/4199/1604 5660/4200/1603 
f 5656/4195/1604 5655/4194/1605 5661/4201/1605 5659/4199/1604 
f 5655/4194/1605 5658/4198/1606 5662/4202/1606 5661/4201/1605 
f 5658/4198/1606 5657/4197/1603 5660/4203/1603 5662/4202/1606 
f 5660/4200/1603 5659/4199/1604 5663/4204/1604 5664/4205/1603 
f 5659/4199/1604 5661/4201/1605 5665/4206/1605 5663/4204/1604 
f 5661/4201/1605 5662/4202/1606 5666/4207/1606 5665/4206/1605 
f 5662/4202/1606 5660/4203/1603 5664/4208/1603 5666/4207/1606 
f 5664/4205/1603 5663/4204/1604 5667/4209/1604 5668/4210/1603 
f 5663/4204/1604 5665/4206/1605 5669/4211/1605 5667/4209/1604 
f 5665/4206/1605 5666/4207/1606 5670/4212/1606 5669/4211/1605 
f 5666/4207/1606 5664/4208/1603 5668/4213/1603 5670/4212/1606 
f 5668/4210/1603 5667/4209/1604 5671/4214/1604 5672/4215/1603 
f 5667/4209/1604 5669/4211/1605 5673/4216/1605 5671/4214/1604 
f 5669/4211/1605 5670/4212/1606 5674/4217/1606 5673/4216/1605 
f 5670/4212/1606 5668/4213/1603 5672/4218/1603 5674/4217/1606 
f 5672/4215/1603 5671/4214/1604 5675/4219/1604 5676/4220/1603 
f 5671/4214/1604 5673/4216/1605 5677/4221/1605 5675/4219/1604 
f 5673/4216/1605 5674/4217/1606 5678/4222/1606 5677/4221/1605 
f 5674/4217/1606 5672/4218/1603 5676/4223/1603 5678/4222/1606 
s 1
f 5678/4224/1607 5676/4220/1607 5675/4219/1607 
f 5675/4219/1607 5677/4221/1607 5678/4222/1607 
# 20 polygons - 4 triangles

#
# object Cylinder192
#

v  1.5959 4.0354 62.1285
v  1.5959 4.7393 62.8324
v  1.5959 5.4432 62.1285
v  1.5959 4.7393 61.4246
v  1.6467 4.7393 62.8324
v  1.6467 5.4432 62.1285
v  1.6467 4.0354 62.1285
v  1.6467 4.7393 61.4246
v  1.6975 4.7393 62.8324
v  1.6975 5.4432 62.1285
v  1.6975 4.0354 62.1285
v  1.6975 4.7393 61.4246
v  1.7483 4.7393 62.8324
v  1.7483 5.4432 62.1285
v  1.7483 4.0354 62.1285
v  1.7483 4.7393 61.4246
v  1.7991 4.7393 62.8324
v  1.7991 5.4432 62.1285
v  1.7991 4.0354 62.1285
v  1.7991 4.7393 61.4246
v  1.8499 4.7393 62.8324
v  1.8499 5.4432 62.1285
v  1.8499 4.0354 62.1285
v  1.8499 4.7393 61.4246
# 24 vertices

vn -1.0000 0.0000 0.0000
vn 0.0000 1.0000 -0.0000
vn 0.0000 0.0000 1.0000
vn -0.0000 -1.0000 0.0000
vn -0.0000 -0.0000 -1.0000
vn 1.0000 -0.0000 -0.0000
# 6 vertex normals

vt 0.2500 0.0000 1.0000
vt 0.0000 0.0000 1.0000
vt -0.2500 0.0000 1.0000
vt 0.7500 0.0000 1.0000
vt 0.5000 0.0000 1.0000
vt 0.0000 0.2000 1.0000
vt -0.2500 0.2000 1.0000
vt 0.2500 0.2000 1.0000
vt 0.5000 0.2000 1.0000
vt 0.7500 0.2000 1.0000
vt 0.0000 0.4000 1.0000
vt -0.2500 0.4000 1.0000
vt 0.2500 0.4000 1.0000
vt 0.5000 0.4000 1.0000
vt 0.7500 0.4000 1.0000
vt 0.0000 0.6000 1.0000
vt -0.2500 0.6000 1.0000
vt 0.2500 0.6000 1.0000
vt 0.5000 0.6000 1.0000
vt 0.7500 0.6000 1.0000
vt 0.0000 0.8000 1.0000
vt -0.2500 0.8000 1.0000
vt 0.2500 0.8000 1.0000
vt 0.5000 0.8000 1.0000
vt 0.7500 0.8000 1.0000
vt 0.0000 1.0000 1.0000
vt -0.2500 1.0000 1.0000
vt 0.2500 1.0000 1.0000
vt 0.5000 1.0000 1.0000
vt 0.7500 1.0000 1.0000
vt 1.0000 1.0000 -1.0000
# 31 texture coords

g Cylinder192
usemtl 03___Defaulttyi
s 1
f 5679/4225/1608 5680/4226/1608 5681/4227/1608 
f 5681/4228/1608 5682/4229/1608 5679/4225/1608 
s 8
f 5681/4227/1609 5680/4226/1610 5683/4230/1610 5684/4231/1609 
f 5680/4226/1610 5679/4225/1611 5685/4232/1611 5683/4230/1610 
f 5679/4225/1611 5682/4229/1612 5686/4233/1612 5685/4232/1611 
f 5682/4229/1612 5681/4228/1609 5684/4234/1609 5686/4233/1612 
f 5684/4231/1609 5683/4230/1610 5687/4235/1610 5688/4236/1609 
f 5683/4230/1610 5685/4232/1611 5689/4237/1611 5687/4235/1610 
f 5685/4232/1611 5686/4233/1612 5690/4238/1612 5689/4237/1611 
f 5686/4233/1612 5684/4234/1609 5688/4239/1609 5690/4238/1612 
f 5688/4236/1609 5687/4235/1610 5691/4240/1610 5692/4241/1609 
f 5687/4235/1610 5689/4237/1611 5693/4242/1611 5691/4240/1610 
f 5689/4237/1611 5690/4238/1612 5694/4243/1612 5693/4242/1611 
f 5690/4238/1612 5688/4239/1609 5692/4244/1609 5694/4243/1612 
f 5692/4241/1609 5691/4240/1610 5695/4245/1610 5696/4246/1609 
f 5691/4240/1610 5693/4242/1611 5697/4247/1611 5695/4245/1610 
f 5693/4242/1611 5694/4243/1612 5698/4248/1612 5697/4247/1611 
f 5694/4243/1612 5692/4244/1609 5696/4249/1609 5698/4248/1612 
f 5696/4246/1609 5695/4245/1610 5699/4250/1610 5700/4251/1609 
f 5695/4245/1610 5697/4247/1611 5701/4252/1611 5699/4250/1610 
f 5697/4247/1611 5698/4248/1612 5702/4253/1612 5701/4252/1611 
f 5698/4248/1612 5696/4249/1609 5700/4254/1609 5702/4253/1612 
s 1
f 5702/4255/1613 5700/4251/1613 5699/4250/1613 
f 5699/4250/1613 5701/4252/1613 5702/4253/1613 
# 20 polygons - 4 triangles

#
# object Cylinder193
#

v  4.5383 4.0354 64.7134
v  3.8344 4.7393 64.7134
v  4.5383 5.4432 64.7134
v  5.2422 4.7393 64.7134
v  3.8344 4.7393 64.7642
v  4.5383 5.4432 64.7642
v  4.5383 4.0354 64.7642
v  5.2422 4.7393 64.7642
v  3.8344 4.7393 64.8150
v  4.5383 5.4432 64.8150
v  4.5383 4.0354 64.8150
v  5.2422 4.7393 64.8150
v  3.8344 4.7393 64.8658
v  4.5383 5.4432 64.8658
v  4.5383 4.0354 64.8658
v  5.2422 4.7393 64.8658
v  3.8344 4.7393 64.9166
v  4.5383 5.4432 64.9166
v  4.5383 4.0354 64.9166
v  5.2422 4.7393 64.9166
v  3.8344 4.7393 64.9674
v  4.5383 5.4432 64.9674
v  4.5383 4.0354 64.9674
v  5.2422 4.7393 64.9674
# 24 vertices

vn -0.0000 -0.0000 -1.0000
vn 0.0000 1.0000 -0.0000
vn -1.0000 0.0000 0.0000
vn -0.0000 -1.0000 0.0000
vn 1.0000 -0.0000 -0.0000
vn 0.0000 0.0000 1.0000
# 6 vertex normals

vt 0.2500 0.0000 1.0000
vt 0.0000 0.0000 1.0000
vt -0.2500 0.0000 1.0000
vt 0.7500 0.0000 1.0000
vt 0.5000 0.0000 1.0000
vt 0.0000 0.2000 1.0000
vt -0.2500 0.2000 1.0000
vt 0.2500 0.2000 1.0000
vt 0.5000 0.2000 1.0000
vt 0.7500 0.2000 1.0000
vt 0.0000 0.4000 1.0000
vt -0.2500 0.4000 1.0000
vt 0.2500 0.4000 1.0000
vt 0.5000 0.4000 1.0000
vt 0.7500 0.4000 1.0000
vt 0.0000 0.6000 1.0000
vt -0.2500 0.6000 1.0000
vt 0.2500 0.6000 1.0000
vt 0.5000 0.6000 1.0000
vt 0.7500 0.6000 1.0000
vt 0.0000 0.8000 1.0000
vt -0.2500 0.8000 1.0000
vt 0.2500 0.8000 1.0000
vt 0.5000 0.8000 1.0000
vt 0.7500 0.8000 1.0000
vt 0.0000 1.0000 1.0000
vt -0.2500 1.0000 1.0000
vt 0.2500 1.0000 1.0000
vt 0.5000 1.0000 1.0000
vt 0.7500 1.0000 1.0000
vt 1.0000 1.0000 -1.0000
# 31 texture coords

g Cylinder193
usemtl 03___Defaulttyi
s 1
f 5703/4256/1614 5704/4257/1614 5705/4258/1614 
f 5705/4259/1614 5706/4260/1614 5703/4256/1614 
s 8
f 5705/4258/1615 5704/4257/1616 5707/4261/1616 5708/4262/1615 
f 5704/4257/1616 5703/4256/1617 5709/4263/1617 5707/4261/1616 
f 5703/4256/1617 5706/4260/1618 5710/4264/1618 5709/4263/1617 
f 5706/4260/1618 5705/4259/1615 5708/4265/1615 5710/4264/1618 
f 5708/4262/1615 5707/4261/1616 5711/4266/1616 5712/4267/1615 
f 5707/4261/1616 5709/4263/1617 5713/4268/1617 5711/4266/1616 
f 5709/4263/1617 5710/4264/1618 5714/4269/1618 5713/4268/1617 
f 5710/4264/1618 5708/4265/1615 5712/4270/1615 5714/4269/1618 
f 5712/4267/1615 5711/4266/1616 5715/4271/1616 5716/4272/1615 
f 5711/4266/1616 5713/4268/1617 5717/4273/1617 5715/4271/1616 
f 5713/4268/1617 5714/4269/1618 5718/4274/1618 5717/4273/1617 
f 5714/4269/1618 5712/4270/1615 5716/4275/1615 5718/4274/1618 
f 5716/4272/1615 5715/4271/1616 5719/4276/1616 5720/4277/1615 
f 5715/4271/1616 5717/4273/1617 5721/4278/1617 5719/4276/1616 
f 5717/4273/1617 5718/4274/1618 5722/4279/1618 5721/4278/1617 
f 5718/4274/1618 5716/4275/1615 5720/4280/1615 5722/4279/1618 
f 5720/4277/1615 5719/4276/1616 5723/4281/1616 5724/4282/1615 
f 5719/4276/1616 5721/4278/1617 5725/4283/1617 5723/4281/1616 
f 5721/4278/1617 5722/4279/1618 5726/4284/1618 5725/4283/1617 
f 5722/4279/1618 5720/4280/1615 5724/4285/1615 5726/4284/1618 
s 1
f 5726/4286/1619 5724/4282/1619 5723/4281/1619 
f 5723/4281/1619 5725/4283/1619 5726/4284/1619 
# 20 polygons - 4 triangles

#
# object Cylinder194
#

v  7.0770 4.0354 62.1285
v  7.0770 4.7393 62.8324
v  7.0770 5.4432 62.1285
v  7.0770 4.7393 61.4246
v  7.1278 4.7393 62.8324
v  7.1278 5.4432 62.1285
v  7.1278 4.0354 62.1285
v  7.1278 4.7393 61.4246
v  7.1786 4.7393 62.8324
v  7.1786 5.4432 62.1285
v  7.1786 4.0354 62.1285
v  7.1786 4.7393 61.4246
v  7.2294 4.7393 62.8324
v  7.2294 5.4432 62.1285
v  7.2294 4.0354 62.1285
v  7.2294 4.7393 61.4246
v  7.2802 4.7393 62.8324
v  7.2802 5.4432 62.1285
v  7.2802 4.0354 62.1285
v  7.2802 4.7393 61.4246
v  7.3310 4.7393 62.8324
v  7.3310 5.4432 62.1285
v  7.3310 4.0354 62.1285
v  7.3310 4.7393 61.4246
# 24 vertices

vn -1.0000 0.0000 0.0000
vn 0.0000 1.0000 -0.0000
vn 0.0000 0.0000 1.0000
vn -0.0000 -1.0000 0.0000
vn -0.0000 -0.0000 -1.0000
vn 1.0000 -0.0000 -0.0000
# 6 vertex normals

vt 0.2500 0.0000 1.0000
vt 0.0000 0.0000 1.0000
vt -0.2500 0.0000 1.0000
vt 0.7500 0.0000 1.0000
vt 0.5000 0.0000 1.0000
vt 0.0000 0.2000 1.0000
vt -0.2500 0.2000 1.0000
vt 0.2500 0.2000 1.0000
vt 0.5000 0.2000 1.0000
vt 0.7500 0.2000 1.0000
vt 0.0000 0.4000 1.0000
vt -0.2500 0.4000 1.0000
vt 0.2500 0.4000 1.0000
vt 0.5000 0.4000 1.0000
vt 0.7500 0.4000 1.0000
vt 0.0000 0.6000 1.0000
vt -0.2500 0.6000 1.0000
vt 0.2500 0.6000 1.0000
vt 0.5000 0.6000 1.0000
vt 0.7500 0.6000 1.0000
vt 0.0000 0.8000 1.0000
vt -0.2500 0.8000 1.0000
vt 0.2500 0.8000 1.0000
vt 0.5000 0.8000 1.0000
vt 0.7500 0.8000 1.0000
vt 0.0000 1.0000 1.0000
vt -0.2500 1.0000 1.0000
vt 0.2500 1.0000 1.0000
vt 0.5000 1.0000 1.0000
vt 0.7500 1.0000 1.0000
vt 1.0000 1.0000 -1.0000
# 31 texture coords

g Cylinder194
usemtl 03___Defaulttyi
s 1
f 5727/4287/1620 5728/4288/1620 5729/4289/1620 
f 5729/4290/1620 5730/4291/1620 5727/4287/1620 
s 8
f 5729/4289/1621 5728/4288/1622 5731/4292/1622 5732/4293/1621 
f 5728/4288/1622 5727/4287/1623 5733/4294/1623 5731/4292/1622 
f 5727/4287/1623 5730/4291/1624 5734/4295/1624 5733/4294/1623 
f 5730/4291/1624 5729/4290/1621 5732/4296/1621 5734/4295/1624 
f 5732/4293/1621 5731/4292/1622 5735/4297/1622 5736/4298/1621 
f 5731/4292/1622 5733/4294/1623 5737/4299/1623 5735/4297/1622 
f 5733/4294/1623 5734/4295/1624 5738/4300/1624 5737/4299/1623 
f 5734/4295/1624 5732/4296/1621 5736/4301/1621 5738/4300/1624 
f 5736/4298/1621 5735/4297/1622 5739/4302/1622 5740/4303/1621 
f 5735/4297/1622 5737/4299/1623 5741/4304/1623 5739/4302/1622 
f 5737/4299/1623 5738/4300/1624 5742/4305/1624 5741/4304/1623 
f 5738/4300/1624 5736/4301/1621 5740/4306/1621 5742/4305/1624 
f 5740/4303/1621 5739/4302/1622 5743/4307/1622 5744/4308/1621 
f 5739/4302/1622 5741/4304/1623 5745/4309/1623 5743/4307/1622 
f 5741/4304/1623 5742/4305/1624 5746/4310/1624 5745/4309/1623 
f 5742/4305/1624 5740/4306/1621 5744/4311/1621 5746/4310/1624 
f 5744/4308/1621 5743/4307/1622 5747/4312/1622 5748/4313/1621 
f 5743/4307/1622 5745/4309/1623 5749/4314/1623 5747/4312/1622 
f 5745/4309/1623 5746/4310/1624 5750/4315/1624 5749/4314/1623 
f 5746/4310/1624 5744/4311/1621 5748/4316/1621 5750/4315/1624 
s 1
f 5750/4317/1625 5748/4313/1625 5747/4312/1625 
f 5747/4312/1625 5749/4314/1625 5750/4315/1625 
# 20 polygons - 4 triangles

#
# object Box455
#

v  6.9090 -0.3273 64.5569
v  2.0830 -0.3273 64.5569
v  2.0830 -0.3273 59.7309
v  6.9090 -0.3273 59.7309
v  6.9090 0.9427 64.5569
v  6.9090 0.9427 59.7309
v  2.0830 0.9427 59.7309
v  2.0830 0.9427 64.5569
# 8 vertices

vn 0.0000 -1.0000 -0.0000
vn 0.0000 1.0000 -0.0000
vn 1.0000 0.0000 -0.0000
vn -0.0000 0.0000 -1.0000
vn -1.0000 0.0000 0.0000
vn 0.0000 0.0000 1.0000
# 6 vertex normals

vt 1.0000 0.0000 0.0000
vt 1.0000 1.0000 0.0000
vt 0.0000 1.0000 0.0000
vt 0.0000 0.0000 0.0000
# 4 texture coords

g Box455
usemtl tfg
s 2
f 5751/4318/1626 5752/4319/1626 5753/4320/1626 5754/4321/1626 
s 4
f 5755/4321/1627 5756/4318/1627 5757/4319/1627 5758/4320/1627 
s 8
f 5751/4321/1628 5754/4318/1628 5756/4319/1628 5755/4320/1628 
s 16
f 5754/4321/1629 5753/4318/1629 5757/4319/1629 5756/4320/1629 
s 32
f 5753/4321/1630 5752/4318/1630 5758/4319/1630 5757/4320/1630 
s 64
f 5752/4321/1631 5751/4318/1631 5755/4319/1631 5758/4320/1631 
# 6 polygons

#
# object Box456
#

v  73.5743 4.5718 61.7857
v  68.4943 4.5718 61.7857
v  68.4943 4.5718 56.7057
v  73.5743 4.5718 56.7057
v  73.5743 4.8258 61.7857
v  73.5743 4.8258 56.7057
v  68.4943 4.8258 56.7057
v  68.4943 4.8258 61.7857
# 8 vertices

vn 0.0000 -1.0000 -0.0000
vn 0.0000 1.0000 -0.0000
vn 1.0000 0.0000 -0.0000
vn -0.0000 0.0000 -1.0000
vn -1.0000 0.0000 0.0000
vn 0.0000 0.0000 1.0000
# 6 vertex normals

vt 1.0000 0.0000 0.0000
vt 1.0000 1.0000 0.0000
vt 0.0000 1.0000 0.0000
vt 0.0000 0.0000 0.0000
# 4 texture coords

g Box456
usemtl cvj
s 2
f 5759/4322/1632 5760/4323/1632 5761/4324/1632 5762/4325/1632 
s 4
f 5763/4325/1633 5764/4322/1633 5765/4323/1633 5766/4324/1633 
s 8
f 5759/4325/1634 5762/4322/1634 5764/4323/1634 5763/4324/1634 
s 16
f 5762/4325/1635 5761/4322/1635 5765/4323/1635 5764/4324/1635 
s 32
f 5761/4325/1636 5760/4322/1636 5766/4323/1636 5765/4324/1636 
s 64
f 5760/4325/1637 5759/4322/1637 5763/4323/1637 5766/4324/1637 
# 6 polygons

#
# object Box457
#

v  73.1933 -0.3273 61.4047
v  71.7540 -0.3273 61.4047
v  71.7540 -0.3273 59.9653
v  73.1933 -0.3273 59.9653
v  71.7540 -0.3273 58.5260
v  73.1933 -0.3273 58.5260
v  71.7540 -0.3273 57.0867
v  73.1933 -0.3273 57.0867
v  70.3146 -0.3273 61.4047
v  70.3146 -0.3273 59.9653
v  70.3146 -0.3273 58.5260
v  70.3146 -0.3273 57.0867
v  68.8753 -0.3273 61.4047
v  68.8753 -0.3273 59.9653
v  68.8753 -0.3273 58.5260
v  68.8753 -0.3273 57.0867
v  73.1933 9.8327 61.4047
v  73.1933 9.8327 59.9653
v  71.7540 9.8327 59.9653
v  71.7540 9.8327 61.4047
v  73.1933 9.8327 58.5260
v  71.7540 9.8327 58.5260
v  73.1933 9.8327 57.0867
v  71.7540 9.8327 57.0867
v  70.3146 9.8327 59.9653
v  70.3146 9.8327 61.4047
v  70.3146 9.8327 58.5260
v  70.3146 9.8327 57.0867
v  68.8753 9.8327 59.9653
v  68.8753 9.8327 61.4047
v  68.8753 9.8327 58.5260
v  68.8753 9.8327 57.0867
v  73.1933 4.7527 59.9653
v  73.1933 4.7527 61.4047
v  73.7013 -0.3273 59.9653
v  73.7013 -0.3273 58.5260
v  73.7013 4.7527 58.5260
v  73.7013 4.7527 59.9653
v  73.1933 4.7527 57.0867
v  73.1933 4.7527 58.5260
v  73.7013 9.8327 58.5260
v  73.7013 9.8327 59.9653
v  71.7540 4.7527 57.0867
v  71.7540 -0.3273 56.5787
v  70.3146 -0.3273 56.5787
v  70.3146 4.7527 56.5787
v  71.7540 4.7527 56.5787
v  68.8753 4.7527 57.0867
v  70.3146 4.7527 57.0867
v  70.3146 9.8327 56.5787
v  71.7540 9.8327 56.5787
v  68.8753 4.7527 58.5260
v  68.3673 -0.3273 58.5260
v  68.3673 -0.3273 59.9653
v  68.3673 4.7527 59.9653
v  68.3673 4.7527 58.5260
v  68.8753 4.7527 61.4047
v  68.8753 4.7527 59.9653
v  68.3673 9.8327 59.9653
v  68.3673 9.8327 58.5260
v  70.3146 4.7527 61.4047
v  70.3146 -0.3273 61.9127
v  71.7540 -0.3273 61.9127
v  71.7540 4.7527 61.9127
v  70.3146 4.7527 61.9127
v  71.7540 4.7527 61.4047
v  71.7540 9.8327 61.9127
v  70.3146 9.8327 61.9127
# 68 vertices

vn 0.0000 -1.0000 -0.0000
vn 0.0000 1.0000 -0.0000
vn 1.0000 0.0000 -0.0000
vn -0.0000 0.0000 -1.0000
vn -0.0000 -0.0000 -1.0000
vn -1.0000 0.0000 0.0000
vn -1.0000 -0.0000 0.0000
vn 0.0000 0.0000 1.0000
vn 0.0000 -0.0000 1.0000
vn 1.0000 -0.0000 -0.0000
# 10 vertex normals

vt 1.0000 0.0000 0.0000
vt 1.0000 0.3333 0.0000
vt 0.6667 0.3333 0.0000
vt 0.6667 0.0000 0.0000
vt 0.3333 0.3333 0.0000
vt 0.3333 0.0000 0.0000
vt -0.0000 0.3333 0.0000
vt -0.0000 0.0000 0.0000
vt 1.0000 0.6667 0.0000
vt 0.6667 0.6667 0.0000
vt 0.3333 0.6667 0.0000
vt -0.0000 0.6667 0.0000
vt 1.0000 1.0000 0.0000
vt 0.6667 1.0000 0.0000
vt 0.3333 1.0000 0.0000
vt -0.0000 1.0000 0.0000
vt 0.0000 0.0000 0.0000
vt 0.0000 0.3333 0.0000
vt 0.0000 0.6667 0.0000
vt 0.0000 1.0000 0.0000
vt 0.3333 0.5000 0.0000
vt 0.0000 0.5000 0.0000
vt 0.6667 0.5000 0.0000
vt 1.0000 0.5000 0.0000
# 24 texture coords

g Box457
usemtl xdgh
s 2
f 5767/4326/1638 5768/4327/1638 5769/4328/1638 5770/4329/1638 
f 5770/4329/1638 5769/4328/1638 5771/4330/1638 5772/4331/1638 
f 5772/4331/1638 5771/4330/1638 5773/4332/1638 5774/4333/1638 
f 5768/4327/1638 5775/4334/1638 5776/4335/1638 5769/4328/1638 
f 5769/4328/1638 5776/4335/1638 5777/4336/1638 5771/4330/1638 
f 5771/4330/1638 5777/4336/1638 5778/4337/1638 5773/4332/1638 
f 5775/4334/1638 5779/4338/1638 5780/4339/1638 5776/4335/1638 
f 5776/4335/1638 5780/4339/1638 5781/4340/1638 5777/4336/1638 
f 5777/4336/1638 5781/4340/1638 5782/4341/1638 5778/4337/1638 
s 4
f 5783/4342/1639 5784/4331/1639 5785/4330/1639 5786/4343/1639 
f 5784/4331/1639 5787/4329/1639 5788/4328/1639 5785/4330/1639 
f 5787/4329/1639 5789/4326/1639 5790/4327/1639 5788/4328/1639 
f 5786/4343/1639 5785/4330/1639 5791/4336/1639 5792/4344/1639 
f 5785/4330/1639 5788/4328/1639 5793/4335/1639 5791/4336/1639 
f 5788/4328/1639 5790/4327/1639 5794/4334/1639 5793/4335/1639 
f 5792/4344/1639 5791/4336/1639 5795/4340/1639 5796/4345/1639 
f 5791/4336/1639 5793/4335/1639 5797/4339/1639 5795/4340/1639 
f 5793/4335/1639 5794/4334/1639 5798/4338/1639 5797/4339/1639 
s 8
f 5767/4342/1640 5770/4331/1640 5799/4346/1640 5800/4347/1640 
f 5801/4331/1640 5802/4329/1640 5803/4348/1640 5804/4346/1640 
f 5772/4329/1640 5774/4326/1640 5805/4349/1640 5806/4348/1640 
usemtl tfg
f 5800/4347/1640 5799/4346/1640 5784/4340/1640 5783/4345/1640 
usemtl xdgh
f 5804/4346/1640 5803/4348/1640 5807/4339/1640 5808/4340/1640 
usemtl tfg
f 5806/4348/1640 5805/4349/1640 5789/4338/1640 5787/4339/1640 
usemtl xdgh
s 16
f 5774/4342/1641 5773/4331/1641 5809/4346/1641 5805/4347/1641 
f 5810/4331/1642 5811/4329/1642 5812/4348/1641 5813/4346/1641 
f 5778/4329/1641 5782/4326/1641 5814/4349/1641 5815/4348/1641 
usemtl tfg
f 5805/4347/1641 5809/4346/1641 5790/4340/1641 5789/4345/1641 
usemtl xdgh
f 5813/4346/1641 5812/4348/1641 5816/4339/1641 5817/4340/1641 
usemtl tfg
f 5815/4348/1641 5814/4349/1641 5798/4338/1641 5794/4339/1641 
usemtl xdgh
s 32
f 5782/4342/1643 5781/4331/1643 5818/4346/1643 5814/4347/1643 
f 5819/4331/1644 5820/4329/1644 5821/4348/1643 5822/4346/1643 
f 5780/4329/1643 5779/4326/1643 5823/4349/1643 5824/4348/1643 
usemtl tfg
f 5814/4347/1643 5818/4346/1643 5797/4340/1643 5798/4345/1643 
usemtl xdgh
f 5822/4346/1643 5821/4348/1643 5825/4339/1643 5826/4340/1643 
usemtl tfg
f 5824/4348/1643 5823/4349/1643 5796/4338/1643 5795/4339/1643 
usemtl xdgh
s 64
f 5779/4342/1645 5775/4331/1645 5827/4346/1645 5823/4347/1645 
f 5828/4331/1645 5829/4329/1645 5830/4348/1645 5831/4346/1645 
f 5768/4329/1645 5767/4326/1645 5800/4349/1645 5832/4348/1645 
usemtl tfg
f 5823/4347/1645 5827/4346/1645 5792/4340/1645 5796/4345/1645 
usemtl xdgh
f 5831/4346/1645 5830/4348/1645 5833/4339/1645 5834/4340/1645 
usemtl tfg
f 5832/4348/1645 5800/4349/1645 5783/4338/1645 5786/4339/1645 
usemtl xdgh
s off
f 5770/4329/1638 5772/4331/1638 5802/4329/1638 5801/4331/1638 
usemtl tfg
f 5772/4329/1641 5806/4348/1641 5803/4348/1641 5802/4329/1641 
f 5806/4348/1641 5787/4339/1641 5807/4339/1641 5803/4348/1641 
usemtl xdgh
f 5787/4329/1639 5784/4331/1639 5808/4340/1639 5807/4339/1639 
usemtl tfg
f 5784/4340/1645 5799/4346/1645 5804/4346/1645 5808/4340/1645 
f 5799/4346/1645 5770/4331/1645 5801/4331/1645 5804/4346/1645 
usemtl xdgh
f 5773/4332/1638 5778/4337/1638 5811/4329/1638 5810/4331/1638 
usemtl tfg
f 5778/4329/1643 5815/4348/1643 5812/4348/1643 5811/4329/1643 
f 5815/4348/1643 5794/4339/1643 5816/4339/1643 5812/4348/1643 
usemtl xdgh
f 5794/4334/1639 5790/4327/1639 5817/4340/1639 5816/4339/1639 
usemtl tfg
f 5790/4340/1640 5809/4346/1640 5813/4346/1640 5817/4340/1640 
f 5809/4346/1640 5773/4331/1640 5810/4331/1640 5813/4346/1640 
usemtl xdgh
f 5781/4340/1638 5780/4339/1638 5820/4329/1638 5819/4331/1638 
usemtl tfg
f 5780/4329/1645 5824/4348/1645 5821/4348/1645 5820/4329/1645 
f 5824/4348/1646 5795/4339/1646 5825/4339/1646 5821/4348/1646 
usemtl xdgh
f 5795/4340/1639 5797/4339/1639 5826/4340/1639 5825/4339/1639 
usemtl tfg
f 5797/4340/1641 5818/4346/1641 5822/4346/1641 5826/4340/1641 
f 5818/4346/1642 5781/4331/1642 5819/4331/1642 5822/4346/1642 
usemtl xdgh
f 5775/4334/1638 5768/4327/1638 5829/4329/1638 5828/4331/1638 
usemtl tfg
f 5768/4329/1640 5832/4348/1640 5830/4348/1640 5829/4329/1640 
f 5832/4348/1647 5786/4339/1647 5833/4339/1647 5830/4348/1647 
usemtl xdgh
f 5786/4343/1639 5792/4344/1639 5834/4340/1639 5833/4339/1639 
usemtl tfg
f 5792/4340/1643 5827/4346/1643 5831/4346/1643 5834/4340/1643 
f 5827/4346/1644 5775/4331/1644 5828/4331/1644 5831/4346/1644 
# 66 polygons

#
# object Cylinder195
#

v  71.0767 4.0354 56.3566
v  70.3727 4.7393 56.3566
v  71.0767 5.4432 56.3566
v  71.7806 4.7393 56.3566
v  70.3727 4.7393 56.4074
v  71.0767 5.4432 56.4074
v  71.0767 4.0354 56.4074
v  71.7806 4.7393 56.4074
v  70.3727 4.7393 56.4582
v  71.0767 5.4432 56.4582
v  71.0767 4.0354 56.4582
v  71.7806 4.7393 56.4582
v  70.3727 4.7393 56.5090
v  71.0767 5.4432 56.5090
v  71.0767 4.0354 56.5090
v  71.7806 4.7393 56.5090
v  70.3727 4.7393 56.5598
v  71.0767 5.4432 56.5598
v  71.0767 4.0354 56.5598
v  71.7806 4.7393 56.5598
v  70.3727 4.7393 56.6106
v  71.0767 5.4432 56.6106
v  71.0767 4.0354 56.6106
v  71.7806 4.7393 56.6106
# 24 vertices

vn -0.0000 -0.0000 -1.0000
vn 0.0000 1.0000 -0.0000
vn -1.0000 0.0000 0.0000
vn -0.0000 -1.0000 0.0000
vn 1.0000 -0.0000 -0.0000
vn 0.0000 0.0000 1.0000
# 6 vertex normals

vt 0.2500 0.0000 1.0000
vt 0.0000 0.0000 1.0000
vt -0.2500 0.0000 1.0000
vt 0.7500 0.0000 1.0000
vt 0.5000 0.0000 1.0000
vt 0.0000 0.2000 1.0000
vt -0.2500 0.2000 1.0000
vt 0.2500 0.2000 1.0000
vt 0.5000 0.2000 1.0000
vt 0.7500 0.2000 1.0000
vt 0.0000 0.4000 1.0000
vt -0.2500 0.4000 1.0000
vt 0.2500 0.4000 1.0000
vt 0.5000 0.4000 1.0000
vt 0.7500 0.4000 1.0000
vt 0.0000 0.6000 1.0000
vt -0.2500 0.6000 1.0000
vt 0.2500 0.6000 1.0000
vt 0.5000 0.6000 1.0000
vt 0.7500 0.6000 1.0000
vt 0.0000 0.8000 1.0000
vt -0.2500 0.8000 1.0000
vt 0.2500 0.8000 1.0000
vt 0.5000 0.8000 1.0000
vt 0.7500 0.8000 1.0000
vt 0.0000 1.0000 1.0000
vt -0.2500 1.0000 1.0000
vt 0.2500 1.0000 1.0000
vt 0.5000 1.0000 1.0000
vt 0.7500 1.0000 1.0000
vt 1.0000 1.0000 -1.0000
# 31 texture coords

g Cylinder195
usemtl 03___Defaulttyi
s 1
f 5835/4350/1648 5836/4351/1648 5837/4352/1648 
f 5837/4353/1648 5838/4354/1648 5835/4350/1648 
s 8
f 5837/4352/1649 5836/4351/1650 5839/4355/1650 5840/4356/1649 
f 5836/4351/1650 5835/4350/1651 5841/4357/1651 5839/4355/1650 
f 5835/4350/1651 5838/4354/1652 5842/4358/1652 5841/4357/1651 
f 5838/4354/1652 5837/4353/1649 5840/4359/1649 5842/4358/1652 
f 5840/4356/1649 5839/4355/1650 5843/4360/1650 5844/4361/1649 
f 5839/4355/1650 5841/4357/1651 5845/4362/1651 5843/4360/1650 
f 5841/4357/1651 5842/4358/1652 5846/4363/1652 5845/4362/1651 
f 5842/4358/1652 5840/4359/1649 5844/4364/1649 5846/4363/1652 
f 5844/4361/1649 5843/4360/1650 5847/4365/1650 5848/4366/1649 
f 5843/4360/1650 5845/4362/1651 5849/4367/1651 5847/4365/1650 
f 5845/4362/1651 5846/4363/1652 5850/4368/1652 5849/4367/1651 
f 5846/4363/1652 5844/4364/1649 5848/4369/1649 5850/4368/1652 
f 5848/4366/1649 5847/4365/1650 5851/4370/1650 5852/4371/1649 
f 5847/4365/1650 5849/4367/1651 5853/4372/1651 5851/4370/1650 
f 5849/4367/1651 5850/4368/1652 5854/4373/1652 5853/4372/1651 
f 5850/4368/1652 5848/4369/1649 5852/4374/1649 5854/4373/1652 
f 5852/4371/1649 5851/4370/1650 5855/4375/1650 5856/4376/1649 
f 5851/4370/1650 5853/4372/1651 5857/4377/1651 5855/4375/1650 
f 5853/4372/1651 5854/4373/1652 5858/4378/1652 5857/4377/1651 
f 5854/4373/1652 5852/4374/1649 5856/4379/1649 5858/4378/1652 
s 1
f 5858/4380/1653 5856/4376/1653 5855/4375/1653 
f 5855/4375/1653 5857/4377/1653 5858/4378/1653 
# 20 polygons - 4 triangles

#
# object Cylinder196
#

v  68.1343 4.0354 59.2303
v  68.1343 4.7393 59.9342
v  68.1343 5.4432 59.2303
v  68.1343 4.7393 58.5264
v  68.1851 4.7393 59.9342
v  68.1851 5.4432 59.2303
v  68.1851 4.0354 59.2303
v  68.1851 4.7393 58.5264
v  68.2359 4.7393 59.9342
v  68.2359 5.4432 59.2303
v  68.2359 4.0354 59.2303
v  68.2359 4.7393 58.5264
v  68.2867 4.7393 59.9342
v  68.2867 5.4432 59.2303
v  68.2867 4.0354 59.2303
v  68.2867 4.7393 58.5264
v  68.3375 4.7393 59.9342
v  68.3375 5.4432 59.2303
v  68.3375 4.0354 59.2303
v  68.3375 4.7393 58.5264
v  68.3883 4.7393 59.9342
v  68.3883 5.4432 59.2303
v  68.3883 4.0354 59.2303
v  68.3883 4.7393 58.5264
# 24 vertices

vn -1.0000 0.0000 0.0000
vn 0.0000 1.0000 -0.0000
vn 0.0000 0.0000 1.0000
vn -0.0000 -1.0000 0.0000
vn -0.0000 -0.0000 -1.0000
vn 1.0000 -0.0000 -0.0000
# 6 vertex normals

vt 0.2500 0.0000 1.0000
vt 0.0000 0.0000 1.0000
vt -0.2500 0.0000 1.0000
vt 0.7500 0.0000 1.0000
vt 0.5000 0.0000 1.0000
vt 0.0000 0.2000 1.0000
vt -0.2500 0.2000 1.0000
vt 0.2500 0.2000 1.0000
vt 0.5000 0.2000 1.0000
vt 0.7500 0.2000 1.0000
vt 0.0000 0.4000 1.0000
vt -0.2500 0.4000 1.0000
vt 0.2500 0.4000 1.0000
vt 0.5000 0.4000 1.0000
vt 0.7500 0.4000 1.0000
vt 0.0000 0.6000 1.0000
vt -0.2500 0.6000 1.0000
vt 0.2500 0.6000 1.0000
vt 0.5000 0.6000 1.0000
vt 0.7500 0.6000 1.0000
vt 0.0000 0.8000 1.0000
vt -0.2500 0.8000 1.0000
vt 0.2500 0.8000 1.0000
vt 0.5000 0.8000 1.0000
vt 0.7500 0.8000 1.0000
vt 0.0000 1.0000 1.0000
vt -0.2500 1.0000 1.0000
vt 0.2500 1.0000 1.0000
vt 0.5000 1.0000 1.0000
vt 0.7500 1.0000 1.0000
vt 1.0000 1.0000 -1.0000
# 31 texture coords

g Cylinder196
usemtl 03___Defaulttyi
s 1
f 5859/4381/1654 5860/4382/1654 5861/4383/1654 
f 5861/4384/1654 5862/4385/1654 5859/4381/1654 
s 8
f 5861/4383/1655 5860/4382/1656 5863/4386/1656 5864/4387/1655 
f 5860/4382/1656 5859/4381/1657 5865/4388/1657 5863/4386/1656 
f 5859/4381/1657 5862/4385/1658 5866/4389/1658 5865/4388/1657 
f 5862/4385/1658 5861/4384/1655 5864/4390/1655 5866/4389/1658 
f 5864/4387/1655 5863/4386/1656 5867/4391/1656 5868/4392/1655 
f 5863/4386/1656 5865/4388/1657 5869/4393/1657 5867/4391/1656 
f 5865/4388/1657 5866/4389/1658 5870/4394/1658 5869/4393/1657 
f 5866/4389/1658 5864/4390/1655 5868/4395/1655 5870/4394/1658 
f 5868/4392/1655 5867/4391/1656 5871/4396/1656 5872/4397/1655 
f 5867/4391/1656 5869/4393/1657 5873/4398/1657 5871/4396/1656 
f 5869/4393/1657 5870/4394/1658 5874/4399/1658 5873/4398/1657 
f 5870/4394/1658 5868/4395/1655 5872/4400/1655 5874/4399/1658 
f 5872/4397/1655 5871/4396/1656 5875/4401/1656 5876/4402/1655 
f 5871/4396/1656 5873/4398/1657 5877/4403/1657 5875/4401/1656 
f 5873/4398/1657 5874/4399/1658 5878/4404/1658 5877/4403/1657 
f 5874/4399/1658 5872/4400/1655 5876/4405/1655 5878/4404/1658 
f 5876/4402/1655 5875/4401/1656 5879/4406/1656 5880/4407/1655 
f 5875/4401/1656 5877/4403/1657 5881/4408/1657 5879/4406/1656 
f 5877/4403/1657 5878/4404/1658 5882/4409/1658 5881/4408/1657 
f 5878/4404/1658 5876/4405/1655 5880/4410/1655 5882/4409/1658 
s 1
f 5882/4411/1659 5880/4407/1659 5879/4406/1659 
f 5879/4406/1659 5881/4408/1659 5882/4409/1659 
# 20 polygons - 4 triangles

#
# object Cylinder197
#

v  71.0767 4.0354 61.8152
v  70.3727 4.7393 61.8152
v  71.0767 5.4432 61.8152
v  71.7806 4.7393 61.8152
v  70.3727 4.7393 61.8660
v  71.0767 5.4432 61.8660
v  71.0767 4.0354 61.8660
v  71.7806 4.7393 61.8660
v  70.3727 4.7393 61.9168
v  71.0767 5.4432 61.9168
v  71.0767 4.0354 61.9168
v  71.7806 4.7393 61.9168
v  70.3727 4.7393 61.9676
v  71.0767 5.4432 61.9676
v  71.0767 4.0354 61.9676
v  71.7806 4.7393 61.9676
v  70.3727 4.7393 62.0184
v  71.0767 5.4432 62.0184
v  71.0767 4.0354 62.0184
v  71.7806 4.7393 62.0184
v  70.3727 4.7393 62.0692
v  71.0767 5.4432 62.0692
v  71.0767 4.0354 62.0692
v  71.7806 4.7393 62.0692
# 24 vertices

vn -0.0000 -0.0000 -1.0000
vn 0.0000 1.0000 -0.0000
vn -1.0000 0.0000 0.0000
vn -0.0000 -1.0000 0.0000
vn 1.0000 -0.0000 -0.0000
vn 0.0000 0.0000 1.0000
# 6 vertex normals

vt 0.2500 0.0000 1.0000
vt 0.0000 0.0000 1.0000
vt -0.2500 0.0000 1.0000
vt 0.7500 0.0000 1.0000
vt 0.5000 0.0000 1.0000
vt 0.0000 0.2000 1.0000
vt -0.2500 0.2000 1.0000
vt 0.2500 0.2000 1.0000
vt 0.5000 0.2000 1.0000
vt 0.7500 0.2000 1.0000
vt 0.0000 0.4000 1.0000
vt -0.2500 0.4000 1.0000
vt 0.2500 0.4000 1.0000
vt 0.5000 0.4000 1.0000
vt 0.7500 0.4000 1.0000
vt 0.0000 0.6000 1.0000
vt -0.2500 0.6000 1.0000
vt 0.2500 0.6000 1.0000
vt 0.5000 0.6000 1.0000
vt 0.7500 0.6000 1.0000
vt 0.0000 0.8000 1.0000
vt -0.2500 0.8000 1.0000
vt 0.2500 0.8000 1.0000
vt 0.5000 0.8000 1.0000
vt 0.7500 0.8000 1.0000
vt 0.0000 1.0000 1.0000
vt -0.2500 1.0000 1.0000
vt 0.2500 1.0000 1.0000
vt 0.5000 1.0000 1.0000
vt 0.7500 1.0000 1.0000
vt 1.0000 1.0000 -1.0000
# 31 texture coords

g Cylinder197
usemtl 03___Defaulttyi
s 1
f 5883/4412/1660 5884/4413/1660 5885/4414/1660 
f 5885/4415/1660 5886/4416/1660 5883/4412/1660 
s 8
f 5885/4414/1661 5884/4413/1662 5887/4417/1662 5888/4418/1661 
f 5884/4413/1662 5883/4412/1663 5889/4419/1663 5887/4417/1662 
f 5883/4412/1663 5886/4416/1664 5890/4420/1664 5889/4419/1663 
f 5886/4416/1664 5885/4415/1661 5888/4421/1661 5890/4420/1664 
f 5888/4418/1661 5887/4417/1662 5891/4422/1662 5892/4423/1661 
f 5887/4417/1662 5889/4419/1663 5893/4424/1663 5891/4422/1662 
f 5889/4419/1663 5890/4420/1664 5894/4425/1664 5893/4424/1663 
f 5890/4420/1664 5888/4421/1661 5892/4426/1661 5894/4425/1664 
f 5892/4423/1661 5891/4422/1662 5895/4427/1662 5896/4428/1661 
f 5891/4422/1662 5893/4424/1663 5897/4429/1663 5895/4427/1662 
f 5893/4424/1663 5894/4425/1664 5898/4430/1664 5897/4429/1663 
f 5894/4425/1664 5892/4426/1661 5896/4431/1661 5898/4430/1664 
f 5896/4428/1661 5895/4427/1662 5899/4432/1662 5900/4433/1661 
f 5895/4427/1662 5897/4429/1663 5901/4434/1663 5899/4432/1662 
f 5897/4429/1663 5898/4430/1664 5902/4435/1664 5901/4434/1663 
f 5898/4430/1664 5896/4431/1661 5900/4436/1661 5902/4435/1664 
f 5900/4433/1661 5899/4432/1662 5903/4437/1662 5904/4438/1661 
f 5899/4432/1662 5901/4434/1663 5905/4439/1663 5903/4437/1662 
f 5901/4434/1663 5902/4435/1664 5906/4440/1664 5905/4439/1663 
f 5902/4435/1664 5900/4436/1661 5904/4441/1661 5906/4440/1664 
s 1
f 5906/4442/1665 5904/4438/1665 5903/4437/1665 
f 5903/4437/1665 5905/4439/1665 5906/4440/1665 
# 20 polygons - 4 triangles

#
# object Cylinder198
#

v  73.6153 4.0354 59.2303
v  73.6153 4.7393 59.9342
v  73.6153 5.4432 59.2303
v  73.6153 4.7393 58.5264
v  73.6661 4.7393 59.9342
v  73.6661 5.4432 59.2303
v  73.6661 4.0354 59.2303
v  73.6661 4.7393 58.5264
v  73.7169 4.7393 59.9342
v  73.7169 5.4432 59.2303
v  73.7169 4.0354 59.2303
v  73.7169 4.7393 58.5264
v  73.7677 4.7393 59.9342
v  73.7677 5.4432 59.2303
v  73.7677 4.0354 59.2303
v  73.7677 4.7393 58.5264
v  73.8185 4.7393 59.9342
v  73.8185 5.4432 59.2303
v  73.8185 4.0354 59.2303
v  73.8185 4.7393 58.5264
v  73.8693 4.7393 59.9342
v  73.8693 5.4432 59.2303
v  73.8693 4.0354 59.2303
v  73.8693 4.7393 58.5264
# 24 vertices

vn -1.0000 0.0000 0.0000
vn 0.0000 1.0000 -0.0000
vn 0.0000 0.0000 1.0000
vn -0.0000 -1.0000 0.0000
vn -0.0000 -0.0000 -1.0000
vn 1.0000 -0.0000 -0.0000
# 6 vertex normals

vt 0.2500 0.0000 1.0000
vt 0.0000 0.0000 1.0000
vt -0.2500 0.0000 1.0000
vt 0.7500 0.0000 1.0000
vt 0.5000 0.0000 1.0000
vt 0.0000 0.2000 1.0000
vt -0.2500 0.2000 1.0000
vt 0.2500 0.2000 1.0000
vt 0.5000 0.2000 1.0000
vt 0.7500 0.2000 1.0000
vt 0.0000 0.4000 1.0000
vt -0.2500 0.4000 1.0000
vt 0.2500 0.4000 1.0000
vt 0.5000 0.4000 1.0000
vt 0.7500 0.4000 1.0000
vt 0.0000 0.6000 1.0000
vt -0.2500 0.6000 1.0000
vt 0.2500 0.6000 1.0000
vt 0.5000 0.6000 1.0000
vt 0.7500 0.6000 1.0000
vt 0.0000 0.8000 1.0000
vt -0.2500 0.8000 1.0000
vt 0.2500 0.8000 1.0000
vt 0.5000 0.8000 1.0000
vt 0.7500 0.8000 1.0000
vt 0.0000 1.0000 1.0000
vt -0.2500 1.0000 1.0000
vt 0.2500 1.0000 1.0000
vt 0.5000 1.0000 1.0000
vt 0.7500 1.0000 1.0000
vt 1.0000 1.0000 -1.0000
# 31 texture coords

g Cylinder198
usemtl 03___Defaulttyi
s 1
f 5907/4443/1666 5908/4444/1666 5909/4445/1666 
f 5909/4446/1666 5910/4447/1666 5907/4443/1666 
s 8
f 5909/4445/1667 5908/4444/1668 5911/4448/1668 5912/4449/1667 
f 5908/4444/1668 5907/4443/1669 5913/4450/1669 5911/4448/1668 
f 5907/4443/1669 5910/4447/1670 5914/4451/1670 5913/4450/1669 
f 5910/4447/1670 5909/4446/1667 5912/4452/1667 5914/4451/1670 
f 5912/4449/1667 5911/4448/1668 5915/4453/1668 5916/4454/1667 
f 5911/4448/1668 5913/4450/1669 5917/4455/1669 5915/4453/1668 
f 5913/4450/1669 5914/4451/1670 5918/4456/1670 5917/4455/1669 
f 5914/4451/1670 5912/4452/1667 5916/4457/1667 5918/4456/1670 
f 5916/4454/1667 5915/4453/1668 5919/4458/1668 5920/4459/1667 
f 5915/4453/1668 5917/4455/1669 5921/4460/1669 5919/4458/1668 
f 5917/4455/1669 5918/4456/1670 5922/4461/1670 5921/4460/1669 
f 5918/4456/1670 5916/4457/1667 5920/4462/1667 5922/4461/1670 
f 5920/4459/1667 5919/4458/1668 5923/4463/1668 5924/4464/1667 
f 5919/4458/1668 5921/4460/1669 5925/4465/1669 5923/4463/1668 
f 5921/4460/1669 5922/4461/1670 5926/4466/1670 5925/4465/1669 
f 5922/4461/1670 5920/4462/1667 5924/4467/1667 5926/4466/1670 
f 5924/4464/1667 5923/4463/1668 5927/4468/1668 5928/4469/1667 
f 5923/4463/1668 5925/4465/1669 5929/4470/1669 5927/4468/1668 
f 5925/4465/1669 5926/4466/1670 5930/4471/1670 5929/4470/1669 
f 5926/4466/1670 5924/4467/1667 5928/4472/1667 5930/4471/1670 
s 1
f 5930/4473/1671 5928/4469/1671 5927/4468/1671 
f 5927/4468/1671 5929/4470/1671 5930/4471/1671 
# 20 polygons - 4 triangles

#
# object Box458
#

v  73.4473 -0.3273 61.6587
v  68.6213 -0.3273 61.6587
v  68.6213 -0.3273 56.8327
v  73.4473 -0.3273 56.8327
v  73.4473 0.9427 61.6587
v  73.4473 0.9427 56.8327
v  68.6213 0.9427 56.8327
v  68.6213 0.9427 61.6587
# 8 vertices

vn 0.0000 -1.0000 -0.0000
vn 0.0000 1.0000 -0.0000
vn 1.0000 0.0000 -0.0000
vn -0.0000 0.0000 -1.0000
vn -1.0000 0.0000 0.0000
vn 0.0000 0.0000 1.0000
# 6 vertex normals

vt 1.0000 0.0000 0.0000
vt 1.0000 1.0000 0.0000
vt 0.0000 1.0000 0.0000
vt 0.0000 0.0000 0.0000
# 4 texture coords

g Box458
usemtl tfg
s 2
f 5931/4474/1672 5932/4475/1672 5933/4476/1672 5934/4477/1672 
s 4
f 5935/4477/1673 5936/4474/1673 5937/4475/1673 5938/4476/1673 
s 8
f 5931/4477/1674 5934/4474/1674 5936/4475/1674 5935/4476/1674 
s 16
f 5934/4477/1675 5933/4474/1675 5937/4475/1675 5936/4476/1675 
s 32
f 5933/4477/1676 5932/4474/1676 5938/4475/1676 5937/4476/1676 
s 64
f 5932/4477/1677 5931/4474/1677 5935/4475/1677 5938/4476/1677 
# 6 polygons

#
# object Box459
#

v  -100.0413 -0.3273 64.3029
v  -101.4807 -0.3273 64.3029
v  -101.4807 -0.3273 62.8636
v  -100.0413 -0.3273 62.8636
v  -101.4807 -0.3273 61.4242
v  -100.0413 -0.3273 61.4242
v  -101.4807 -0.3273 59.9849
v  -100.0413 -0.3273 59.9849
v  -102.9200 -0.3273 64.3029
v  -102.9200 -0.3273 62.8636
v  -102.9200 -0.3273 61.4242
v  -102.9200 -0.3273 59.9849
v  -104.3593 -0.3273 64.3029
v  -104.3593 -0.3273 62.8636
v  -104.3593 -0.3273 61.4242
v  -104.3593 -0.3273 59.9849
v  -100.0413 9.8327 64.3029
v  -100.0413 9.8327 62.8636
v  -101.4807 9.8327 62.8636
v  -101.4807 9.8327 64.3029
v  -100.0413 9.8327 61.4242
v  -101.4807 9.8327 61.4242
v  -100.0413 9.8327 59.9849
v  -101.4807 9.8327 59.9849
v  -102.9200 9.8327 62.8636
v  -102.9200 9.8327 64.3029
v  -102.9200 9.8327 61.4242
v  -102.9200 9.8327 59.9849
v  -104.3593 9.8327 62.8636
v  -104.3593 9.8327 64.3029
v  -104.3593 9.8327 61.4242
v  -104.3593 9.8327 59.9849
v  -100.0413 4.7527 62.8636
v  -100.0413 4.7527 64.3029
v  -99.5333 -0.3273 62.8636
v  -99.5333 -0.3273 61.4242
v  -99.5333 4.7527 61.4242
v  -99.5333 4.7527 62.8636
v  -100.0413 4.7527 59.9849
v  -100.0413 4.7527 61.4242
v  -99.5333 9.8327 61.4242
v  -99.5333 9.8327 62.8636
v  -101.4807 4.7527 59.9849
v  -101.4807 -0.3273 59.4769
v  -102.9200 -0.3273 59.4769
v  -102.9200 4.7527 59.4769
v  -101.4807 4.7527 59.4769
v  -104.3593 4.7527 59.9849
v  -102.9200 4.7527 59.9849
v  -102.9200 9.8327 59.4769
v  -101.4807 9.8327 59.4769
v  -104.3593 4.7527 61.4242
v  -104.8673 -0.3273 61.4242
v  -104.8673 -0.3273 62.8636
v  -104.8673 4.7527 62.8636
v  -104.8673 4.7527 61.4242
v  -104.3593 4.7527 64.3029
v  -104.3593 4.7527 62.8636
v  -104.8673 9.8327 62.8636
v  -104.8673 9.8327 61.4242
v  -102.9200 4.7527 64.3029
v  -102.9200 -0.3273 64.8109
v  -101.4807 -0.3273 64.8109
v  -101.4807 4.7527 64.8109
v  -102.9200 4.7527 64.8109
v  -101.4807 4.7527 64.3029
v  -101.4807 9.8327 64.8109
v  -102.9200 9.8327 64.8109
# 68 vertices

vn 0.0000 -1.0000 -0.0000
vn 0.0000 1.0000 -0.0000
vn 1.0000 0.0000 -0.0000
vn -0.0000 0.0000 -1.0000
vn -0.0000 -0.0000 -1.0000
vn -1.0000 0.0000 0.0000
vn -1.0000 -0.0000 0.0000
vn 0.0000 0.0000 1.0000
vn 0.0000 -0.0000 1.0000
vn 1.0000 -0.0000 -0.0000
# 10 vertex normals

vt 1.0000 0.0000 0.0000
vt 1.0000 0.3333 0.0000
vt 0.6667 0.3333 0.0000
vt 0.6667 0.0000 0.0000
vt 0.3333 0.3333 0.0000
vt 0.3333 0.0000 0.0000
vt -0.0000 0.3333 0.0000
vt -0.0000 0.0000 0.0000
vt 1.0000 0.6667 0.0000
vt 0.6667 0.6667 0.0000
vt 0.3333 0.6667 0.0000
vt -0.0000 0.6667 0.0000
vt 1.0000 1.0000 0.0000
vt 0.6667 1.0000 0.0000
vt 0.3333 1.0000 0.0000
vt -0.0000 1.0000 0.0000
vt 0.0000 0.0000 0.0000
vt 0.0000 0.3333 0.0000
vt 0.0000 0.6667 0.0000
vt 0.0000 1.0000 0.0000
vt 0.3333 0.5000 0.0000
vt 0.0000 0.5000 0.0000
vt 0.6667 0.5000 0.0000
vt 1.0000 0.5000 0.0000
# 24 texture coords

g Box459
usemtl xdgh
s 2
f 5939/4478/1678 5940/4479/1678 5941/4480/1678 5942/4481/1678 
f 5942/4481/1678 5941/4480/1678 5943/4482/1678 5944/4483/1678 
f 5944/4483/1678 5943/4482/1678 5945/4484/1678 5946/4485/1678 
f 5940/4479/1678 5947/4486/1678 5948/4487/1678 5941/4480/1678 
f 5941/4480/1678 5948/4487/1678 5949/4488/1678 5943/4482/1678 
f 5943/4482/1678 5949/4488/1678 5950/4489/1678 5945/4484/1678 
f 5947/4486/1678 5951/4490/1678 5952/4491/1678 5948/4487/1678 
f 5948/4487/1678 5952/4491/1678 5953/4492/1678 5949/4488/1678 
f 5949/4488/1678 5953/4492/1678 5954/4493/1678 5950/4489/1678 
s 4
f 5955/4494/1679 5956/4483/1679 5957/4482/1679 5958/4495/1679 
f 5956/4483/1679 5959/4481/1679 5960/4480/1679 5957/4482/1679 
f 5959/4481/1679 5961/4478/1679 5962/4479/1679 5960/4480/1679 
f 5958/4495/1679 5957/4482/1679 5963/4488/1679 5964/4496/1679 
f 5957/4482/1679 5960/4480/1679 5965/4487/1679 5963/4488/1679 
f 5960/4480/1679 5962/4479/1679 5966/4486/1679 5965/4487/1679 
f 5964/4496/1679 5963/4488/1679 5967/4492/1679 5968/4497/1679 
f 5963/4488/1679 5965/4487/1679 5969/4491/1679 5967/4492/1679 
f 5965/4487/1679 5966/4486/1679 5970/4490/1679 5969/4491/1679 
s 8
f 5939/4494/1680 5942/4483/1680 5971/4498/1680 5972/4499/1680 
f 5973/4483/1680 5974/4481/1680 5975/4500/1680 5976/4498/1680 
f 5944/4481/1680 5946/4478/1680 5977/4501/1680 5978/4500/1680 
usemtl tfg
f 5972/4499/1680 5971/4498/1680 5956/4492/1680 5955/4497/1680 
usemtl xdgh
f 5976/4498/1680 5975/4500/1680 5979/4491/1680 5980/4492/1680 
usemtl tfg
f 5978/4500/1680 5977/4501/1680 5961/4490/1680 5959/4491/1680 
usemtl xdgh
s 16
f 5946/4494/1681 5945/4483/1681 5981/4498/1681 5977/4499/1681 
f 5982/4483/1682 5983/4481/1682 5984/4500/1681 5985/4498/1681 
f 5950/4481/1681 5954/4478/1681 5986/4501/1681 5987/4500/1681 
usemtl tfg
f 5977/4499/1681 5981/4498/1681 5962/4492/1681 5961/4497/1681 
usemtl xdgh
f 5985/4498/1681 5984/4500/1681 5988/4491/1681 5989/4492/1681 
usemtl tfg
f 5987/4500/1681 5986/4501/1681 5970/4490/1681 5966/4491/1681 
usemtl xdgh
s 32
f 5954/4494/1683 5953/4483/1683 5990/4498/1683 5986/4499/1683 
f 5991/4483/1684 5992/4481/1684 5993/4500/1683 5994/4498/1683 
f 5952/4481/1683 5951/4478/1683 5995/4501/1683 5996/4500/1683 
usemtl tfg
f 5986/4499/1683 5990/4498/1683 5969/4492/1683 5970/4497/1683 
usemtl xdgh
f 5994/4498/1683 5993/4500/1683 5997/4491/1683 5998/4492/1683 
usemtl tfg
f 5996/4500/1683 5995/4501/1683 5968/4490/1683 5967/4491/1683 
usemtl xdgh
s 64
f 5951/4494/1685 5947/4483/1685 5999/4498/1685 5995/4499/1685 
f 6000/4483/1685 6001/4481/1685 6002/4500/1685 6003/4498/1685 
f 5940/4481/1685 5939/4478/1685 5972/4501/1685 6004/4500/1685 
usemtl tfg
f 5995/4499/1685 5999/4498/1685 5964/4492/1685 5968/4497/1685 
usemtl xdgh
f 6003/4498/1685 6002/4500/1685 6005/4491/1685 6006/4492/1685 
usemtl tfg
f 6004/4500/1685 5972/4501/1685 5955/4490/1685 5958/4491/1685 
usemtl xdgh
s off
f 5942/4481/1678 5944/4483/1678 5974/4481/1678 5973/4483/1678 
usemtl tfg
f 5944/4481/1681 5978/4500/1681 5975/4500/1681 5974/4481/1681 
f 5978/4500/1681 5959/4491/1681 5979/4491/1681 5975/4500/1681 
usemtl xdgh
f 5959/4481/1679 5956/4483/1679 5980/4492/1679 5979/4491/1679 
usemtl tfg
f 5956/4492/1685 5971/4498/1685 5976/4498/1685 5980/4492/1685 
f 5971/4498/1685 5942/4483/1685 5973/4483/1685 5976/4498/1685 
usemtl xdgh
f 5945/4484/1678 5950/4489/1678 5983/4481/1678 5982/4483/1678 
usemtl tfg
f 5950/4481/1683 5987/4500/1683 5984/4500/1683 5983/4481/1683 
f 5987/4500/1683 5966/4491/1683 5988/4491/1683 5984/4500/1683 
usemtl xdgh
f 5966/4486/1679 5962/4479/1679 5989/4492/1679 5988/4491/1679 
usemtl tfg
f 5962/4492/1680 5981/4498/1680 5985/4498/1680 5989/4492/1680 
f 5981/4498/1680 5945/4483/1680 5982/4483/1680 5985/4498/1680 
usemtl xdgh
f 5953/4492/1678 5952/4491/1678 5992/4481/1678 5991/4483/1678 
usemtl tfg
f 5952/4481/1685 5996/4500/1685 5993/4500/1685 5992/4481/1685 
f 5996/4500/1686 5967/4491/1686 5997/4491/1686 5993/4500/1686 
usemtl xdgh
f 5967/4492/1679 5969/4491/1679 5998/4492/1679 5997/4491/1679 
usemtl tfg
f 5969/4492/1681 5990/4498/1681 5994/4498/1681 5998/4492/1681 
f 5990/4498/1682 5953/4483/1682 5991/4483/1682 5994/4498/1682 
usemtl xdgh
f 5947/4486/1678 5940/4479/1678 6001/4481/1678 6000/4483/1678 
usemtl tfg
f 5940/4481/1680 6004/4500/1680 6002/4500/1680 6001/4481/1680 
f 6004/4500/1687 5958/4491/1687 6005/4491/1687 6002/4500/1687 
usemtl xdgh
f 5958/4495/1679 5964/4496/1679 6006/4492/1679 6005/4491/1679 
usemtl tfg
f 5964/4492/1683 5999/4498/1683 6003/4498/1683 6006/4492/1683 
f 5999/4498/1684 5947/4483/1684 6000/4483/1684 6003/4498/1684 
# 66 polygons

#
# object Box460
#

v  -99.6603 4.5718 64.6839
v  -104.7403 4.5718 64.6839
v  -104.7403 4.5718 59.6039
v  -99.6603 4.5718 59.6039
v  -99.6603 4.8258 64.6839
v  -99.6603 4.8258 59.6039
v  -104.7403 4.8258 59.6039
v  -104.7403 4.8258 64.6839
# 8 vertices

vn 0.0000 -1.0000 -0.0000
vn 0.0000 1.0000 -0.0000
vn 1.0000 0.0000 -0.0000
vn -0.0000 0.0000 -1.0000
vn -1.0000 0.0000 0.0000
vn 0.0000 0.0000 1.0000
# 6 vertex normals

vt 1.0000 0.0000 0.0000
vt 1.0000 1.0000 0.0000
vt 0.0000 1.0000 0.0000
vt 0.0000 0.0000 0.0000
# 4 texture coords

g Box460
usemtl cvj
s 2
f 6007/4502/1688 6008/4503/1688 6009/4504/1688 6010/4505/1688 
s 4
f 6011/4505/1689 6012/4502/1689 6013/4503/1689 6014/4504/1689 
s 8
f 6007/4505/1690 6010/4502/1690 6012/4503/1690 6011/4504/1690 
s 16
f 6010/4505/1691 6009/4502/1691 6013/4503/1691 6012/4504/1691 
s 32
f 6009/4505/1692 6008/4502/1692 6014/4503/1692 6013/4504/1692 
s 64
f 6008/4505/1693 6007/4502/1693 6011/4503/1693 6014/4504/1693 
# 6 polygons

#
# object Cylinder199
#

v  -102.1580 4.0354 59.2548
v  -102.8619 4.7393 59.2548
v  -102.1580 5.4432 59.2548
v  -101.4541 4.7393 59.2548
v  -102.8619 4.7393 59.3056
v  -102.1580 5.4432 59.3056
v  -102.1580 4.0354 59.3056
v  -101.4541 4.7393 59.3056
v  -102.8619 4.7393 59.3564
v  -102.1580 5.4432 59.3564
v  -102.1580 4.0354 59.3564
v  -101.4541 4.7393 59.3564
v  -102.8619 4.7393 59.4072
v  -102.1580 5.4432 59.4072
v  -102.1580 4.0354 59.4072
v  -101.4541 4.7393 59.4072
v  -102.8619 4.7393 59.4580
v  -102.1580 5.4432 59.4580
v  -102.1580 4.0354 59.4580
v  -101.4541 4.7393 59.4580
v  -102.8619 4.7393 59.5088
v  -102.1580 5.4432 59.5088
v  -102.1580 4.0354 59.5088
v  -101.4541 4.7393 59.5088
# 24 vertices

vn -0.0000 -0.0000 -1.0000
vn 0.0000 1.0000 -0.0000
vn -1.0000 0.0000 0.0000
vn -0.0000 -1.0000 0.0000
vn 1.0000 -0.0000 -0.0000
vn 0.0000 0.0000 1.0000
# 6 vertex normals

vt 0.2500 0.0000 1.0000
vt 0.0000 0.0000 1.0000
vt -0.2500 0.0000 1.0000
vt 0.7500 0.0000 1.0000
vt 0.5000 0.0000 1.0000
vt 0.0000 0.2000 1.0000
vt -0.2500 0.2000 1.0000
vt 0.2500 0.2000 1.0000
vt 0.5000 0.2000 1.0000
vt 0.7500 0.2000 1.0000
vt 0.0000 0.4000 1.0000
vt -0.2500 0.4000 1.0000
vt 0.2500 0.4000 1.0000
vt 0.5000 0.4000 1.0000
vt 0.7500 0.4000 1.0000
vt 0.0000 0.6000 1.0000
vt -0.2500 0.6000 1.0000
vt 0.2500 0.6000 1.0000
vt 0.5000 0.6000 1.0000
vt 0.7500 0.6000 1.0000
vt 0.0000 0.8000 1.0000
vt -0.2500 0.8000 1.0000
vt 0.2500 0.8000 1.0000
vt 0.5000 0.8000 1.0000
vt 0.7500 0.8000 1.0000
vt 0.0000 1.0000 1.0000
vt -0.2500 1.0000 1.0000
vt 0.2500 1.0000 1.0000
vt 0.5000 1.0000 1.0000
vt 0.7500 1.0000 1.0000
vt 1.0000 1.0000 -1.0000
# 31 texture coords

g Cylinder199
usemtl 03___Defaulttyi
s 1
f 6015/4506/1694 6016/4507/1694 6017/4508/1694 
f 6017/4509/1694 6018/4510/1694 6015/4506/1694 
s 8
f 6017/4508/1695 6016/4507/1696 6019/4511/1696 6020/4512/1695 
f 6016/4507/1696 6015/4506/1697 6021/4513/1697 6019/4511/1696 
f 6015/4506/1697 6018/4510/1698 6022/4514/1698 6021/4513/1697 
f 6018/4510/1698 6017/4509/1695 6020/4515/1695 6022/4514/1698 
f 6020/4512/1695 6019/4511/1696 6023/4516/1696 6024/4517/1695 
f 6019/4511/1696 6021/4513/1697 6025/4518/1697 6023/4516/1696 
f 6021/4513/1697 6022/4514/1698 6026/4519/1698 6025/4518/1697 
f 6022/4514/1698 6020/4515/1695 6024/4520/1695 6026/4519/1698 
f 6024/4517/1695 6023/4516/1696 6027/4521/1696 6028/4522/1695 
f 6023/4516/1696 6025/4518/1697 6029/4523/1697 6027/4521/1696 
f 6025/4518/1697 6026/4519/1698 6030/4524/1698 6029/4523/1697 
f 6026/4519/1698 6024/4520/1695 6028/4525/1695 6030/4524/1698 
f 6028/4522/1695 6027/4521/1696 6031/4526/1696 6032/4527/1695 
f 6027/4521/1696 6029/4523/1697 6033/4528/1697 6031/4526/1696 
f 6029/4523/1697 6030/4524/1698 6034/4529/1698 6033/4528/1697 
f 6030/4524/1698 6028/4525/1695 6032/4530/1695 6034/4529/1698 
f 6032/4527/1695 6031/4526/1696 6035/4531/1696 6036/4532/1695 
f 6031/4526/1696 6033/4528/1697 6037/4533/1697 6035/4531/1696 
f 6033/4528/1697 6034/4529/1698 6038/4534/1698 6037/4533/1697 
f 6034/4529/1698 6032/4530/1695 6036/4535/1695 6038/4534/1698 
s 1
f 6038/4536/1699 6036/4532/1699 6035/4531/1699 
f 6035/4531/1699 6037/4533/1699 6038/4534/1699 
# 20 polygons - 4 triangles

#
# object Cylinder200
#

v  -105.1003 4.0354 62.1285
v  -105.1003 4.7393 62.8324
v  -105.1003 5.4432 62.1285
v  -105.1003 4.7393 61.4246
v  -105.0495 4.7393 62.8324
v  -105.0496 5.4432 62.1285
v  -105.0496 4.0354 62.1285
v  -105.0496 4.7393 61.4246
v  -104.9987 4.7393 62.8324
v  -104.9987 5.4432 62.1285
v  -104.9987 4.0354 62.1285
v  -104.9987 4.7393 61.4246
v  -104.9479 4.7393 62.8324
v  -104.9480 5.4432 62.1285
v  -104.9480 4.0354 62.1285
v  -104.9480 4.7393 61.4246
v  -104.8971 4.7393 62.8324
v  -104.8971 5.4432 62.1285
v  -104.8971 4.0354 62.1285
v  -104.8971 4.7393 61.4246
v  -104.8464 4.7393 62.8324
v  -104.8464 5.4432 62.1285
v  -104.8464 4.0354 62.1285
v  -104.8464 4.7393 61.4246
# 24 vertices

vn -1.0000 0.0000 0.0000
vn 0.0000 1.0000 -0.0000
vn 0.0000 0.0000 1.0000
vn -0.0000 -1.0000 0.0000
vn -0.0000 -0.0000 -1.0000
vn 1.0000 -0.0000 -0.0000
# 6 vertex normals

vt 0.2500 0.0000 1.0000
vt 0.0000 0.0000 1.0000
vt -0.2500 0.0000 1.0000
vt 0.7500 0.0000 1.0000
vt 0.5000 0.0000 1.0000
vt 0.0000 0.2000 1.0000
vt -0.2500 0.2000 1.0000
vt 0.2500 0.2000 1.0000
vt 0.5000 0.2000 1.0000
vt 0.7500 0.2000 1.0000
vt 0.0000 0.4000 1.0000
vt -0.2500 0.4000 1.0000
vt 0.2500 0.4000 1.0000
vt 0.5000 0.4000 1.0000
vt 0.7500 0.4000 1.0000
vt 0.0000 0.6000 1.0000
vt -0.2500 0.6000 1.0000
vt 0.2500 0.6000 1.0000
vt 0.5000 0.6000 1.0000
vt 0.7500 0.6000 1.0000
vt 0.0000 0.8000 1.0000
vt -0.2500 0.8000 1.0000
vt 0.2500 0.8000 1.0000
vt 0.5000 0.8000 1.0000
vt 0.7500 0.8000 1.0000
vt 0.0000 1.0000 1.0000
vt -0.2500 1.0000 1.0000
vt 0.2500 1.0000 1.0000
vt 0.5000 1.0000 1.0000
vt 0.7500 1.0000 1.0000
vt 1.0000 1.0000 -1.0000
# 31 texture coords

g Cylinder200
usemtl 03___Defaulttyi
s 1
f 6039/4537/1700 6040/4538/1700 6041/4539/1700 
f 6041/4540/1700 6042/4541/1700 6039/4537/1700 
s 8
f 6041/4539/1701 6040/4538/1702 6043/4542/1702 6044/4543/1701 
f 6040/4538/1702 6039/4537/1703 6045/4544/1703 6043/4542/1702 
f 6039/4537/1703 6042/4541/1704 6046/4545/1704 6045/4544/1703 
f 6042/4541/1704 6041/4540/1701 6044/4546/1701 6046/4545/1704 
f 6044/4543/1701 6043/4542/1702 6047/4547/1702 6048/4548/1701 
f 6043/4542/1702 6045/4544/1703 6049/4549/1703 6047/4547/1702 
f 6045/4544/1703 6046/4545/1704 6050/4550/1704 6049/4549/1703 
f 6046/4545/1704 6044/4546/1701 6048/4551/1701 6050/4550/1704 
f 6048/4548/1701 6047/4547/1702 6051/4552/1702 6052/4553/1701 
f 6047/4547/1702 6049/4549/1703 6053/4554/1703 6051/4552/1702 
f 6049/4549/1703 6050/4550/1704 6054/4555/1704 6053/4554/1703 
f 6050/4550/1704 6048/4551/1701 6052/4556/1701 6054/4555/1704 
f 6052/4553/1701 6051/4552/1702 6055/4557/1702 6056/4558/1701 
f 6051/4552/1702 6053/4554/1703 6057/4559/1703 6055/4557/1702 
f 6053/4554/1703 6054/4555/1704 6058/4560/1704 6057/4559/1703 
f 6054/4555/1704 6052/4556/1701 6056/4561/1701 6058/4560/1704 
f 6056/4558/1701 6055/4557/1702 6059/4562/1702 6060/4563/1701 
f 6055/4557/1702 6057/4559/1703 6061/4564/1703 6059/4562/1702 
f 6057/4559/1703 6058/4560/1704 6062/4565/1704 6061/4564/1703 
f 6058/4560/1704 6056/4561/1701 6060/4566/1701 6062/4565/1704 
s 1
f 6062/4567/1705 6060/4563/1705 6059/4562/1705 
f 6059/4562/1705 6061/4564/1705 6062/4565/1705 
# 20 polygons - 4 triangles

#
# object Cylinder201
#

v  -102.1580 4.0354 64.7134
v  -102.8619 4.7393 64.7134
v  -102.1580 5.4432 64.7134
v  -101.4541 4.7393 64.7134
v  -102.8619 4.7393 64.7642
v  -102.1580 5.4432 64.7642
v  -102.1580 4.0354 64.7642
v  -101.4541 4.7393 64.7642
v  -102.8619 4.7393 64.8150
v  -102.1580 5.4432 64.8150
v  -102.1580 4.0354 64.8150
v  -101.4541 4.7393 64.8150
v  -102.8619 4.7393 64.8658
v  -102.1580 5.4432 64.8658
v  -102.1580 4.0354 64.8658
v  -101.4541 4.7393 64.8658
v  -102.8619 4.7393 64.9166
v  -102.1580 5.4432 64.9166
v  -102.1580 4.0354 64.9166
v  -101.4541 4.7393 64.9166
v  -102.8619 4.7393 64.9674
v  -102.1580 5.4432 64.9674
v  -102.1580 4.0354 64.9674
v  -101.4541 4.7393 64.9674
# 24 vertices

vn -0.0000 -0.0000 -1.0000
vn 0.0000 1.0000 -0.0000
vn -1.0000 0.0000 0.0000
vn -0.0000 -1.0000 0.0000
vn 1.0000 -0.0000 -0.0000
vn 0.0000 0.0000 1.0000
# 6 vertex normals

vt 0.2500 0.0000 1.0000
vt 0.0000 0.0000 1.0000
vt -0.2500 0.0000 1.0000
vt 0.7500 0.0000 1.0000
vt 0.5000 0.0000 1.0000
vt 0.0000 0.2000 1.0000
vt -0.2500 0.2000 1.0000
vt 0.2500 0.2000 1.0000
vt 0.5000 0.2000 1.0000
vt 0.7500 0.2000 1.0000
vt 0.0000 0.4000 1.0000
vt -0.2500 0.4000 1.0000
vt 0.2500 0.4000 1.0000
vt 0.5000 0.4000 1.0000
vt 0.7500 0.4000 1.0000
vt 0.0000 0.6000 1.0000
vt -0.2500 0.6000 1.0000
vt 0.2500 0.6000 1.0000
vt 0.5000 0.6000 1.0000
vt 0.7500 0.6000 1.0000
vt 0.0000 0.8000 1.0000
vt -0.2500 0.8000 1.0000
vt 0.2500 0.8000 1.0000
vt 0.5000 0.8000 1.0000
vt 0.7500 0.8000 1.0000
vt 0.0000 1.0000 1.0000
vt -0.2500 1.0000 1.0000
vt 0.2500 1.0000 1.0000
vt 0.5000 1.0000 1.0000
vt 0.7500 1.0000 1.0000
vt 1.0000 1.0000 -1.0000
# 31 texture coords

g Cylinder201
usemtl 03___Defaulttyi
s 1
f 6063/4568/1706 6064/4569/1706 6065/4570/1706 
f 6065/4571/1706 6066/4572/1706 6063/4568/1706 
s 8
f 6065/4570/1707 6064/4569/1708 6067/4573/1708 6068/4574/1707 
f 6064/4569/1708 6063/4568/1709 6069/4575/1709 6067/4573/1708 
f 6063/4568/1709 6066/4572/1710 6070/4576/1710 6069/4575/1709 
f 6066/4572/1710 6065/4571/1707 6068/4577/1707 6070/4576/1710 
f 6068/4574/1707 6067/4573/1708 6071/4578/1708 6072/4579/1707 
f 6067/4573/1708 6069/4575/1709 6073/4580/1709 6071/4578/1708 
f 6069/4575/1709 6070/4576/1710 6074/4581/1710 6073/4580/1709 
f 6070/4576/1710 6068/4577/1707 6072/4582/1707 6074/4581/1710 
f 6072/4579/1707 6071/4578/1708 6075/4583/1708 6076/4584/1707 
f 6071/4578/1708 6073/4580/1709 6077/4585/1709 6075/4583/1708 
f 6073/4580/1709 6074/4581/1710 6078/4586/1710 6077/4585/1709 
f 6074/4581/1710 6072/4582/1707 6076/4587/1707 6078/4586/1710 
f 6076/4584/1707 6075/4583/1708 6079/4588/1708 6080/4589/1707 
f 6075/4583/1708 6077/4585/1709 6081/4590/1709 6079/4588/1708 
f 6077/4585/1709 6078/4586/1710 6082/4591/1710 6081/4590/1709 
f 6078/4586/1710 6076/4587/1707 6080/4592/1707 6082/4591/1710 
f 6080/4589/1707 6079/4588/1708 6083/4593/1708 6084/4594/1707 
f 6079/4588/1708 6081/4590/1709 6085/4595/1709 6083/4593/1708 
f 6081/4590/1709 6082/4591/1710 6086/4596/1710 6085/4595/1709 
f 6082/4591/1710 6080/4592/1707 6084/4597/1707 6086/4596/1710 
s 1
f 6086/4598/1711 6084/4594/1711 6083/4593/1711 
f 6083/4593/1711 6085/4595/1711 6086/4596/1711 
# 20 polygons - 4 triangles

#
# object Cylinder202
#

v  -99.6193 4.0354 62.1285
v  -99.6193 4.7393 62.8324
v  -99.6193 5.4432 62.1285
v  -99.6193 4.7393 61.4246
v  -99.5685 4.7393 62.8324
v  -99.5685 5.4432 62.1285
v  -99.5685 4.0354 62.1285
v  -99.5685 4.7393 61.4246
v  -99.5177 4.7393 62.8324
v  -99.5177 5.4432 62.1285
v  -99.5177 4.0354 62.1285
v  -99.5177 4.7393 61.4246
v  -99.4669 4.7393 62.8324
v  -99.4669 5.4432 62.1285
v  -99.4669 4.0354 62.1285
v  -99.4669 4.7393 61.4246
v  -99.4161 4.7393 62.8324
v  -99.4161 5.4432 62.1285
v  -99.4161 4.0354 62.1285
v  -99.4161 4.7393 61.4246
v  -99.3653 4.7393 62.8324
v  -99.3653 5.4432 62.1285
v  -99.3653 4.0354 62.1285
v  -99.3653 4.7393 61.4246
# 24 vertices

vn -1.0000 0.0000 0.0000
vn 0.0000 1.0000 -0.0000
vn 0.0000 0.0000 1.0000
vn -0.0000 -1.0000 0.0000
vn -0.0000 -0.0000 -1.0000
vn 1.0000 -0.0000 -0.0000
# 6 vertex normals

vt 0.2500 0.0000 1.0000
vt 0.0000 0.0000 1.0000
vt -0.2500 0.0000 1.0000
vt 0.7500 0.0000 1.0000
vt 0.5000 0.0000 1.0000
vt 0.0000 0.2000 1.0000
vt -0.2500 0.2000 1.0000
vt 0.2500 0.2000 1.0000
vt 0.5000 0.2000 1.0000
vt 0.7500 0.2000 1.0000
vt 0.0000 0.4000 1.0000
vt -0.2500 0.4000 1.0000
vt 0.2500 0.4000 1.0000
vt 0.5000 0.4000 1.0000
vt 0.7500 0.4000 1.0000
vt 0.0000 0.6000 1.0000
vt -0.2500 0.6000 1.0000
vt 0.2500 0.6000 1.0000
vt 0.5000 0.6000 1.0000
vt 0.7500 0.6000 1.0000
vt 0.0000 0.8000 1.0000
vt -0.2500 0.8000 1.0000
vt 0.2500 0.8000 1.0000
vt 0.5000 0.8000 1.0000
vt 0.7500 0.8000 1.0000
vt 0.0000 1.0000 1.0000
vt -0.2500 1.0000 1.0000
vt 0.2500 1.0000 1.0000
vt 0.5000 1.0000 1.0000
vt 0.7500 1.0000 1.0000
vt 1.0000 1.0000 -1.0000
# 31 texture coords

g Cylinder202
usemtl 03___Defaulttyi
s 1
f 6087/4599/1712 6088/4600/1712 6089/4601/1712 
f 6089/4602/1712 6090/4603/1712 6087/4599/1712 
s 8
f 6089/4601/1713 6088/4600/1714 6091/4604/1714 6092/4605/1713 
f 6088/4600/1714 6087/4599/1715 6093/4606/1715 6091/4604/1714 
f 6087/4599/1715 6090/4603/1716 6094/4607/1716 6093/4606/1715 
f 6090/4603/1716 6089/4602/1713 6092/4608/1713 6094/4607/1716 
f 6092/4605/1713 6091/4604/1714 6095/4609/1714 6096/4610/1713 
f 6091/4604/1714 6093/4606/1715 6097/4611/1715 6095/4609/1714 
f 6093/4606/1715 6094/4607/1716 6098/4612/1716 6097/4611/1715 
f 6094/4607/1716 6092/4608/1713 6096/4613/1713 6098/4612/1716 
f 6096/4610/1713 6095/4609/1714 6099/4614/1714 6100/4615/1713 
f 6095/4609/1714 6097/4611/1715 6101/4616/1715 6099/4614/1714 
f 6097/4611/1715 6098/4612/1716 6102/4617/1716 6101/4616/1715 
f 6098/4612/1716 6096/4613/1713 6100/4618/1713 6102/4617/1716 
f 6100/4615/1713 6099/4614/1714 6103/4619/1714 6104/4620/1713 
f 6099/4614/1714 6101/4616/1715 6105/4621/1715 6103/4619/1714 
f 6101/4616/1715 6102/4617/1716 6106/4622/1716 6105/4621/1715 
f 6102/4617/1716 6100/4618/1713 6104/4623/1713 6106/4622/1716 
f 6104/4620/1713 6103/4619/1714 6107/4624/1714 6108/4625/1713 
f 6103/4619/1714 6105/4621/1715 6109/4626/1715 6107/4624/1714 
f 6105/4621/1715 6106/4622/1716 6110/4627/1716 6109/4626/1715 
f 6106/4622/1716 6104/4623/1713 6108/4628/1713 6110/4627/1716 
s 1
f 6110/4629/1717 6108/4625/1717 6107/4624/1717 
f 6107/4624/1717 6109/4626/1717 6110/4627/1717 
# 20 polygons - 4 triangles

#
# object Box461
#

v  -99.7873 -0.3273 64.5569
v  -104.6133 -0.3273 64.5569
v  -104.6133 -0.3273 59.7309
v  -99.7873 -0.3273 59.7309
v  -99.7873 0.9427 64.5569
v  -99.7873 0.9427 59.7309
v  -104.6133 0.9427 59.7309
v  -104.6133 0.9427 64.5569
# 8 vertices

vn 0.0000 -1.0000 -0.0000
vn 0.0000 1.0000 -0.0000
vn 1.0000 0.0000 -0.0000
vn -0.0000 0.0000 -1.0000
vn -1.0000 0.0000 0.0000
vn 0.0000 0.0000 1.0000
# 6 vertex normals

vt 1.0000 0.0000 0.0000
vt 1.0000 1.0000 0.0000
vt 0.0000 1.0000 0.0000
vt 0.0000 0.0000 0.0000
# 4 texture coords

g Box461
usemtl tfg
s 2
f 6111/4630/1718 6112/4631/1718 6113/4632/1718 6114/4633/1718 
s 4
f 6115/4633/1719 6116/4630/1719 6117/4631/1719 6118/4632/1719 
s 8
f 6111/4633/1720 6114/4630/1720 6116/4631/1720 6115/4632/1720 
s 16
f 6114/4633/1721 6113/4630/1721 6117/4631/1721 6116/4632/1721 
s 32
f 6113/4633/1722 6112/4630/1722 6118/4631/1722 6117/4632/1722 
s 64
f 6112/4633/1723 6111/4630/1723 6115/4631/1723 6118/4632/1723 
# 6 polygons

#
# object Box126
#

v  86.5632 9.7792 -14.2464
v  85.3063 9.7792 -14.2464
v  85.3063 9.7792 -15.5033
v  86.5632 9.7792 -15.5033
v  85.3063 9.7792 -16.7603
v  86.5632 9.7792 -16.7603
v  85.3063 9.7792 -18.0172
v  86.5632 9.7792 -18.0172
v  84.0494 9.7792 -14.2464
v  84.0494 9.7792 -15.5033
v  84.0494 9.7792 -16.7603
v  84.0494 9.7792 -18.0172
v  82.7925 9.7792 -14.2464
v  82.7925 9.7792 -15.5033
v  82.7925 9.7792 -16.7603
v  82.7925 9.7792 -18.0172
v  86.5632 28.0716 -14.2464
v  86.5632 28.0716 -15.5033
v  85.3063 28.0716 -15.5033
v  85.3063 28.0716 -14.2464
v  86.5632 28.0716 -16.7603
v  85.3063 28.0716 -16.7603
v  86.5632 28.0716 -18.0172
v  85.3063 28.0716 -18.0172
v  84.0494 28.0716 -15.5033
v  84.0494 28.0716 -14.2464
v  84.0494 28.0716 -16.7603
v  84.0494 28.0716 -18.0172
v  82.7925 28.0716 -15.5033
v  82.7925 28.0716 -14.2464
v  82.7925 28.0716 -16.7603
v  82.7925 28.0716 -18.0172
v  86.5632 17.1156 -15.5033
v  86.5632 17.1156 -14.2464
v  87.0069 9.7792 -15.5033
v  87.0069 9.7792 -16.7603
v  87.0069 17.1156 -16.7603
v  87.0069 17.1156 -15.5033
v  86.5632 17.1156 -18.0172
v  86.5632 17.1156 -16.7603
v  87.0069 28.0716 -16.7603
v  87.0069 28.0716 -15.5033
v  85.3063 17.1156 -18.0172
v  85.3063 9.7792 -18.4608
v  84.0494 9.7792 -18.4608
v  84.0494 17.1156 -18.4608
v  85.3063 17.1156 -18.4608
v  82.7925 17.1156 -18.0172
v  84.0494 17.1156 -18.0172
v  84.0494 28.0716 -18.4608
v  85.3063 28.0716 -18.4608
v  82.7925 17.1156 -16.7603
v  82.3488 9.7792 -16.7603
v  82.3488 9.7792 -15.5033
v  82.3488 17.1156 -15.5033
v  82.3488 17.1156 -16.7603
v  82.7925 17.1156 -14.2464
v  82.7925 17.1156 -15.5033
v  82.3488 28.0716 -15.5033
v  82.3488 28.0716 -16.7603
v  84.0494 17.1156 -14.2464
v  84.0494 9.7792 -13.8028
v  85.3063 9.7792 -13.8028
v  85.3063 17.1156 -13.8028
v  84.0494 17.1156 -13.8028
v  85.3063 17.1156 -14.2464
v  85.3063 28.0716 -13.8028
v  84.0494 28.0716 -13.8028
# 68 vertices

vn 0.0000 -1.0000 -0.0000
vn 0.0000 1.0000 -0.0000
vn 1.0000 -0.0000 -0.0000
vn 1.0000 0.0000 -0.0000
vn -0.0000 -0.0000 -1.0000
vn -0.0000 0.0000 -1.0000
vn -1.0000 -0.0000 0.0000
vn -1.0000 0.0000 0.0000
vn 0.0000 -0.0000 1.0000
vn 0.0000 0.0000 1.0000
vn -0.0000 -0.0000 1.0000
vn 1.0000 -0.0000 0.0000
# 12 vertex normals

vt 1.0000 0.0000 0.0000
vt 1.0000 0.3333 0.0000
vt 0.6667 0.3333 0.0000
vt 0.6667 0.0000 0.0000
vt 0.3333 0.3333 0.0000
vt 0.3333 0.0000 0.0000
vt -0.0000 0.3333 0.0000
vt -0.0000 0.0000 0.0000
vt 1.0000 0.6667 0.0000
vt 0.6667 0.6667 0.0000
vt 0.3333 0.6667 0.0000
vt -0.0000 0.6667 0.0000
vt 1.0000 1.0000 0.0000
vt 0.6667 1.0000 0.0000
vt 0.3333 1.0000 0.0000
vt -0.0000 1.0000 0.0000
vt 0.0000 0.0000 0.0000
vt 0.0000 0.3333 0.0000
vt 0.0000 0.6667 0.0000
vt 0.0000 1.0000 0.0000
vt 0.3333 0.5000 0.0000
vt 0.0000 0.5000 0.0000
vt 0.6667 0.5000 0.0000
vt 1.0000 0.5000 0.0000
# 24 texture coords

g Box126
usemtl xdgh
s 2
f 6119/4634/1724 6120/4635/1724 6121/4636/1724 6122/4637/1724 
f 6122/4637/1724 6121/4636/1724 6123/4638/1724 6124/4639/1724 
f 6124/4639/1724 6123/4638/1724 6125/4640/1724 6126/4641/1724 
f 6120/4635/1724 6127/4642/1724 6128/4643/1724 6121/4636/1724 
f 6121/4636/1724 6128/4643/1724 6129/4644/1724 6123/4638/1724 
f 6123/4638/1724 6129/4644/1724 6130/4645/1724 6125/4640/1724 
f 6127/4642/1724 6131/4646/1724 6132/4647/1724 6128/4643/1724 
f 6128/4643/1724 6132/4647/1724 6133/4648/1724 6129/4644/1724 
f 6129/4644/1724 6133/4648/1724 6134/4649/1724 6130/4645/1724 
s 4
f 6135/4650/1725 6136/4639/1725 6137/4638/1725 6138/4651/1725 
f 6136/4639/1725 6139/4637/1725 6140/4636/1725 6137/4638/1725 
f 6139/4637/1725 6141/4634/1725 6142/4635/1725 6140/4636/1725 
f 6138/4651/1725 6137/4638/1725 6143/4644/1725 6144/4652/1725 
f 6137/4638/1725 6140/4636/1725 6145/4643/1725 6143/4644/1725 
f 6140/4636/1725 6142/4635/1725 6146/4642/1725 6145/4643/1725 
f 6144/4652/1725 6143/4644/1725 6147/4648/1725 6148/4653/1725 
f 6143/4644/1725 6145/4643/1725 6149/4647/1725 6147/4648/1725 
f 6145/4643/1725 6146/4642/1725 6150/4646/1725 6149/4647/1725 
s 8
f 6119/4650/1726 6122/4639/1726 6151/4654/1726 6152/4655/1726 
f 6153/4639/1726 6154/4637/1726 6155/4656/1726 6156/4654/1726 
f 6124/4637/1726 6126/4634/1726 6157/4657/1726 6158/4656/1726 
f 6152/4655/1726 6151/4654/1726 6136/4648/1726 6135/4653/1726 
f 6156/4654/1726 6155/4656/1726 6159/4647/1727 6160/4648/1727 
f 6158/4656/1726 6157/4657/1726 6141/4646/1726 6139/4647/1726 
s 16
f 6126/4650/1728 6125/4639/1728 6161/4654/1728 6157/4655/1728 
f 6162/4639/1728 6163/4637/1728 6164/4656/1728 6165/4654/1728 
f 6130/4637/1728 6134/4634/1728 6166/4657/1728 6167/4656/1728 
f 6157/4655/1728 6161/4654/1728 6142/4648/1729 6141/4653/1729 
f 6165/4654/1728 6164/4656/1728 6168/4647/1729 6169/4648/1729 
f 6167/4656/1728 6166/4657/1728 6150/4646/1729 6146/4647/1729 
s 32
f 6134/4650/1730 6133/4639/1730 6170/4654/1730 6166/4655/1730 
f 6171/4639/1730 6172/4637/1730 6173/4656/1730 6174/4654/1730 
f 6132/4637/1730 6131/4634/1730 6175/4657/1730 6176/4656/1730 
f 6166/4655/1730 6170/4654/1730 6149/4648/1731 6150/4653/1731 
f 6174/4654/1730 6173/4656/1730 6177/4647/1731 6178/4648/1731 
f 6176/4656/1730 6175/4657/1730 6148/4646/1731 6147/4647/1731 
s 64
f 6131/4650/1732 6127/4639/1732 6179/4654/1732 6175/4655/1732 
f 6180/4639/1732 6181/4637/1732 6182/4656/1732 6183/4654/1732 
f 6120/4637/1732 6119/4634/1732 6152/4657/1732 6184/4656/1732 
f 6175/4655/1732 6179/4654/1732 6144/4648/1732 6148/4653/1732 
f 6183/4654/1732 6182/4656/1732 6185/4647/1733 6186/4648/1733 
f 6184/4656/1732 6152/4657/1732 6135/4646/1732 6138/4647/1732 
s off
f 6122/4637/1724 6124/4639/1724 6154/4637/1724 6153/4639/1724 
usemtl tfg
f 6124/4637/1728 6158/4656/1728 6155/4656/1728 6154/4637/1728 
f 6158/4656/1729 6139/4647/1729 6159/4647/1729 6155/4656/1729 
usemtl xdgh
f 6139/4637/1725 6136/4639/1725 6160/4648/1725 6159/4647/1725 
usemtl tfg
f 6136/4648/1734 6151/4654/1734 6156/4654/1734 6160/4648/1734 
f 6151/4654/1733 6122/4639/1733 6153/4639/1733 6156/4654/1733 
usemtl xdgh
f 6125/4640/1724 6130/4645/1724 6163/4637/1724 6162/4639/1724 
usemtl tfg
f 6130/4637/1730 6167/4656/1730 6164/4656/1730 6163/4637/1730 
f 6167/4656/1731 6146/4647/1731 6168/4647/1731 6164/4656/1731 
usemtl xdgh
f 6146/4642/1725 6142/4635/1725 6169/4648/1725 6168/4647/1725 
usemtl tfg
f 6142/4648/1735 6161/4654/1735 6165/4654/1735 6169/4648/1735 
f 6161/4654/1727 6125/4639/1727 6162/4639/1727 6165/4654/1727 
usemtl xdgh
f 6133/4648/1724 6132/4647/1724 6172/4637/1724 6171/4639/1724 
usemtl tfg
f 6132/4637/1733 6176/4656/1733 6173/4656/1733 6172/4637/1733 
f 6176/4656/1732 6147/4647/1732 6177/4647/1732 6173/4656/1732 
usemtl xdgh
f 6147/4648/1725 6149/4647/1725 6178/4648/1725 6177/4647/1725 
usemtl tfg
f 6149/4648/1729 6170/4654/1729 6174/4654/1729 6178/4648/1729 
f 6170/4654/1728 6133/4639/1728 6171/4639/1728 6174/4654/1728 
usemtl xdgh
f 6127/4642/1724 6120/4635/1724 6181/4637/1724 6180/4639/1724 
usemtl tfg
f 6120/4637/1727 6184/4656/1727 6182/4656/1727 6181/4637/1727 
f 6184/4656/1726 6138/4647/1726 6185/4647/1726 6182/4656/1726 
usemtl xdgh
f 6138/4651/1725 6144/4652/1725 6186/4648/1725 6185/4647/1725 
usemtl tfg
f 6144/4648/1731 6179/4654/1731 6183/4654/1731 6186/4648/1731 
f 6179/4654/1730 6127/4639/1730 6180/4639/1730 6183/4654/1730 
# 66 polygons

#
# object Box127
#

v  86.7098 28.6489 -14.0998
v  82.6459 28.6489 -14.0998
v  82.6459 28.6489 -18.1638
v  86.7098 28.6489 -18.1638
v  86.7098 29.3336 -14.0998
v  86.7098 29.3336 -18.1638
v  82.6459 29.3336 -18.1638
v  82.6459 29.3336 -14.0998
v  87.0909 28.1791 -13.7188
v  82.2648 28.1791 -13.7188
v  82.2648 28.1791 -18.5448
v  87.0909 28.1791 -18.5448
v  87.0909 28.6871 -13.7188
v  87.0909 28.6871 -18.5448
v  82.2648 28.6871 -18.5448
v  82.2648 28.6871 -13.7188
# 16 vertices

vn 0.0000 -1.0000 -0.0000
vn 0.0000 1.0000 -0.0000
vn 1.0000 0.0000 -0.0000
vn -0.0000 0.0000 -1.0000
vn -1.0000 0.0000 0.0000
vn 0.0000 0.0000 1.0000
# 6 vertex normals

vt 1.0000 0.0000 0.0000
vt 1.0000 1.0000 0.0000
vt 0.0000 1.0000 0.0000
vt 0.0000 0.0000 0.0000
# 4 texture coords

g Box127
usemtl tfg
s 2
f 6187/4658/1736 6188/4659/1736 6189/4660/1736 6190/4661/1736 
usemtl xdgh
s 4
f 6191/4661/1737 6192/4658/1737 6193/4659/1737 6194/4660/1737 
usemtl tfg
s 8
f 6187/4661/1738 6190/4658/1738 6192/4659/1738 6191/4660/1738 
s 16
f 6190/4661/1739 6189/4658/1739 6193/4659/1739 6192/4660/1739 
s 32
f 6189/4661/1740 6188/4658/1740 6194/4659/1740 6193/4660/1740 
s 64
f 6188/4661/1741 6187/4658/1741 6191/4659/1741 6194/4660/1741 
s 2
f 6195/4658/1736 6196/4659/1736 6197/4660/1736 6198/4661/1736 
s 4
f 6199/4661/1737 6200/4658/1737 6201/4659/1737 6202/4660/1737 
s 8
f 6195/4661/1738 6198/4658/1738 6200/4659/1738 6199/4660/1738 
s 16
f 6198/4661/1739 6197/4658/1739 6201/4659/1739 6200/4660/1739 
s 32
f 6197/4661/1740 6196/4658/1740 6202/4659/1740 6201/4660/1740 
s 64
f 6196/4661/1741 6195/4658/1741 6199/4659/1741 6202/4660/1741 
# 12 polygons

#
# object Box193
#

v  86.7728 -0.3273 -13.9631
v  85.3335 -0.3273 -13.9631
v  85.3335 -0.3273 -15.4024
v  86.7728 -0.3273 -15.4024
v  85.3335 -0.3273 -16.8417
v  86.7728 -0.3273 -16.8417
v  85.3335 -0.3273 -18.2811
v  86.7728 -0.3273 -18.2811
v  83.8941 -0.3273 -13.9631
v  83.8941 -0.3273 -15.4024
v  83.8941 -0.3273 -16.8417
v  83.8941 -0.3273 -18.2811
v  82.4548 -0.3273 -13.9631
v  82.4548 -0.3273 -15.4024
v  82.4548 -0.3273 -16.8417
v  82.4548 -0.3273 -18.2811
v  86.7728 9.8327 -13.9631
v  86.7728 9.8327 -15.4024
v  85.3335 9.8327 -15.4024
v  85.3335 9.8327 -13.9631
v  86.7728 9.8327 -16.8417
v  85.3335 9.8327 -16.8417
v  86.7728 9.8327 -18.2811
v  85.3335 9.8327 -18.2811
v  83.8941 9.8327 -15.4024
v  83.8941 9.8327 -13.9631
v  83.8941 9.8327 -16.8417
v  83.8941 9.8327 -18.2811
v  82.4548 9.8327 -15.4024
v  82.4548 9.8327 -13.9631
v  82.4548 9.8327 -16.8417
v  82.4548 9.8327 -18.2811
v  86.7728 4.7527 -15.4024
v  86.7728 4.7527 -13.9631
v  87.2808 -0.3273 -15.4024
v  87.2808 -0.3273 -16.8417
v  87.2808 4.7527 -16.8417
v  87.2808 4.7527 -15.4024
v  86.7728 4.7527 -18.2811
v  86.7728 4.7527 -16.8417
v  87.2808 9.8327 -16.8417
v  87.2808 9.8327 -15.4024
v  85.3335 4.7527 -18.2811
v  85.3335 -0.3273 -18.7891
v  83.8941 -0.3273 -18.7891
v  83.8941 4.7527 -18.7891
v  85.3335 4.7527 -18.7891
v  82.4548 4.7527 -18.2811
v  83.8941 4.7527 -18.2811
v  83.8941 9.8327 -18.7891
v  85.3335 9.8327 -18.7891
v  82.4548 4.7527 -16.8417
v  81.9468 -0.3273 -16.8417
v  81.9468 -0.3273 -15.4024
v  81.9468 4.7527 -15.4024
v  81.9468 4.7527 -16.8417
v  82.4548 4.7527 -13.9631
v  82.4548 4.7527 -15.4024
v  81.9468 9.8327 -15.4024
v  81.9468 9.8327 -16.8417
v  83.8941 4.7527 -13.9631
v  83.8941 -0.3273 -13.4551
v  85.3335 -0.3273 -13.4551
v  85.3335 4.7527 -13.4551
v  83.8941 4.7527 -13.4551
v  85.3335 4.7527 -13.9631
v  85.3335 9.8327 -13.4551
v  83.8941 9.8327 -13.4551
# 68 vertices

vn 0.0000 -1.0000 -0.0000
vn 0.0000 1.0000 -0.0000
vn 1.0000 0.0000 -0.0000
vn -0.0000 0.0000 -1.0000
vn -0.0000 -0.0000 -1.0000
vn -1.0000 0.0000 0.0000
vn -1.0000 -0.0000 0.0000
vn 0.0000 0.0000 1.0000
vn 0.0000 -0.0000 1.0000
vn 1.0000 -0.0000 -0.0000
# 10 vertex normals

vt 1.0000 0.0000 0.0000
vt 1.0000 0.3333 0.0000
vt 0.6667 0.3333 0.0000
vt 0.6667 0.0000 0.0000
vt 0.3333 0.3333 0.0000
vt 0.3333 0.0000 0.0000
vt -0.0000 0.3333 0.0000
vt -0.0000 0.0000 0.0000
vt 1.0000 0.6667 0.0000
vt 0.6667 0.6667 0.0000
vt 0.3333 0.6667 0.0000
vt -0.0000 0.6667 0.0000
vt 1.0000 1.0000 0.0000
vt 0.6667 1.0000 0.0000
vt 0.3333 1.0000 0.0000
vt -0.0000 1.0000 0.0000
vt 0.0000 0.0000 0.0000
vt 0.0000 0.3333 0.0000
vt 0.0000 0.6667 0.0000
vt 0.0000 1.0000 0.0000
vt 0.3333 0.5000 0.0000
vt 0.0000 0.5000 0.0000
vt 0.6667 0.5000 0.0000
vt 1.0000 0.5000 0.0000
# 24 texture coords

g Box193
usemtl xdgh
s 2
f 6203/4662/1742 6204/4663/1742 6205/4664/1742 6206/4665/1742 
f 6206/4665/1742 6205/4664/1742 6207/4666/1742 6208/4667/1742 
f 6208/4667/1742 6207/4666/1742 6209/4668/1742 6210/4669/1742 
f 6204/4663/1742 6211/4670/1742 6212/4671/1742 6205/4664/1742 
f 6205/4664/1742 6212/4671/1742 6213/4672/1742 6207/4666/1742 
f 6207/4666/1742 6213/4672/1742 6214/4673/1742 6209/4668/1742 
f 6211/4670/1742 6215/4674/1742 6216/4675/1742 6212/4671/1742 
f 6212/4671/1742 6216/4675/1742 6217/4676/1742 6213/4672/1742 
f 6213/4672/1742 6217/4676/1742 6218/4677/1742 6214/4673/1742 
usemtl tfg
s 4
f 6219/4678/1743 6220/4667/1743 6221/4666/1743 6222/4679/1743 
f 6220/4667/1743 6223/4665/1743 6224/4664/1743 6221/4666/1743 
f 6223/4665/1743 6225/4662/1743 6226/4663/1743 6224/4664/1743 
f 6222/4679/1743 6221/4666/1743 6227/4672/1743 6228/4680/1743 
f 6221/4666/1743 6224/4664/1743 6229/4671/1743 6227/4672/1743 
f 6224/4664/1743 6226/4663/1743 6230/4670/1743 6229/4671/1743 
f 6228/4680/1743 6227/4672/1743 6231/4676/1743 6232/4681/1743 
f 6227/4672/1743 6229/4671/1743 6233/4675/1743 6231/4676/1743 
f 6229/4671/1743 6230/4670/1743 6234/4674/1743 6233/4675/1743 
usemtl xdgh
s 8
f 6203/4678/1744 6206/4667/1744 6235/4682/1744 6236/4683/1744 
f 6237/4667/1744 6238/4665/1744 6239/4684/1744 6240/4682/1744 
f 6208/4665/1744 6210/4662/1744 6241/4685/1744 6242/4684/1744 
usemtl tfg
f 6236/4683/1744 6235/4682/1744 6220/4676/1744 6219/4681/1744 
usemtl xdgh
f 6240/4682/1744 6239/4684/1744 6243/4675/1744 6244/4676/1744 
f 6242/4684/1744 6241/4685/1744 6225/4674/1744 6223/4675/1744 
s 16
f 6210/4678/1745 6209/4667/1745 6245/4682/1745 6241/4683/1745 
f 6246/4667/1746 6247/4665/1746 6248/4684/1745 6249/4682/1745 
f 6214/4665/1745 6218/4662/1745 6250/4685/1745 6251/4684/1745 
f 6241/4683/1745 6245/4682/1745 6226/4676/1745 6225/4681/1745 
f 6249/4682/1745 6248/4684/1745 6252/4675/1745 6253/4676/1745 
usemtl tfg
f 6251/4684/1745 6250/4685/1745 6234/4674/1745 6230/4675/1745 
usemtl xdgh
s 32
f 6218/4678/1747 6217/4667/1747 6254/4682/1747 6250/4683/1747 
f 6255/4667/1748 6256/4665/1748 6257/4684/1747 6258/4682/1747 
f 6216/4665/1747 6215/4662/1747 6259/4685/1747 6260/4684/1747 
usemtl tfg
f 6250/4683/1747 6254/4682/1747 6233/4676/1747 6234/4681/1747 
usemtl xdgh
f 6258/4682/1747 6257/4684/1747 6261/4675/1747 6262/4676/1747 
usemtl tfg
f 6260/4684/1747 6259/4685/1747 6232/4674/1747 6231/4675/1747 
usemtl xdgh
s 64
f 6215/4678/1749 6211/4667/1749 6263/4682/1749 6259/4683/1749 
f 6264/4667/1749 6265/4665/1749 6266/4684/1749 6267/4682/1749 
f 6204/4665/1749 6203/4662/1749 6236/4685/1749 6268/4684/1749 
usemtl tfg
f 6259/4683/1749 6263/4682/1749 6228/4676/1749 6232/4681/1749 
usemtl xdgh
f 6267/4682/1749 6266/4684/1749 6269/4675/1749 6270/4676/1749 
usemtl tfg
f 6268/4684/1749 6236/4685/1749 6219/4674/1749 6222/4675/1749 
usemtl xdgh
s off
f 6206/4665/1742 6208/4667/1742 6238/4665/1742 6237/4667/1742 
usemtl 03___Defaulttyi
f 6208/4665/1745 6242/4684/1745 6239/4684/1745 6238/4665/1745 
f 6242/4684/1745 6223/4675/1745 6243/4675/1745 6239/4684/1745 
usemtl tfg
f 6223/4665/1743 6220/4667/1743 6244/4676/1743 6243/4675/1743 
usemtl 03___Defaulttyi
f 6220/4676/1749 6235/4682/1749 6240/4682/1749 6244/4676/1749 
f 6235/4682/1749 6206/4667/1749 6237/4667/1749 6240/4682/1749 
usemtl xdgh
f 6209/4668/1742 6214/4673/1742 6247/4665/1742 6246/4667/1742 
usemtl tfg
f 6214/4665/1747 6251/4684/1747 6248/4684/1747 6247/4665/1747 
f 6251/4684/1747 6230/4675/1747 6252/4675/1747 6248/4684/1747 
f 6230/4670/1743 6226/4663/1743 6253/4676/1743 6252/4675/1743 
f 6226/4676/1744 6245/4682/1744 6249/4682/1744 6253/4676/1744 
f 6245/4682/1744 6209/4667/1744 6246/4667/1744 6249/4682/1744 
usemtl xdgh
f 6217/4676/1742 6216/4675/1742 6256/4665/1742 6255/4667/1742 
usemtl tfg
f 6216/4665/1749 6260/4684/1749 6257/4684/1749 6256/4665/1749 
f 6260/4684/1750 6231/4675/1750 6261/4675/1750 6257/4684/1750 
f 6231/4676/1743 6233/4675/1743 6262/4676/1743 6261/4675/1743 
f 6233/4676/1745 6254/4682/1745 6258/4682/1745 6262/4676/1745 
f 6254/4682/1746 6217/4667/1746 6255/4667/1746 6258/4682/1746 
usemtl xdgh
f 6211/4670/1742 6204/4663/1742 6265/4665/1742 6264/4667/1742 
usemtl tfg
f 6204/4665/1744 6268/4684/1744 6266/4684/1744 6265/4665/1744 
f 6268/4684/1751 6222/4675/1751 6269/4675/1751 6266/4684/1751 
f 6222/4679/1743 6228/4680/1743 6270/4676/1743 6269/4675/1743 
f 6228/4676/1747 6263/4682/1747 6267/4682/1747 6270/4676/1747 
f 6263/4682/1748 6211/4667/1748 6264/4667/1748 6267/4682/1748 
# 66 polygons

#
# object Cylinder043
#

v  81.7138 4.0354 -16.1375
v  81.7138 4.7393 -15.4336
v  81.7138 5.4432 -16.1375
v  81.7138 4.7393 -16.8414
v  81.7646 4.7393 -15.4336
v  81.7646 5.4432 -16.1375
v  81.7646 4.0354 -16.1375
v  81.7646 4.7393 -16.8414
v  81.8154 4.7393 -15.4336
v  81.8154 5.4432 -16.1375
v  81.8154 4.0354 -16.1375
v  81.8154 4.7393 -16.8414
v  81.8662 4.7393 -15.4336
v  81.8662 5.4432 -16.1375
v  81.8662 4.0354 -16.1375
v  81.8662 4.7393 -16.8414
v  81.9170 4.7393 -15.4336
v  81.9170 5.4432 -16.1375
v  81.9170 4.0354 -16.1375
v  81.9170 4.7393 -16.8414
v  81.9678 4.7393 -15.4336
v  81.9678 5.4432 -16.1375
v  81.9678 4.0354 -16.1375
v  81.9678 4.7393 -16.8414
# 24 vertices

vn -1.0000 0.0000 0.0000
vn 0.0000 1.0000 -0.0000
vn 0.0000 0.0000 1.0000
vn -0.0000 -1.0000 0.0000
vn -0.0000 -0.0000 -1.0000
vn 1.0000 -0.0000 -0.0000
# 6 vertex normals

vt 0.2500 0.0000 1.0000
vt 0.0000 0.0000 1.0000
vt -0.2500 0.0000 1.0000
vt 0.7500 0.0000 1.0000
vt 0.5000 0.0000 1.0000
vt 0.0000 0.2000 1.0000
vt -0.2500 0.2000 1.0000
vt 0.2500 0.2000 1.0000
vt 0.5000 0.2000 1.0000
vt 0.7500 0.2000 1.0000
vt 0.0000 0.4000 1.0000
vt -0.2500 0.4000 1.0000
vt 0.2500 0.4000 1.0000
vt 0.5000 0.4000 1.0000
vt 0.7500 0.4000 1.0000
vt 0.0000 0.6000 1.0000
vt -0.2500 0.6000 1.0000
vt 0.2500 0.6000 1.0000
vt 0.5000 0.6000 1.0000
vt 0.7500 0.6000 1.0000
vt 0.0000 0.8000 1.0000
vt -0.2500 0.8000 1.0000
vt 0.2500 0.8000 1.0000
vt 0.5000 0.8000 1.0000
vt 0.7500 0.8000 1.0000
vt 0.0000 1.0000 1.0000
vt -0.2500 1.0000 1.0000
vt 0.2500 1.0000 1.0000
vt 0.5000 1.0000 1.0000
vt 0.7500 1.0000 1.0000
vt 1.0000 1.0000 -1.0000
# 31 texture coords

g Cylinder043
usemtl 03___Defaulttyi
s 1
f 6271/4686/1752 6272/4687/1752 6273/4688/1752 
f 6273/4689/1752 6274/4690/1752 6271/4686/1752 
s 8
f 6273/4688/1753 6272/4687/1754 6275/4691/1754 6276/4692/1753 
f 6272/4687/1754 6271/4686/1755 6277/4693/1755 6275/4691/1754 
f 6271/4686/1755 6274/4690/1756 6278/4694/1756 6277/4693/1755 
f 6274/4690/1756 6273/4689/1753 6276/4695/1753 6278/4694/1756 
f 6276/4692/1753 6275/4691/1754 6279/4696/1754 6280/4697/1753 
f 6275/4691/1754 6277/4693/1755 6281/4698/1755 6279/4696/1754 
f 6277/4693/1755 6278/4694/1756 6282/4699/1756 6281/4698/1755 
f 6278/4694/1756 6276/4695/1753 6280/4700/1753 6282/4699/1756 
f 6280/4697/1753 6279/4696/1754 6283/4701/1754 6284/4702/1753 
f 6279/4696/1754 6281/4698/1755 6285/4703/1755 6283/4701/1754 
f 6281/4698/1755 6282/4699/1756 6286/4704/1756 6285/4703/1755 
f 6282/4699/1756 6280/4700/1753 6284/4705/1753 6286/4704/1756 
f 6284/4702/1753 6283/4701/1754 6287/4706/1754 6288/4707/1753 
f 6283/4701/1754 6285/4703/1755 6289/4708/1755 6287/4706/1754 
f 6285/4703/1755 6286/4704/1756 6290/4709/1756 6289/4708/1755 
f 6286/4704/1756 6284/4705/1753 6288/4710/1753 6290/4709/1756 
f 6288/4707/1753 6287/4706/1754 6291/4711/1754 6292/4712/1753 
f 6287/4706/1754 6289/4708/1755 6293/4713/1755 6291/4711/1754 
f 6289/4708/1755 6290/4709/1756 6294/4714/1756 6293/4713/1755 
f 6290/4709/1756 6288/4710/1753 6292/4715/1753 6294/4714/1756 
s 1
f 6294/4716/1757 6292/4712/1757 6291/4711/1757 
f 6291/4711/1757 6293/4713/1757 6294/4714/1757 
# 20 polygons - 4 triangles

#
# object Cylinder042
#

v  84.6561 4.0354 -19.0112
v  83.9522 4.7393 -19.0112
v  84.6561 5.4432 -19.0112
v  85.3600 4.7393 -19.0112
v  83.9522 4.7393 -18.9604
v  84.6561 5.4432 -18.9604
v  84.6561 4.0354 -18.9604
v  85.3600 4.7393 -18.9604
v  83.9522 4.7393 -18.9096
v  84.6561 5.4432 -18.9096
v  84.6561 4.0354 -18.9096
v  85.3600 4.7393 -18.9096
v  83.9522 4.7393 -18.8588
v  84.6561 5.4432 -18.8588
v  84.6561 4.0354 -18.8588
v  85.3600 4.7393 -18.8588
v  83.9522 4.7393 -18.8080
v  84.6561 5.4432 -18.8080
v  84.6561 4.0354 -18.8080
v  85.3600 4.7393 -18.8080
v  83.9522 4.7393 -18.7572
v  84.6561 5.4432 -18.7572
v  84.6561 4.0354 -18.7572
v  85.3600 4.7393 -18.7572
# 24 vertices

vn -0.0000 -0.0000 -1.0000
vn 0.0000 1.0000 -0.0000
vn -1.0000 0.0000 0.0000
vn -0.0000 -1.0000 0.0000
vn 1.0000 -0.0000 -0.0000
vn 0.0000 0.0000 1.0000
# 6 vertex normals

vt 0.2500 0.0000 1.0000
vt 0.0000 0.0000 1.0000
vt -0.2500 0.0000 1.0000
vt 0.7500 0.0000 1.0000
vt 0.5000 0.0000 1.0000
vt 0.0000 0.2000 1.0000
vt -0.2500 0.2000 1.0000
vt 0.2500 0.2000 1.0000
vt 0.5000 0.2000 1.0000
vt 0.7500 0.2000 1.0000
vt 0.0000 0.4000 1.0000
vt -0.2500 0.4000 1.0000
vt 0.2500 0.4000 1.0000
vt 0.5000 0.4000 1.0000
vt 0.7500 0.4000 1.0000
vt 0.0000 0.6000 1.0000
vt -0.2500 0.6000 1.0000
vt 0.2500 0.6000 1.0000
vt 0.5000 0.6000 1.0000
vt 0.7500 0.6000 1.0000
vt 0.0000 0.8000 1.0000
vt -0.2500 0.8000 1.0000
vt 0.2500 0.8000 1.0000
vt 0.5000 0.8000 1.0000
vt 0.7500 0.8000 1.0000
vt 0.0000 1.0000 1.0000
vt -0.2500 1.0000 1.0000
vt 0.2500 1.0000 1.0000
vt 0.5000 1.0000 1.0000
vt 0.7500 1.0000 1.0000
vt 1.0000 1.0000 -1.0000
# 31 texture coords

g Cylinder042
usemtl 03___Defaulttyi
s 1
f 6295/4717/1758 6296/4718/1758 6297/4719/1758 
f 6297/4720/1758 6298/4721/1758 6295/4717/1758 
s 8
f 6297/4719/1759 6296/4718/1760 6299/4722/1760 6300/4723/1759 
f 6296/4718/1760 6295/4717/1761 6301/4724/1761 6299/4722/1760 
f 6295/4717/1761 6298/4721/1762 6302/4725/1762 6301/4724/1761 
f 6298/4721/1762 6297/4720/1759 6300/4726/1759 6302/4725/1762 
f 6300/4723/1759 6299/4722/1760 6303/4727/1760 6304/4728/1759 
f 6299/4722/1760 6301/4724/1761 6305/4729/1761 6303/4727/1760 
f 6301/4724/1761 6302/4725/1762 6306/4730/1762 6305/4729/1761 
f 6302/4725/1762 6300/4726/1759 6304/4731/1759 6306/4730/1762 
f 6304/4728/1759 6303/4727/1760 6307/4732/1760 6308/4733/1759 
f 6303/4727/1760 6305/4729/1761 6309/4734/1761 6307/4732/1760 
f 6305/4729/1761 6306/4730/1762 6310/4735/1762 6309/4734/1761 
f 6306/4730/1762 6304/4731/1759 6308/4736/1759 6310/4735/1762 
f 6308/4733/1759 6307/4732/1760 6311/4737/1760 6312/4738/1759 
f 6307/4732/1760 6309/4734/1761 6313/4739/1761 6311/4737/1760 
f 6309/4734/1761 6310/4735/1762 6314/4740/1762 6313/4739/1761 
f 6310/4735/1762 6308/4736/1759 6312/4741/1759 6314/4740/1762 
f 6312/4738/1759 6311/4737/1760 6315/4742/1760 6316/4743/1759 
f 6311/4737/1760 6313/4739/1761 6317/4744/1761 6315/4742/1760 
f 6313/4739/1761 6314/4740/1762 6318/4745/1762 6317/4744/1761 
f 6314/4740/1762 6312/4741/1759 6316/4746/1759 6318/4745/1762 
s 1
f 6318/4747/1763 6316/4743/1763 6315/4742/1763 
f 6315/4742/1763 6317/4744/1763 6318/4745/1763 
# 20 polygons - 4 triangles

#
# object Box194
#

v  87.1538 4.5718 -13.5821
v  82.0738 4.5718 -13.5821
v  82.0738 4.5718 -18.6621
v  87.1538 4.5718 -18.6621
v  87.1538 4.8258 -13.5821
v  87.1538 4.8258 -18.6621
v  82.0738 4.8258 -18.6621
v  82.0738 4.8258 -13.5821
# 8 vertices

vn 0.0000 -1.0000 -0.0000
vn 0.0000 1.0000 -0.0000
vn 1.0000 0.0000 -0.0000
vn -0.0000 0.0000 -1.0000
vn -1.0000 0.0000 0.0000
vn 0.0000 0.0000 1.0000
# 6 vertex normals

vt 1.0000 0.0000 0.0000
vt 1.0000 1.0000 0.0000
vt 0.0000 1.0000 0.0000
vt 0.0000 0.0000 0.0000
# 4 texture coords

g Box194
usemtl cvj
s 2
f 6319/4748/1764 6320/4749/1764 6321/4750/1764 6322/4751/1764 
s 4
f 6323/4751/1765 6324/4748/1765 6325/4749/1765 6326/4750/1765 
s 8
f 6319/4751/1766 6322/4748/1766 6324/4749/1766 6323/4750/1766 
s 16
f 6322/4751/1767 6321/4748/1767 6325/4749/1767 6324/4750/1767 
s 32
f 6321/4751/1768 6320/4748/1768 6326/4749/1768 6325/4750/1768 
s 64
f 6320/4751/1769 6319/4748/1769 6323/4749/1769 6326/4750/1769 
# 6 polygons

#
# object Box195
#

v  87.0268 -0.3273 -13.7091
v  82.2008 -0.3273 -13.7091
v  82.2008 -0.3273 -18.5351
v  87.0268 -0.3273 -18.5351
v  87.0268 0.9427 -13.7091
v  87.0268 0.9427 -18.5351
v  82.2008 0.9427 -18.5351
v  82.2008 0.9427 -13.7091
# 8 vertices

vn 0.0000 -1.0000 -0.0000
vn 0.0000 1.0000 -0.0000
vn 1.0000 0.0000 -0.0000
vn -0.0000 0.0000 -1.0000
vn -1.0000 0.0000 0.0000
vn 0.0000 0.0000 1.0000
# 6 vertex normals

vt 1.0000 0.0000 0.0000
vt 1.0000 1.0000 0.0000
vt 0.0000 1.0000 0.0000
vt 0.0000 0.0000 0.0000
# 4 texture coords

g Box195
usemtl tfg
s 2
f 6327/4752/1770 6328/4753/1770 6329/4754/1770 6330/4755/1770 
s 4
f 6331/4755/1771 6332/4752/1771 6333/4753/1771 6334/4754/1771 
s 8
f 6327/4755/1772 6330/4752/1772 6332/4753/1772 6331/4754/1772 
s 16
f 6330/4755/1773 6329/4752/1773 6333/4753/1773 6332/4754/1773 
s 32
f 6329/4755/1774 6328/4752/1774 6334/4753/1774 6333/4754/1774 
s 64
f 6328/4755/1775 6327/4752/1775 6331/4753/1775 6334/4754/1775 
# 6 polygons

#
# object Cylinder041
#

v  84.6561 4.0354 -13.5525
v  83.9522 4.7393 -13.5525
v  84.6561 5.4432 -13.5525
v  85.3600 4.7393 -13.5525
v  83.9522 4.7393 -13.5017
v  84.6561 5.4432 -13.5017
v  84.6561 4.0354 -13.5017
v  85.3600 4.7393 -13.5017
v  83.9522 4.7393 -13.4509
v  84.6561 5.4432 -13.4509
v  84.6561 4.0354 -13.4509
v  85.3600 4.7393 -13.4509
v  83.9522 4.7393 -13.4001
v  84.6561 5.4432 -13.4001
v  84.6561 4.0354 -13.4001
v  85.3600 4.7393 -13.4001
v  83.9522 4.7393 -13.3493
v  84.6561 5.4432 -13.3493
v  84.6561 4.0354 -13.3493
v  85.3600 4.7393 -13.3493
v  83.9522 4.7393 -13.2985
v  84.6561 5.4432 -13.2985
v  84.6561 4.0354 -13.2985
v  85.3600 4.7393 -13.2985
# 24 vertices

vn -0.0000 -0.0000 -1.0000
vn 0.0000 1.0000 -0.0000
vn -1.0000 0.0000 0.0000
vn -0.0000 -1.0000 0.0000
vn 1.0000 -0.0000 -0.0000
vn 0.0000 0.0000 1.0000
# 6 vertex normals

vt 0.2500 0.0000 1.0000
vt 0.0000 0.0000 1.0000
vt -0.2500 0.0000 1.0000
vt 0.7500 0.0000 1.0000
vt 0.5000 0.0000 1.0000
vt 0.0000 0.2000 1.0000
vt -0.2500 0.2000 1.0000
vt 0.2500 0.2000 1.0000
vt 0.5000 0.2000 1.0000
vt 0.7500 0.2000 1.0000
vt 0.0000 0.4000 1.0000
vt -0.2500 0.4000 1.0000
vt 0.2500 0.4000 1.0000
vt 0.5000 0.4000 1.0000
vt 0.7500 0.4000 1.0000
vt 0.0000 0.6000 1.0000
vt -0.2500 0.6000 1.0000
vt 0.2500 0.6000 1.0000
vt 0.5000 0.6000 1.0000
vt 0.7500 0.6000 1.0000
vt 0.0000 0.8000 1.0000
vt -0.2500 0.8000 1.0000
vt 0.2500 0.8000 1.0000
vt 0.5000 0.8000 1.0000
vt 0.7500 0.8000 1.0000
vt 0.0000 1.0000 1.0000
vt -0.2500 1.0000 1.0000
vt 0.2500 1.0000 1.0000
vt 0.5000 1.0000 1.0000
vt 0.7500 1.0000 1.0000
vt 1.0000 1.0000 -1.0000
# 31 texture coords

g Cylinder041
usemtl 03___Defaulttyi
s 1
f 6335/4756/1776 6336/4757/1776 6337/4758/1776 
f 6337/4759/1776 6338/4760/1776 6335/4756/1776 
s 8
f 6337/4758/1777 6336/4757/1778 6339/4761/1778 6340/4762/1777 
f 6336/4757/1778 6335/4756/1779 6341/4763/1779 6339/4761/1778 
f 6335/4756/1779 6338/4760/1780 6342/4764/1780 6341/4763/1779 
f 6338/4760/1780 6337/4759/1777 6340/4765/1777 6342/4764/1780 
f 6340/4762/1777 6339/4761/1778 6343/4766/1778 6344/4767/1777 
f 6339/4761/1778 6341/4763/1779 6345/4768/1779 6343/4766/1778 
f 6341/4763/1779 6342/4764/1780 6346/4769/1780 6345/4768/1779 
f 6342/4764/1780 6340/4765/1777 6344/4770/1777 6346/4769/1780 
f 6344/4767/1777 6343/4766/1778 6347/4771/1778 6348/4772/1777 
f 6343/4766/1778 6345/4768/1779 6349/4773/1779 6347/4771/1778 
f 6345/4768/1779 6346/4769/1780 6350/4774/1780 6349/4773/1779 
f 6346/4769/1780 6344/4770/1777 6348/4775/1777 6350/4774/1780 
f 6348/4772/1777 6347/4771/1778 6351/4776/1778 6352/4777/1777 
f 6347/4771/1778 6349/4773/1779 6353/4778/1779 6351/4776/1778 
f 6349/4773/1779 6350/4774/1780 6354/4779/1780 6353/4778/1779 
f 6350/4774/1780 6348/4775/1777 6352/4780/1777 6354/4779/1780 
f 6352/4777/1777 6351/4776/1778 6355/4781/1778 6356/4782/1777 
f 6351/4776/1778 6353/4778/1779 6357/4783/1779 6355/4781/1778 
f 6353/4778/1779 6354/4779/1780 6358/4784/1780 6357/4783/1779 
f 6354/4779/1780 6352/4780/1777 6356/4785/1777 6358/4784/1780 
s 1
f 6358/4786/1781 6356/4782/1781 6355/4781/1781 
f 6355/4781/1781 6357/4783/1781 6358/4784/1781 
# 20 polygons - 4 triangles

#
# object Cylinder044
#

v  87.1948 4.0354 -16.1375
v  87.1948 4.7393 -15.4336
v  87.1948 5.4432 -16.1375
v  87.1948 4.7393 -16.8414
v  87.2456 4.7393 -15.4336
v  87.2456 5.4432 -16.1375
v  87.2456 4.0354 -16.1375
v  87.2456 4.7393 -16.8414
v  87.2964 4.7393 -15.4336
v  87.2964 5.4432 -16.1375
v  87.2964 4.0354 -16.1375
v  87.2964 4.7393 -16.8414
v  87.3472 4.7393 -15.4336
v  87.3472 5.4432 -16.1375
v  87.3472 4.0354 -16.1375
v  87.3472 4.7393 -16.8414
v  87.3980 4.7393 -15.4336
v  87.3980 5.4432 -16.1375
v  87.3980 4.0354 -16.1375
v  87.3980 4.7393 -16.8414
v  87.4488 4.7393 -15.4336
v  87.4488 5.4432 -16.1375
v  87.4488 4.0354 -16.1375
v  87.4488 4.7393 -16.8414
# 24 vertices

vn -1.0000 0.0000 0.0000
vn 0.0000 1.0000 -0.0000
vn 0.0000 0.0000 1.0000
vn -0.0000 -1.0000 0.0000
vn -0.0000 -0.0000 -1.0000
vn 1.0000 -0.0000 -0.0000
# 6 vertex normals

vt 0.2500 0.0000 1.0000
vt 0.0000 0.0000 1.0000
vt -0.2500 0.0000 1.0000
vt 0.7500 0.0000 1.0000
vt 0.5000 0.0000 1.0000
vt 0.0000 0.2000 1.0000
vt -0.2500 0.2000 1.0000
vt 0.2500 0.2000 1.0000
vt 0.5000 0.2000 1.0000
vt 0.7500 0.2000 1.0000
vt 0.0000 0.4000 1.0000
vt -0.2500 0.4000 1.0000
vt 0.2500 0.4000 1.0000
vt 0.5000 0.4000 1.0000
vt 0.7500 0.4000 1.0000
vt 0.0000 0.6000 1.0000
vt -0.2500 0.6000 1.0000
vt 0.2500 0.6000 1.0000
vt 0.5000 0.6000 1.0000
vt 0.7500 0.6000 1.0000
vt 0.0000 0.8000 1.0000
vt -0.2500 0.8000 1.0000
vt 0.2500 0.8000 1.0000
vt 0.5000 0.8000 1.0000
vt 0.7500 0.8000 1.0000
vt 0.0000 1.0000 1.0000
vt -0.2500 1.0000 1.0000
vt 0.2500 1.0000 1.0000
vt 0.5000 1.0000 1.0000
vt 0.7500 1.0000 1.0000
vt 1.0000 1.0000 -1.0000
# 31 texture coords

g Cylinder044
usemtl 03___Defaulttyi
s 1
f 6359/4787/1782 6360/4788/1782 6361/4789/1782 
f 6361/4790/1782 6362/4791/1782 6359/4787/1782 
s 8
f 6361/4789/1783 6360/4788/1784 6363/4792/1784 6364/4793/1783 
f 6360/4788/1784 6359/4787/1785 6365/4794/1785 6363/4792/1784 
f 6359/4787/1785 6362/4791/1786 6366/4795/1786 6365/4794/1785 
f 6362/4791/1786 6361/4790/1783 6364/4796/1783 6366/4795/1786 
f 6364/4793/1783 6363/4792/1784 6367/4797/1784 6368/4798/1783 
f 6363/4792/1784 6365/4794/1785 6369/4799/1785 6367/4797/1784 
f 6365/4794/1785 6366/4795/1786 6370/4800/1786 6369/4799/1785 
f 6366/4795/1786 6364/4796/1783 6368/4801/1783 6370/4800/1786 
f 6368/4798/1783 6367/4797/1784 6371/4802/1784 6372/4803/1783 
f 6367/4797/1784 6369/4799/1785 6373/4804/1785 6371/4802/1784 
f 6369/4799/1785 6370/4800/1786 6374/4805/1786 6373/4804/1785 
f 6370/4800/1786 6368/4801/1783 6372/4806/1783 6374/4805/1786 
f 6372/4803/1783 6371/4802/1784 6375/4807/1784 6376/4808/1783 
f 6371/4802/1784 6373/4804/1785 6377/4809/1785 6375/4807/1784 
f 6373/4804/1785 6374/4805/1786 6378/4810/1786 6377/4809/1785 
f 6374/4805/1786 6372/4806/1783 6376/4811/1783 6378/4810/1786 
f 6376/4808/1783 6375/4807/1784 6379/4812/1784 6380/4813/1783 
f 6375/4807/1784 6377/4809/1785 6381/4814/1785 6379/4812/1784 
f 6377/4809/1785 6378/4810/1786 6382/4815/1786 6381/4814/1785 
f 6378/4810/1786 6376/4811/1783 6380/4816/1783 6382/4815/1786 
s 1
f 6382/4817/1787 6380/4813/1787 6379/4812/1787 
f 6379/4812/1787 6381/4814/1787 6382/4815/1787 
# 20 polygons - 4 triangles

#
# object Box133
#

v  87.3156 15.0982 0.9835
v  84.7756 15.0982 0.9835
v  84.7756 15.0982 -14.2565
v  87.3156 15.0982 -14.2565
v  87.3156 18.9082 0.9835
v  87.3156 18.9082 -14.2565
v  84.7756 18.9082 -14.2565
v  84.7756 18.9082 0.9835
# 8 vertices

vn 0.0000 -1.0000 -0.0000
vn 0.0000 1.0000 -0.0000
vn 1.0000 0.0000 -0.0000
vn -0.0000 0.0000 -1.0000
vn -1.0000 0.0000 0.0000
vn 0.0000 0.0000 1.0000
# 6 vertex normals

vt 1.0000 0.0000 0.0000
vt 1.0000 1.0000 0.0000
vt 0.0000 1.0000 0.0000
vt 0.0000 0.0000 0.0000
# 4 texture coords

g Box133
usemtl xdgh
s 2
f 6383/4818/1788 6384/4819/1788 6385/4820/1788 6386/4821/1788 
s 4
f 6387/4821/1789 6388/4818/1789 6389/4819/1789 6390/4820/1789 
s 8
f 6383/4821/1790 6386/4818/1790 6388/4819/1790 6387/4820/1790 
s 16
f 6386/4821/1791 6385/4818/1791 6389/4819/1791 6388/4820/1791 
s 32
f 6385/4821/1792 6384/4818/1792 6390/4819/1792 6389/4820/1792 
s 64
f 6384/4821/1793 6383/4818/1793 6387/4819/1793 6390/4820/1793 
# 6 polygons

#
# object Box140
#

v  86.4689 0.2258 -24.9522
v  87.3156 0.2258 -24.9522
v  87.3156 0.2258 -28.7622
v  86.4689 0.2258 -28.7622
v  85.6223 0.2258 -24.9522
v  85.6223 0.2258 -28.7622
v  84.7756 0.2258 -24.9522
v  84.7756 0.2258 -28.7622
v  86.4689 17.6750 -7.4891
v  86.4689 17.6750 -11.2991
v  87.3156 17.6750 -11.2991
v  87.3156 17.6750 -7.4891
v  85.6222 17.6750 -7.4891
v  85.6222 17.6750 -11.2991
v  84.7756 17.6750 -7.4891
v  84.7756 17.6750 -11.2991
v  85.6222 17.4953 -7.3096
v  86.4689 17.4953 -7.3096
v  86.4689 0.0461 -24.7727
v  85.6223 0.0461 -24.7727
v  86.4689 17.8547 -11.4786
v  85.6222 17.8547 -11.4786
v  85.6223 0.4055 -28.9417
v  86.4689 0.4055 -28.9417
# 24 vertices

vn 0.0000 -1.0000 -0.0000
vn -0.0000 1.0000 0.0000
vn 1.0000 0.0000 -0.0000
vn 0.0000 -0.7074 0.7068
vn -1.0000 -0.0000 0.0000
vn -0.0000 0.7074 -0.7068
vn 0.0000 -0.7067 -0.7075
vn -0.0000 0.7067 0.7075
# 8 vertex normals

vt 0.0000 0.3333 0.0000
vt 0.0000 0.0000 0.0000
vt 1.0000 0.0000 0.0000
vt 1.0000 0.3333 0.0000
vt 0.0000 0.6667 0.0000
vt 1.0000 0.6667 0.0000
vt 0.0000 1.0000 0.0000
vt 1.0000 1.0000 0.0000
vt 0.3333 1.0000 0.0000
vt 0.3333 0.0000 0.0000
vt 0.6667 1.0000 0.0000
vt 0.6667 0.0000 0.0000
# 12 texture coords

g Box140
usemtl xdgh
s 2
f 6394/4825/1794 6393/4824/1794 6392/4823/1794 6391/4822/1794 
f 6396/4827/1794 6394/4825/1794 6391/4822/1794 6395/4826/1794 
f 6398/4829/1794 6396/4827/1794 6395/4826/1794 6397/4828/1794 
s 4
f 6402/4824/1795 6401/4823/1795 6400/4822/1795 6399/4825/1795 
f 6399/4825/1795 6400/4822/1795 6404/4826/1795 6403/4827/1795 
f 6403/4827/1795 6404/4826/1795 6406/4828/1795 6405/4829/1795 
s 8
f 6392/4824/1796 6393/4823/1796 6401/4828/1796 6402/4829/1796 
usemtl cvj
s 16
f 6391/4831/1797 6392/4823/1797 6402/4828/1797 6399/4830/1797 
usemtl xdgh
f 6410/4833/1797 6409/4831/1797 6408/4830/1797 6407/4832/1797 
usemtl cvj
f 6397/4824/1797 6395/4833/1797 6403/4832/1797 6405/4829/1797 
usemtl xdgh
s 32
f 6398/4824/1798 6397/4823/1798 6405/4828/1798 6406/4829/1798 
s 64
f 6396/4831/1799 6398/4823/1799 6406/4828/1799 6404/4830/1799 
usemtl cvj
f 6414/4833/1799 6413/4831/1799 6412/4830/1799 6411/4832/1799 
usemtl xdgh
f 6393/4824/1799 6394/4833/1799 6400/4832/1799 6401/4829/1799 
s off
f 6409/4831/1800 6410/4833/1800 6395/4826/1800 6391/4822/1800 
usemtl tfg
f 6410/4833/1798 6407/4832/1798 6403/4832/1798 6395/4833/1798 
usemtl xdgh
f 6407/4832/1801 6408/4830/1801 6399/4825/1801 6403/4827/1801 
f 6408/4830/1796 6409/4831/1796 6391/4831/1796 6399/4830/1796 
f 6413/4831/1800 6414/4833/1800 6394/4825/1800 6396/4827/1800 
f 6414/4833/1796 6411/4832/1796 6400/4832/1796 6394/4833/1796 
f 6411/4832/1801 6412/4830/1801 6404/4826/1801 6400/4822/1801 
usemtl tfg
f 6412/4830/1798 6413/4831/1798 6396/4831/1798 6404/4830/1798 
# 22 polygons

#
# object Box368
#

v  86.7098 28.6128 4.9665
v  82.6459 28.6128 4.9665
v  82.6459 28.6128 0.9025
v  86.7098 28.6128 0.9025
v  86.7098 29.4121 4.9665
v  86.7098 29.4121 0.9025
v  82.6459 29.4121 0.9025
v  82.6459 29.4121 4.9665
v  87.0909 28.1429 5.3475
v  82.2648 28.1429 5.3475
v  82.2648 28.1429 0.5215
v  87.0909 28.1429 0.5215
v  87.0909 28.6509 5.3475
v  87.0909 28.6509 0.5215
v  82.2648 28.6509 0.5215
v  82.2648 28.6509 5.3475
# 16 vertices

vn 0.0000 -1.0000 -0.0000
vn 0.0000 1.0000 -0.0000
vn 1.0000 0.0000 -0.0000
vn -0.0000 0.0000 -1.0000
vn -1.0000 0.0000 0.0000
vn 0.0000 0.0000 1.0000
# 6 vertex normals

vt 1.0000 0.0000 0.0000
vt 1.0000 1.0000 0.0000
vt 0.0000 1.0000 0.0000
vt 0.0000 0.0000 0.0000
# 4 texture coords

g Box368
usemtl tfg
s 2
f 6415/4834/1802 6416/4835/1802 6417/4836/1802 6418/4837/1802 
usemtl xdgh
s 4
f 6419/4837/1803 6420/4834/1803 6421/4835/1803 6422/4836/1803 
usemtl tfg
s 8
f 6415/4837/1804 6418/4834/1804 6420/4835/1804 6419/4836/1804 
s 16
f 6418/4837/1805 6417/4834/1805 6421/4835/1805 6420/4836/1805 
s 32
f 6417/4837/1806 6416/4834/1806 6422/4835/1806 6421/4836/1806 
s 64
f 6416/4837/1807 6415/4834/1807 6419/4835/1807 6422/4836/1807 
s 2
f 6423/4834/1802 6424/4835/1802 6425/4836/1802 6426/4837/1802 
s 4
f 6427/4837/1803 6428/4834/1803 6429/4835/1803 6430/4836/1803 
s 8
f 6423/4837/1804 6426/4834/1804 6428/4835/1804 6427/4836/1804 
s 16
f 6426/4837/1805 6425/4834/1805 6429/4835/1805 6428/4836/1805 
s 32
f 6425/4837/1806 6424/4834/1806 6430/4835/1806 6429/4836/1806 
s 64
f 6424/4837/1807 6423/4834/1807 6427/4835/1807 6430/4836/1807 
# 12 polygons

#
# object Box254
#

v  86.5632 9.7792 4.7950
v  85.3063 9.7792 4.7950
v  85.3063 9.7792 3.5380
v  86.5632 9.7792 3.5380
v  85.3063 9.7792 2.2811
v  86.5632 9.7792 2.2811
v  85.3063 9.7792 1.0242
v  86.5632 9.7792 1.0242
v  84.0494 9.7792 4.7950
v  84.0494 9.7792 3.5380
v  84.0494 9.7792 2.2811
v  84.0494 9.7792 1.0242
v  82.7925 9.7792 4.7950
v  82.7925 9.7792 3.5380
v  82.7925 9.7792 2.2811
v  82.7925 9.7792 1.0242
v  86.5632 28.1890 4.7950
v  86.5632 28.1890 3.5380
v  85.3063 28.1890 3.5380
v  85.3063 28.1890 4.7950
v  86.5632 28.1890 2.2811
v  85.3063 28.1890 2.2811
v  86.5632 28.1890 1.0242
v  85.3063 28.1890 1.0242
v  84.0494 28.1890 3.5380
v  84.0494 28.1890 4.7950
v  84.0494 28.1890 2.2811
v  84.0494 28.1890 1.0242
v  82.7925 28.1890 3.5380
v  82.7925 28.1890 4.7950
v  82.7925 28.1890 2.2811
v  82.7925 28.1890 1.0242
v  86.5632 17.1156 3.5380
v  86.5632 17.1156 4.7950
v  87.0069 9.7792 3.5380
v  87.0069 9.7792 2.2811
v  87.0069 17.1156 2.2811
v  87.0069 17.1156 3.5380
v  86.5632 17.1156 1.0242
v  86.5632 17.1156 2.2811
v  87.0069 28.1890 2.2811
v  87.0069 28.1890 3.5380
v  85.3063 17.1156 1.0242
v  85.3063 9.7792 0.5806
v  84.0494 9.7792 0.5806
v  84.0494 17.1156 0.5806
v  85.3063 17.1156 0.5806
v  82.7925 17.1156 1.0242
v  84.0494 17.1156 1.0242
v  84.0494 28.1890 0.5806
v  85.3063 28.1890 0.5806
v  82.7925 17.1156 2.2811
v  82.3488 9.7792 2.2811
v  82.3488 9.7792 3.5380
v  82.3488 17.1156 3.5380
v  82.3488 17.1156 2.2811
v  82.7925 17.1156 4.7950
v  82.7925 17.1156 3.5380
v  82.3488 28.1890 3.5380
v  82.3488 28.1890 2.2811
v  84.0494 17.1156 4.7950
v  84.0494 9.7792 5.2386
v  85.3063 9.7792 5.2386
v  85.3063 17.1156 5.2386
v  84.0494 17.1156 5.2386
v  85.3063 17.1156 4.7950
v  85.3063 28.1890 5.2386
v  84.0494 28.1890 5.2386
# 68 vertices

vn 0.0000 -1.0000 -0.0000
vn 0.0000 1.0000 -0.0000
vn 1.0000 -0.0000 -0.0000
vn 1.0000 0.0000 -0.0000
vn -0.0000 -0.0000 -1.0000
vn -0.0000 0.0000 -1.0000
vn -1.0000 -0.0000 0.0000
vn -1.0000 0.0000 0.0000
vn 0.0000 -0.0000 1.0000
vn 0.0000 0.0000 1.0000
vn -0.0000 -0.0000 1.0000
vn 1.0000 -0.0000 0.0000
# 12 vertex normals

vt 1.0000 0.0000 0.0000
vt 1.0000 0.3333 0.0000
vt 0.6667 0.3333 0.0000
vt 0.6667 0.0000 0.0000
vt 0.3333 0.3333 0.0000
vt 0.3333 0.0000 0.0000
vt -0.0000 0.3333 0.0000
vt -0.0000 0.0000 0.0000
vt 1.0000 0.6667 0.0000
vt 0.6667 0.6667 0.0000
vt 0.3333 0.6667 0.0000
vt -0.0000 0.6667 0.0000
vt 1.0000 1.0000 0.0000
vt 0.6667 1.0000 0.0000
vt 0.3333 1.0000 0.0000
vt -0.0000 1.0000 0.0000
vt 0.0000 0.0000 0.0000
vt 0.0000 0.3333 0.0000
vt 0.0000 0.6667 0.0000
vt 0.0000 1.0000 0.0000
vt 0.3333 0.5000 0.0000
vt 0.0000 0.5000 0.0000
vt 0.6667 0.5000 0.0000
vt 1.0000 0.5000 0.0000
# 24 texture coords

g Box254
usemtl xdgh
s 2
f 6431/4838/1808 6432/4839/1808 6433/4840/1808 6434/4841/1808 
f 6434/4841/1808 6433/4840/1808 6435/4842/1808 6436/4843/1808 
f 6436/4843/1808 6435/4842/1808 6437/4844/1808 6438/4845/1808 
f 6432/4839/1808 6439/4846/1808 6440/4847/1808 6433/4840/1808 
f 6433/4840/1808 6440/4847/1808 6441/4848/1808 6435/4842/1808 
f 6435/4842/1808 6441/4848/1808 6442/4849/1808 6437/4844/1808 
f 6439/4846/1808 6443/4850/1808 6444/4851/1808 6440/4847/1808 
f 6440/4847/1808 6444/4851/1808 6445/4852/1808 6441/4848/1808 
f 6441/4848/1808 6445/4852/1808 6446/4853/1808 6442/4849/1808 
s 4
f 6447/4854/1809 6448/4843/1809 6449/4842/1809 6450/4855/1809 
f 6448/4843/1809 6451/4841/1809 6452/4840/1809 6449/4842/1809 
f 6451/4841/1809 6453/4838/1809 6454/4839/1809 6452/4840/1809 
f 6450/4855/1809 6449/4842/1809 6455/4848/1809 6456/4856/1809 
f 6449/4842/1809 6452/4840/1809 6457/4847/1809 6455/4848/1809 
f 6452/4840/1809 6454/4839/1809 6458/4846/1809 6457/4847/1809 
f 6456/4856/1809 6455/4848/1809 6459/4852/1809 6460/4857/1809 
f 6455/4848/1809 6457/4847/1809 6461/4851/1809 6459/4852/1809 
f 6457/4847/1809 6458/4846/1809 6462/4850/1809 6461/4851/1809 
s 8
f 6431/4854/1810 6434/4843/1810 6463/4858/1810 6464/4859/1810 
f 6465/4843/1810 6466/4841/1810 6467/4860/1810 6468/4858/1810 
f 6436/4841/1810 6438/4838/1810 6469/4861/1810 6470/4860/1810 
f 6464/4859/1810 6463/4858/1810 6448/4852/1810 6447/4857/1810 
f 6468/4858/1810 6467/4860/1810 6471/4851/1811 6472/4852/1811 
f 6470/4860/1810 6469/4861/1810 6453/4850/1810 6451/4851/1810 
s 16
f 6438/4854/1812 6437/4843/1812 6473/4858/1812 6469/4859/1812 
f 6474/4843/1812 6475/4841/1812 6476/4860/1812 6477/4858/1812 
f 6442/4841/1812 6446/4838/1812 6478/4861/1812 6479/4860/1812 
f 6469/4859/1812 6473/4858/1812 6454/4852/1812 6453/4857/1812 
f 6477/4858/1812 6476/4860/1812 6480/4851/1813 6481/4852/1813 
f 6479/4860/1812 6478/4861/1812 6462/4850/1812 6458/4851/1812 
s 32
f 6446/4854/1814 6445/4843/1814 6482/4858/1814 6478/4859/1814 
f 6483/4843/1814 6484/4841/1814 6485/4860/1814 6486/4858/1814 
f 6444/4841/1814 6443/4838/1814 6487/4861/1814 6488/4860/1814 
f 6478/4859/1814 6482/4858/1814 6461/4852/1814 6462/4857/1814 
f 6486/4858/1814 6485/4860/1814 6489/4851/1815 6490/4852/1815 
f 6488/4860/1814 6487/4861/1814 6460/4850/1814 6459/4851/1814 
s 64
f 6443/4854/1816 6439/4843/1816 6491/4858/1816 6487/4859/1816 
f 6492/4843/1816 6493/4841/1816 6494/4860/1816 6495/4858/1816 
f 6432/4841/1816 6431/4838/1816 6464/4861/1816 6496/4860/1816 
f 6487/4859/1816 6491/4858/1816 6456/4852/1816 6460/4857/1816 
f 6495/4858/1816 6494/4860/1816 6497/4851/1817 6498/4852/1817 
f 6496/4860/1816 6464/4861/1816 6447/4850/1816 6450/4851/1816 
s off
f 6434/4841/1808 6436/4843/1808 6466/4841/1808 6465/4843/1808 
usemtl tfg
f 6436/4841/1812 6470/4860/1812 6467/4860/1812 6466/4841/1812 
f 6470/4860/1813 6451/4851/1813 6471/4851/1813 6467/4860/1813 
usemtl xdgh
f 6451/4841/1809 6448/4843/1809 6472/4852/1809 6471/4851/1809 
usemtl tfg
f 6448/4852/1818 6463/4858/1818 6468/4858/1818 6472/4852/1818 
f 6463/4858/1817 6434/4843/1817 6465/4843/1817 6468/4858/1817 
usemtl xdgh
f 6437/4844/1808 6442/4849/1808 6475/4841/1808 6474/4843/1808 
usemtl tfg
f 6442/4841/1814 6479/4860/1814 6476/4860/1814 6475/4841/1814 
f 6479/4860/1815 6458/4851/1815 6480/4851/1815 6476/4860/1815 
usemtl xdgh
f 6458/4846/1809 6454/4839/1809 6481/4852/1809 6480/4851/1809 
usemtl 03___Defaulttyi
f 6454/4852/1819 6473/4858/1819 6477/4858/1819 6481/4852/1819 
f 6473/4858/1811 6437/4843/1811 6474/4843/1811 6477/4858/1811 
usemtl xdgh
f 6445/4852/1808 6444/4851/1808 6484/4841/1808 6483/4843/1808 
usemtl tfg
f 6444/4841/1817 6488/4860/1817 6485/4860/1817 6484/4841/1817 
f 6488/4860/1816 6459/4851/1816 6489/4851/1816 6485/4860/1816 
usemtl xdgh
f 6459/4852/1809 6461/4851/1809 6490/4852/1809 6489/4851/1809 
usemtl tfg
f 6461/4852/1813 6482/4858/1813 6486/4858/1813 6490/4852/1813 
f 6482/4858/1812 6445/4843/1812 6483/4843/1812 6486/4858/1812 
usemtl xdgh
f 6439/4846/1808 6432/4839/1808 6493/4841/1808 6492/4843/1808 
usemtl tfg
f 6432/4841/1811 6496/4860/1811 6494/4860/1811 6493/4841/1811 
f 6496/4860/1810 6450/4851/1810 6497/4851/1810 6494/4860/1810 
usemtl xdgh
f 6450/4855/1809 6456/4856/1809 6498/4852/1809 6497/4851/1809 
usemtl tfg
f 6456/4852/1815 6491/4858/1815 6495/4858/1815 6498/4852/1815 
f 6491/4858/1814 6439/4843/1814 6492/4843/1814 6495/4858/1814 
# 66 polygons

#
# object Box250
#

v  86.7728 -0.3273 5.0783
v  85.3335 -0.3273 5.0783
v  85.3335 -0.3273 3.6390
v  86.7728 -0.3273 3.6390
v  85.3335 -0.3273 2.1997
v  86.7728 -0.3273 2.1997
v  85.3335 -0.3273 0.7603
v  86.7728 -0.3273 0.7603
v  83.8941 -0.3273 5.0783
v  83.8941 -0.3273 3.6390
v  83.8941 -0.3273 2.1997
v  83.8941 -0.3273 0.7603
v  82.4548 -0.3273 5.0783
v  82.4548 -0.3273 3.6390
v  82.4548 -0.3273 2.1997
v  82.4548 -0.3273 0.7603
v  86.7728 9.8327 5.0783
v  86.7728 9.8327 3.6390
v  85.3335 9.8327 3.6390
v  85.3335 9.8327 5.0783
v  86.7728 9.8327 2.1997
v  85.3335 9.8327 2.1997
v  86.7728 9.8327 0.7603
v  85.3335 9.8327 0.7603
v  83.8941 9.8327 3.6390
v  83.8941 9.8327 5.0783
v  83.8941 9.8327 2.1997
v  83.8941 9.8327 0.7603
v  82.4548 9.8327 3.6390
v  82.4548 9.8327 5.0783
v  82.4548 9.8327 2.1997
v  82.4548 9.8327 0.7603
v  86.7728 4.7527 3.6390
v  86.7728 4.7527 5.0783
v  87.2808 -0.3273 3.6390
v  87.2808 -0.3273 2.1997
v  87.2808 4.7527 2.1997
v  87.2808 4.7527 3.6390
v  86.7728 4.7527 0.7603
v  86.7728 4.7527 2.1997
v  87.2808 9.8327 2.1997
v  87.2808 9.8327 3.6390
v  85.3335 4.7527 0.7603
v  85.3335 -0.3273 0.2523
v  83.8941 -0.3273 0.2523
v  83.8941 4.7527 0.2523
v  85.3335 4.7527 0.2523
v  82.4548 4.7527 0.7603
v  83.8941 4.7527 0.7603
v  83.8941 9.8327 0.2523
v  85.3335 9.8327 0.2523
v  82.4548 4.7527 2.1997
v  81.9468 -0.3273 2.1997
v  81.9468 -0.3273 3.6390
v  81.9468 4.7527 3.6390
v  81.9468 4.7527 2.1997
v  82.4548 4.7527 5.0783
v  82.4548 4.7527 3.6390
v  81.9468 9.8327 3.6390
v  81.9468 9.8327 2.1997
v  83.8941 4.7527 5.0783
v  83.8941 -0.3273 5.5863
v  85.3335 -0.3273 5.5863
v  85.3335 4.7527 5.5863
v  83.8941 4.7527 5.5863
v  85.3335 4.7527 5.0783
v  85.3335 9.8327 5.5863
v  83.8941 9.8327 5.5863
# 68 vertices

vn 0.0000 -1.0000 -0.0000
vn 0.0000 1.0000 -0.0000
vn 1.0000 0.0000 -0.0000
vn -0.0000 0.0000 -1.0000
vn -0.0000 -0.0000 -1.0000
vn -1.0000 0.0000 0.0000
vn -1.0000 -0.0000 0.0000
vn 0.0000 0.0000 1.0000
vn 0.0000 -0.0000 1.0000
vn 1.0000 -0.0000 -0.0000
# 10 vertex normals

vt 1.0000 0.0000 0.0000
vt 1.0000 0.3333 0.0000
vt 0.6667 0.3333 0.0000
vt 0.6667 0.0000 0.0000
vt 0.3333 0.3333 0.0000
vt 0.3333 0.0000 0.0000
vt -0.0000 0.3333 0.0000
vt -0.0000 0.0000 0.0000
vt 1.0000 0.6667 0.0000
vt 0.6667 0.6667 0.0000
vt 0.3333 0.6667 0.0000
vt -0.0000 0.6667 0.0000
vt 1.0000 1.0000 0.0000
vt 0.6667 1.0000 0.0000
vt 0.3333 1.0000 0.0000
vt -0.0000 1.0000 0.0000
vt 0.0000 0.0000 0.0000
vt 0.0000 0.3333 0.0000
vt 0.0000 0.6667 0.0000
vt 0.0000 1.0000 0.0000
vt 0.3333 0.5000 0.0000
vt 0.0000 0.5000 0.0000
vt 0.6667 0.5000 0.0000
vt 1.0000 0.5000 0.0000
# 24 texture coords

g Box250
usemtl xdgh
s 2
f 6499/4862/1820 6500/4863/1820 6501/4864/1820 6502/4865/1820 
f 6502/4865/1820 6501/4864/1820 6503/4866/1820 6504/4867/1820 
f 6504/4867/1820 6503/4866/1820 6505/4868/1820 6506/4869/1820 
f 6500/4863/1820 6507/4870/1820 6508/4871/1820 6501/4864/1820 
f 6501/4864/1820 6508/4871/1820 6509/4872/1820 6503/4866/1820 
f 6503/4866/1820 6509/4872/1820 6510/4873/1820 6505/4868/1820 
f 6507/4870/1820 6511/4874/1820 6512/4875/1820 6508/4871/1820 
f 6508/4871/1820 6512/4875/1820 6513/4876/1820 6509/4872/1820 
f 6509/4872/1820 6513/4876/1820 6514/4877/1820 6510/4873/1820 
usemtl tfg
s 4
f 6515/4878/1821 6516/4867/1821 6517/4866/1821 6518/4879/1821 
f 6516/4867/1821 6519/4865/1821 6520/4864/1821 6517/4866/1821 
f 6519/4865/1821 6521/4862/1821 6522/4863/1821 6520/4864/1821 
f 6518/4879/1821 6517/4866/1821 6523/4872/1821 6524/4880/1821 
f 6517/4866/1821 6520/4864/1821 6525/4871/1821 6523/4872/1821 
f 6520/4864/1821 6522/4863/1821 6526/4870/1821 6525/4871/1821 
f 6524/4880/1821 6523/4872/1821 6527/4876/1821 6528/4881/1821 
f 6523/4872/1821 6525/4871/1821 6529/4875/1821 6527/4876/1821 
f 6525/4871/1821 6526/4870/1821 6530/4874/1821 6529/4875/1821 
usemtl xdgh
s 8
f 6499/4878/1822 6502/4867/1822 6531/4882/1822 6532/4883/1822 
f 6533/4867/1822 6534/4865/1822 6535/4884/1822 6536/4882/1822 
f 6504/4865/1822 6506/4862/1822 6537/4885/1822 6538/4884/1822 
f 6532/4883/1822 6531/4882/1822 6516/4876/1822 6515/4881/1822 
f 6536/4882/1822 6535/4884/1822 6539/4875/1822 6540/4876/1822 
usemtl tfg
f 6538/4884/1822 6537/4885/1822 6521/4874/1822 6519/4875/1822 
usemtl xdgh
s 16
f 6506/4878/1823 6505/4867/1823 6541/4882/1823 6537/4883/1823 
f 6542/4867/1824 6543/4865/1824 6544/4884/1823 6545/4882/1823 
f 6510/4865/1823 6514/4862/1823 6546/4885/1823 6547/4884/1823 
usemtl tfg
f 6537/4883/1823 6541/4882/1823 6522/4876/1823 6521/4881/1823 
usemtl xdgh
f 6545/4882/1823 6544/4884/1823 6548/4875/1823 6549/4876/1823 
usemtl tfg
f 6547/4884/1823 6546/4885/1823 6530/4874/1823 6526/4875/1823 
usemtl xdgh
s 32
f 6514/4878/1825 6513/4867/1825 6550/4882/1825 6546/4883/1825 
f 6551/4867/1826 6552/4865/1826 6553/4884/1825 6554/4882/1825 
f 6512/4865/1825 6511/4862/1825 6555/4885/1825 6556/4884/1825 
usemtl tfg
f 6546/4883/1825 6550/4882/1825 6529/4876/1825 6530/4881/1825 
usemtl xdgh
f 6554/4882/1825 6553/4884/1825 6557/4875/1825 6558/4876/1825 
usemtl tfg
f 6556/4884/1825 6555/4885/1825 6528/4874/1825 6527/4875/1825 
usemtl xdgh
s 64
f 6511/4878/1827 6507/4867/1827 6559/4882/1827 6555/4883/1827 
f 6560/4867/1827 6561/4865/1827 6562/4884/1827 6563/4882/1827 
f 6500/4865/1827 6499/4862/1827 6532/4885/1827 6564/4884/1827 
usemtl tfg
f 6555/4883/1827 6559/4882/1827 6524/4876/1827 6528/4881/1827 
usemtl xdgh
f 6563/4882/1827 6562/4884/1827 6565/4875/1827 6566/4876/1827 
f 6564/4884/1827 6532/4885/1827 6515/4874/1827 6518/4875/1827 
s off
f 6502/4865/1820 6504/4867/1820 6534/4865/1820 6533/4867/1820 
usemtl 03___Defaulttyi
f 6504/4865/1823 6538/4884/1823 6535/4884/1823 6534/4865/1823 
f 6538/4884/1823 6519/4875/1823 6539/4875/1823 6535/4884/1823 
usemtl tfg
f 6519/4865/1821 6516/4867/1821 6540/4876/1821 6539/4875/1821 
usemtl 03___Defaulttyi
f 6516/4876/1827 6531/4882/1827 6536/4882/1827 6540/4876/1827 
f 6531/4882/1827 6502/4867/1827 6533/4867/1827 6536/4882/1827 
usemtl xdgh
f 6505/4868/1820 6510/4873/1820 6543/4865/1820 6542/4867/1820 
usemtl tfg
f 6510/4865/1825 6547/4884/1825 6544/4884/1825 6543/4865/1825 
f 6547/4884/1825 6526/4875/1825 6548/4875/1825 6544/4884/1825 
f 6526/4870/1821 6522/4863/1821 6549/4876/1821 6548/4875/1821 
f 6522/4876/1822 6541/4882/1822 6545/4882/1822 6549/4876/1822 
f 6541/4882/1822 6505/4867/1822 6542/4867/1822 6545/4882/1822 
usemtl xdgh
f 6513/4876/1820 6512/4875/1820 6552/4865/1820 6551/4867/1820 
usemtl tfg
f 6512/4865/1827 6556/4884/1827 6553/4884/1827 6552/4865/1827 
f 6556/4884/1828 6527/4875/1828 6557/4875/1828 6553/4884/1828 
f 6527/4876/1821 6529/4875/1821 6558/4876/1821 6557/4875/1821 
f 6529/4876/1823 6550/4882/1823 6554/4882/1823 6558/4876/1823 
f 6550/4882/1824 6513/4867/1824 6551/4867/1824 6554/4882/1824 
usemtl xdgh
f 6507/4870/1820 6500/4863/1820 6561/4865/1820 6560/4867/1820 
usemtl tfg
f 6500/4865/1822 6564/4884/1822 6562/4884/1822 6561/4865/1822 
f 6564/4884/1829 6518/4875/1829 6565/4875/1829 6562/4884/1829 
f 6518/4879/1821 6524/4880/1821 6566/4876/1821 6565/4875/1821 
f 6524/4876/1825 6559/4882/1825 6563/4882/1825 6566/4876/1825 
f 6559/4882/1826 6507/4867/1826 6560/4867/1826 6563/4882/1826 
# 66 polygons

#
# object Box132
#

v  86.4689 0.2258 12.0300
v  87.3156 0.2258 12.0300
v  87.3156 0.2258 15.8400
v  86.4689 0.2258 15.8400
v  85.6223 0.2258 12.0300
v  85.6223 0.2258 15.8400
v  84.7756 0.2258 12.0300
v  84.7756 0.2258 15.8400
v  86.4689 17.6750 -5.4331
v  86.4689 17.6750 -1.6231
v  87.3156 17.6750 -1.6231
v  87.3156 17.6750 -5.4331
v  85.6223 17.6750 -5.4331
v  85.6223 17.6750 -1.6231
v  84.7756 17.6750 -5.4331
v  84.7756 17.6750 -1.6231
v  85.6223 17.4953 -5.6126
v  86.4689 17.4953 -5.6126
v  86.4689 0.0461 11.8505
v  85.6223 0.0461 11.8505
v  86.4689 17.8547 -1.4435
v  85.6223 17.8547 -1.4435
v  85.6223 0.4055 16.0196
v  86.4689 0.4055 16.0196
# 24 vertices

vn 0.0000 -1.0000 -0.0000
vn 0.0000 1.0000 -0.0000
vn 1.0000 0.0000 -0.0000
vn -0.0000 -0.7074 -0.7068
vn -1.0000 0.0000 0.0000
vn 0.0000 0.7074 0.7068
vn 0.0000 -0.7067 0.7075
vn -0.0000 0.7067 -0.7075
# 8 vertex normals

vt 0.0000 0.3333 0.0000
vt 0.0000 0.0000 0.0000
vt 1.0000 0.0000 0.0000
vt 1.0000 0.3333 0.0000
vt 0.0000 0.6667 0.0000
vt 1.0000 0.6667 0.0000
vt 0.0000 1.0000 0.0000
vt 1.0000 1.0000 0.0000
vt 0.3333 1.0000 0.0000
vt 0.3333 0.0000 0.0000
vt 0.6667 1.0000 0.0000
vt 0.6667 0.0000 0.0000
# 12 texture coords

g Box132
usemtl xdgh
s 2
f 6567/4886/1830 6568/4887/1830 6569/4888/1830 6570/4889/1830 
f 6571/4890/1830 6567/4886/1830 6570/4889/1830 6572/4891/1830 
f 6573/4892/1830 6571/4890/1830 6572/4891/1830 6574/4893/1830 
s 4
f 6575/4889/1831 6576/4886/1831 6577/4887/1831 6578/4888/1831 
f 6579/4891/1831 6580/4890/1831 6576/4886/1831 6575/4889/1831 
f 6581/4893/1831 6582/4892/1831 6580/4890/1831 6579/4891/1831 
s 8
f 6578/4893/1832 6577/4892/1832 6569/4887/1832 6568/4888/1832 
s 16
f 6575/4894/1833 6578/4892/1833 6568/4887/1833 6567/4895/1833 
usemtl cvj
f 6583/4896/1833 6584/4894/1833 6585/4895/1833 6586/4897/1833 
usemtl xdgh
f 6581/4893/1833 6579/4896/1833 6571/4897/1833 6573/4888/1833 
s 32
f 6582/4893/1834 6581/4892/1834 6573/4887/1834 6574/4888/1834 
s 64
f 6580/4894/1835 6582/4892/1835 6574/4887/1835 6572/4895/1835 
usemtl cvj
f 6587/4896/1835 6588/4894/1835 6589/4895/1835 6590/4897/1835 
usemtl xdgh
f 6577/4893/1835 6576/4896/1835 6570/4897/1835 6569/4888/1835 
s off
f 6567/4886/1836 6571/4890/1836 6586/4897/1836 6585/4895/1836 
usemtl tfg
f 6571/4897/1834 6579/4896/1834 6583/4896/1834 6586/4897/1834 
usemtl xdgh
f 6579/4891/1837 6575/4889/1837 6584/4894/1837 6583/4896/1837 
f 6575/4894/1832 6567/4895/1832 6585/4895/1832 6584/4894/1832 
f 6572/4891/1836 6570/4889/1836 6590/4897/1836 6589/4895/1836 
f 6570/4897/1832 6576/4896/1832 6587/4896/1832 6590/4897/1832 
f 6576/4886/1837 6580/4890/1837 6588/4894/1837 6587/4896/1837 
usemtl tfg
f 6580/4894/1834 6572/4895/1834 6589/4895/1834 6588/4894/1834 
# 22 polygons

#
# object Box251
#

v  87.1538 4.5718 5.4593
v  82.0738 4.5718 5.4593
v  82.0738 4.5718 0.3793
v  87.1538 4.5718 0.3793
v  87.1538 4.8258 5.4593
v  87.1538 4.8258 0.3793
v  82.0738 4.8258 0.3793
v  82.0738 4.8258 5.4593
# 8 vertices

vn 0.0000 -1.0000 -0.0000
vn 0.0000 1.0000 -0.0000
vn 1.0000 0.0000 -0.0000
vn -0.0000 0.0000 -1.0000
vn -1.0000 0.0000 0.0000
vn 0.0000 0.0000 1.0000
# 6 vertex normals

vt 1.0000 0.0000 0.0000
vt 1.0000 1.0000 0.0000
vt 0.0000 1.0000 0.0000
vt 0.0000 0.0000 0.0000
# 4 texture coords

g Box251
usemtl cvj
s 2
f 6591/4898/1838 6592/4899/1838 6593/4900/1838 6594/4901/1838 
s 4
f 6595/4901/1839 6596/4898/1839 6597/4899/1839 6598/4900/1839 
s 8
f 6591/4901/1840 6594/4898/1840 6596/4899/1840 6595/4900/1840 
s 16
f 6594/4901/1841 6593/4898/1841 6597/4899/1841 6596/4900/1841 
s 32
f 6593/4901/1842 6592/4898/1842 6598/4899/1842 6597/4900/1842 
s 64
f 6592/4901/1843 6591/4898/1843 6595/4899/1843 6598/4900/1843 
# 6 polygons

#
# object Cylinder077
#

v  81.7138 4.0354 2.9039
v  81.7138 4.7393 3.6078
v  81.7138 5.4432 2.9039
v  81.7138 4.7393 2.2000
v  81.7646 4.7393 3.6078
v  81.7646 5.4432 2.9039
v  81.7646 4.0354 2.9039
v  81.7646 4.7393 2.2000
v  81.8154 4.7393 3.6078
v  81.8154 5.4432 2.9039
v  81.8154 4.0354 2.9039
v  81.8154 4.7393 2.2000
v  81.8662 4.7393 3.6078
v  81.8662 5.4432 2.9039
v  81.8662 4.0354 2.9039
v  81.8662 4.7393 2.2000
v  81.9170 4.7393 3.6078
v  81.9170 5.4432 2.9039
v  81.9170 4.0354 2.9039
v  81.9170 4.7393 2.2000
v  81.9678 4.7393 3.6078
v  81.9678 5.4432 2.9039
v  81.9678 4.0354 2.9039
v  81.9678 4.7393 2.2000
# 24 vertices

vn -1.0000 0.0000 0.0000
vn 0.0000 1.0000 -0.0000
vn 0.0000 0.0000 1.0000
vn -0.0000 -1.0000 0.0000
vn -0.0000 -0.0000 -1.0000
vn 1.0000 -0.0000 -0.0000
# 6 vertex normals

vt 0.2500 0.0000 1.0000
vt 0.0000 0.0000 1.0000
vt -0.2500 0.0000 1.0000
vt 0.7500 0.0000 1.0000
vt 0.5000 0.0000 1.0000
vt 0.0000 0.2000 1.0000
vt -0.2500 0.2000 1.0000
vt 0.2500 0.2000 1.0000
vt 0.5000 0.2000 1.0000
vt 0.7500 0.2000 1.0000
vt 0.0000 0.4000 1.0000
vt -0.2500 0.4000 1.0000
vt 0.2500 0.4000 1.0000
vt 0.5000 0.4000 1.0000
vt 0.7500 0.4000 1.0000
vt 0.0000 0.6000 1.0000
vt -0.2500 0.6000 1.0000
vt 0.2500 0.6000 1.0000
vt 0.5000 0.6000 1.0000
vt 0.7500 0.6000 1.0000
vt 0.0000 0.8000 1.0000
vt -0.2500 0.8000 1.0000
vt 0.2500 0.8000 1.0000
vt 0.5000 0.8000 1.0000
vt 0.7500 0.8000 1.0000
vt 0.0000 1.0000 1.0000
vt -0.2500 1.0000 1.0000
vt 0.2500 1.0000 1.0000
vt 0.5000 1.0000 1.0000
vt 0.7500 1.0000 1.0000
vt 1.0000 1.0000 -1.0000
# 31 texture coords

g Cylinder077
usemtl 03___Defaulttyi
s 1
f 6599/4902/1844 6600/4903/1844 6601/4904/1844 
f 6601/4905/1844 6602/4906/1844 6599/4902/1844 
s 8
f 6601/4904/1845 6600/4903/1846 6603/4907/1846 6604/4908/1845 
f 6600/4903/1846 6599/4902/1847 6605/4909/1847 6603/4907/1846 
f 6599/4902/1847 6602/4906/1848 6606/4910/1848 6605/4909/1847 
f 6602/4906/1848 6601/4905/1845 6604/4911/1845 6606/4910/1848 
f 6604/4908/1845 6603/4907/1846 6607/4912/1846 6608/4913/1845 
f 6603/4907/1846 6605/4909/1847 6609/4914/1847 6607/4912/1846 
f 6605/4909/1847 6606/4910/1848 6610/4915/1848 6609/4914/1847 
f 6606/4910/1848 6604/4911/1845 6608/4916/1845 6610/4915/1848 
f 6608/4913/1845 6607/4912/1846 6611/4917/1846 6612/4918/1845 
f 6607/4912/1846 6609/4914/1847 6613/4919/1847 6611/4917/1846 
f 6609/4914/1847 6610/4915/1848 6614/4920/1848 6613/4919/1847 
f 6610/4915/1848 6608/4916/1845 6612/4921/1845 6614/4920/1848 
f 6612/4918/1845 6611/4917/1846 6615/4922/1846 6616/4923/1845 
f 6611/4917/1846 6613/4919/1847 6617/4924/1847 6615/4922/1846 
f 6613/4919/1847 6614/4920/1848 6618/4925/1848 6617/4924/1847 
f 6614/4920/1848 6612/4921/1845 6616/4926/1845 6618/4925/1848 
f 6616/4923/1845 6615/4922/1846 6619/4927/1846 6620/4928/1845 
f 6615/4922/1846 6617/4924/1847 6621/4929/1847 6619/4927/1846 
f 6617/4924/1847 6618/4925/1848 6622/4930/1848 6621/4929/1847 
f 6618/4925/1848 6616/4926/1845 6620/4931/1845 6622/4930/1848 
s 1
f 6622/4932/1849 6620/4928/1849 6619/4927/1849 
f 6619/4927/1849 6621/4929/1849 6622/4930/1849 
# 20 polygons - 4 triangles

#
# object Cylinder076
#

v  84.6561 4.0354 0.0302
v  83.9522 4.7393 0.0302
v  84.6561 5.4432 0.0302
v  85.3600 4.7393 0.0302
v  83.9522 4.7393 0.0810
v  84.6561 5.4432 0.0810
v  84.6561 4.0354 0.0810
v  85.3600 4.7393 0.0810
v  83.9522 4.7393 0.1318
v  84.6561 5.4432 0.1318
v  84.6561 4.0354 0.1318
v  85.3600 4.7393 0.1318
v  83.9522 4.7393 0.1826
v  84.6561 5.4432 0.1826
v  84.6561 4.0354 0.1826
v  85.3600 4.7393 0.1826
v  83.9522 4.7393 0.2334
v  84.6561 5.4432 0.2334
v  84.6561 4.0354 0.2334
v  85.3600 4.7393 0.2334
v  83.9522 4.7393 0.2842
v  84.6561 5.4432 0.2842
v  84.6561 4.0354 0.2842
v  85.3600 4.7393 0.2842
# 24 vertices

vn -0.0000 -0.0000 -1.0000
vn 0.0000 1.0000 -0.0000
vn -1.0000 0.0000 0.0000
vn -0.0000 -1.0000 0.0000
vn 1.0000 -0.0000 -0.0000
vn 0.0000 0.0000 1.0000
# 6 vertex normals

vt 0.2500 0.0000 1.0000
vt 0.0000 0.0000 1.0000
vt -0.2500 0.0000 1.0000
vt 0.7500 0.0000 1.0000
vt 0.5000 0.0000 1.0000
vt 0.0000 0.2000 1.0000
vt -0.2500 0.2000 1.0000
vt 0.2500 0.2000 1.0000
vt 0.5000 0.2000 1.0000
vt 0.7500 0.2000 1.0000
vt 0.0000 0.4000 1.0000
vt -0.2500 0.4000 1.0000
vt 0.2500 0.4000 1.0000
vt 0.5000 0.4000 1.0000
vt 0.7500 0.4000 1.0000
vt 0.0000 0.6000 1.0000
vt -0.2500 0.6000 1.0000
vt 0.2500 0.6000 1.0000
vt 0.5000 0.6000 1.0000
vt 0.7500 0.6000 1.0000
vt 0.0000 0.8000 1.0000
vt -0.2500 0.8000 1.0000
vt 0.2500 0.8000 1.0000
vt 0.5000 0.8000 1.0000
vt 0.7500 0.8000 1.0000
vt 0.0000 1.0000 1.0000
vt -0.2500 1.0000 1.0000
vt 0.2500 1.0000 1.0000
vt 0.5000 1.0000 1.0000
vt 0.7500 1.0000 1.0000
vt 1.0000 1.0000 -1.0000
# 31 texture coords

g Cylinder076
usemtl 03___Defaulttyi
s 1
f 6623/4933/1850 6624/4934/1850 6625/4935/1850 
f 6625/4936/1850 6626/4937/1850 6623/4933/1850 
s 8
f 6625/4935/1851 6624/4934/1852 6627/4938/1852 6628/4939/1851 
f 6624/4934/1852 6623/4933/1853 6629/4940/1853 6627/4938/1852 
f 6623/4933/1853 6626/4937/1854 6630/4941/1854 6629/4940/1853 
f 6626/4937/1854 6625/4936/1851 6628/4942/1851 6630/4941/1854 
f 6628/4939/1851 6627/4938/1852 6631/4943/1852 6632/4944/1851 
f 6627/4938/1852 6629/4940/1853 6633/4945/1853 6631/4943/1852 
f 6629/4940/1853 6630/4941/1854 6634/4946/1854 6633/4945/1853 
f 6630/4941/1854 6628/4942/1851 6632/4947/1851 6634/4946/1854 
f 6632/4944/1851 6631/4943/1852 6635/4948/1852 6636/4949/1851 
f 6631/4943/1852 6633/4945/1853 6637/4950/1853 6635/4948/1852 
f 6633/4945/1853 6634/4946/1854 6638/4951/1854 6637/4950/1853 
f 6634/4946/1854 6632/4947/1851 6636/4952/1851 6638/4951/1854 
f 6636/4949/1851 6635/4948/1852 6639/4953/1852 6640/4954/1851 
f 6635/4948/1852 6637/4950/1853 6641/4955/1853 6639/4953/1852 
f 6637/4950/1853 6638/4951/1854 6642/4956/1854 6641/4955/1853 
f 6638/4951/1854 6636/4952/1851 6640/4957/1851 6642/4956/1854 
f 6640/4954/1851 6639/4953/1852 6643/4958/1852 6644/4959/1851 
f 6639/4953/1852 6641/4955/1853 6645/4960/1853 6643/4958/1852 
f 6641/4955/1853 6642/4956/1854 6646/4961/1854 6645/4960/1853 
f 6642/4956/1854 6640/4957/1851 6644/4962/1851 6646/4961/1854 
s 1
f 6646/4963/1855 6644/4959/1855 6643/4958/1855 
f 6643/4958/1855 6645/4960/1855 6646/4961/1855 
# 20 polygons - 4 triangles

#
# object Box252
#

v  87.0268 -0.3273 5.3323
v  82.2008 -0.3273 5.3323
v  82.2008 -0.3273 0.5063
v  87.0268 -0.3273 0.5063
v  87.0268 0.9427 5.3323
v  87.0268 0.9427 0.5063
v  82.2008 0.9427 0.5063
v  82.2008 0.9427 5.3323
# 8 vertices

vn 0.0000 -1.0000 -0.0000
vn 0.0000 1.0000 -0.0000
vn 1.0000 0.0000 -0.0000
vn -0.0000 0.0000 -1.0000
vn -1.0000 0.0000 0.0000
vn 0.0000 0.0000 1.0000
# 6 vertex normals

vt 1.0000 0.0000 0.0000
vt 1.0000 1.0000 0.0000
vt 0.0000 1.0000 0.0000
vt 0.0000 0.0000 0.0000
# 4 texture coords

g Box252
usemtl tfg
s 2
f 6647/4964/1856 6648/4965/1856 6649/4966/1856 6650/4967/1856 
s 4
f 6651/4967/1857 6652/4964/1857 6653/4965/1857 6654/4966/1857 
s 8
f 6647/4967/1858 6650/4964/1858 6652/4965/1858 6651/4966/1858 
s 16
f 6650/4967/1859 6649/4964/1859 6653/4965/1859 6652/4966/1859 
s 32
f 6649/4967/1860 6648/4964/1860 6654/4965/1860 6653/4966/1860 
s 64
f 6648/4967/1861 6647/4964/1861 6651/4965/1861 6654/4966/1861 
# 6 polygons

#
# object Cylinder075
#

v  84.6561 4.0354 5.4889
v  83.9522 4.7393 5.4889
v  84.6561 5.4432 5.4889
v  85.3600 4.7393 5.4889
v  83.9522 4.7393 5.5397
v  84.6561 5.4432 5.5397
v  84.6561 4.0354 5.5397
v  85.3600 4.7393 5.5397
v  83.9522 4.7393 5.5905
v  84.6561 5.4432 5.5905
v  84.6561 4.0354 5.5905
v  85.3600 4.7393 5.5905
v  83.9522 4.7393 5.6413
v  84.6561 5.4432 5.6413
v  84.6561 4.0354 5.6413
v  85.3600 4.7393 5.6413
v  83.9522 4.7393 5.6921
v  84.6561 5.4432 5.6921
v  84.6561 4.0354 5.6921
v  85.3600 4.7393 5.6921
v  83.9522 4.7393 5.7429
v  84.6561 5.4432 5.7429
v  84.6561 4.0354 5.7429
v  85.3600 4.7393 5.7429
# 24 vertices

vn -0.0000 -0.0000 -1.0000
vn 0.0000 1.0000 -0.0000
vn -1.0000 0.0000 0.0000
vn -0.0000 -1.0000 0.0000
vn 1.0000 -0.0000 -0.0000
vn 0.0000 0.0000 1.0000
# 6 vertex normals

vt 0.2500 0.0000 1.0000
vt 0.0000 0.0000 1.0000
vt -0.2500 0.0000 1.0000
vt 0.7500 0.0000 1.0000
vt 0.5000 0.0000 1.0000
vt 0.0000 0.2000 1.0000
vt -0.2500 0.2000 1.0000
vt 0.2500 0.2000 1.0000
vt 0.5000 0.2000 1.0000
vt 0.7500 0.2000 1.0000
vt 0.0000 0.4000 1.0000
vt -0.2500 0.4000 1.0000
vt 0.2500 0.4000 1.0000
vt 0.5000 0.4000 1.0000
vt 0.7500 0.4000 1.0000
vt 0.0000 0.6000 1.0000
vt -0.2500 0.6000 1.0000
vt 0.2500 0.6000 1.0000
vt 0.5000 0.6000 1.0000
vt 0.7500 0.6000 1.0000
vt 0.0000 0.8000 1.0000
vt -0.2500 0.8000 1.0000
vt 0.2500 0.8000 1.0000
vt 0.5000 0.8000 1.0000
vt 0.7500 0.8000 1.0000
vt 0.0000 1.0000 1.0000
vt -0.2500 1.0000 1.0000
vt 0.2500 1.0000 1.0000
vt 0.5000 1.0000 1.0000
vt 0.7500 1.0000 1.0000
vt 1.0000 1.0000 -1.0000
# 31 texture coords

g Cylinder075
usemtl 03___Defaulttyi
s 1
f 6655/4968/1862 6656/4969/1862 6657/4970/1862 
f 6657/4971/1862 6658/4972/1862 6655/4968/1862 
s 8
f 6657/4970/1863 6656/4969/1864 6659/4973/1864 6660/4974/1863 
f 6656/4969/1864 6655/4968/1865 6661/4975/1865 6659/4973/1864 
f 6655/4968/1865 6658/4972/1866 6662/4976/1866 6661/4975/1865 
f 6658/4972/1866 6657/4971/1863 6660/4977/1863 6662/4976/1866 
f 6660/4974/1863 6659/4973/1864 6663/4978/1864 6664/4979/1863 
f 6659/4973/1864 6661/4975/1865 6665/4980/1865 6663/4978/1864 
f 6661/4975/1865 6662/4976/1866 6666/4981/1866 6665/4980/1865 
f 6662/4976/1866 6660/4977/1863 6664/4982/1863 6666/4981/1866 
f 6664/4979/1863 6663/4978/1864 6667/4983/1864 6668/4984/1863 
f 6663/4978/1864 6665/4980/1865 6669/4985/1865 6667/4983/1864 
f 6665/4980/1865 6666/4981/1866 6670/4986/1866 6669/4985/1865 
f 6666/4981/1866 6664/4982/1863 6668/4987/1863 6670/4986/1866 
f 6668/4984/1863 6667/4983/1864 6671/4988/1864 6672/4989/1863 
f 6667/4983/1864 6669/4985/1865 6673/4990/1865 6671/4988/1864 
f 6669/4985/1865 6670/4986/1866 6674/4991/1866 6673/4990/1865 
f 6670/4986/1866 6668/4987/1863 6672/4992/1863 6674/4991/1866 
f 6672/4989/1863 6671/4988/1864 6675/4993/1864 6676/4994/1863 
f 6671/4988/1864 6673/4990/1865 6677/4995/1865 6675/4993/1864 
f 6673/4990/1865 6674/4991/1866 6678/4996/1866 6677/4995/1865 
f 6674/4991/1866 6672/4992/1863 6676/4997/1863 6678/4996/1866 
s 1
f 6678/4998/1867 6676/4994/1867 6675/4993/1867 
f 6675/4993/1867 6677/4995/1867 6678/4996/1867 
# 20 polygons - 4 triangles

#
# object Box462
#

v  -31.8877 9.7792 70.0663
v  -33.1446 9.7792 70.0663
v  -33.1446 9.7792 68.8093
v  -31.8877 9.7792 68.8093
v  -33.1446 9.7792 67.5524
v  -31.8877 9.7792 67.5524
v  -33.1446 9.7792 66.2955
v  -31.8877 9.7792 66.2955
v  -34.4015 9.7792 70.0663
v  -34.4015 9.7792 68.8093
v  -34.4015 9.7792 67.5524
v  -34.4015 9.7792 66.2955
v  -35.6584 9.7792 70.0663
v  -35.6584 9.7792 68.8093
v  -35.6584 9.7792 67.5524
v  -35.6584 9.7792 66.2955
v  -31.8877 28.0716 70.0663
v  -31.8877 28.0716 68.8093
v  -33.1446 28.0716 68.8093
v  -33.1446 28.0716 70.0663
v  -31.8877 28.0716 67.5524
v  -33.1446 28.0716 67.5524
v  -31.8877 28.0716 66.2955
v  -33.1446 28.0716 66.2955
v  -34.4015 28.0716 68.8093
v  -34.4015 28.0716 70.0663
v  -34.4015 28.0716 67.5524
v  -34.4015 28.0716 66.2955
v  -35.6584 28.0716 68.8093
v  -35.6584 28.0716 70.0663
v  -35.6584 28.0716 67.5524
v  -35.6584 28.0716 66.2955
v  -31.8877 17.1156 68.8093
v  -31.8877 17.1156 70.0663
v  -31.4440 9.7792 68.8093
v  -31.4440 9.7792 67.5524
v  -31.4440 17.1156 67.5524
v  -31.4440 17.1156 68.8093
v  -31.8877 17.1156 66.2955
v  -31.8877 17.1156 67.5524
v  -31.4440 28.0716 67.5524
v  -31.4440 28.0716 68.8093
v  -33.1446 17.1156 66.2955
v  -33.1446 9.7792 65.8519
v  -34.4015 9.7792 65.8519
v  -34.4015 17.1156 65.8519
v  -33.1446 17.1156 65.8519
v  -35.6584 17.1156 66.2955
v  -34.4015 17.1156 66.2955
v  -34.4015 28.0716 65.8519
v  -33.1446 28.0716 65.8519
v  -35.6584 17.1156 67.5524
v  -36.1020 9.7792 67.5524
v  -36.1020 9.7792 68.8093
v  -36.1020 17.1156 68.8093
v  -36.1020 17.1156 67.5524
v  -35.6584 17.1156 70.0663
v  -35.6584 17.1156 68.8093
v  -36.1020 28.0716 68.8093
v  -36.1020 28.0716 67.5524
v  -34.4015 17.1156 70.0663
v  -34.4015 9.7792 70.5099
v  -33.1446 9.7792 70.5099
v  -33.1446 17.1156 70.5099
v  -34.4015 17.1156 70.5099
v  -33.1446 17.1156 70.0663
v  -33.1446 28.0716 70.5099
v  -34.4015 28.0716 70.5099
# 68 vertices

vn 0.0000 -1.0000 -0.0000
vn 0.0000 1.0000 -0.0000
vn 1.0000 -0.0000 -0.0000
vn 1.0000 0.0000 -0.0000
vn -0.0000 -0.0000 -1.0000
vn -0.0000 0.0000 -1.0000
vn -1.0000 -0.0000 0.0000
vn -1.0000 0.0000 0.0000
vn 0.0000 -0.0000 1.0000
vn 0.0000 0.0000 1.0000
vn -0.0000 -0.0000 1.0000
vn 1.0000 -0.0000 0.0000
# 12 vertex normals

vt 1.0000 0.0000 0.0000
vt 1.0000 0.3333 0.0000
vt 0.6667 0.3333 0.0000
vt 0.6667 0.0000 0.0000
vt 0.3333 0.3333 0.0000
vt 0.3333 0.0000 0.0000
vt -0.0000 0.3333 0.0000
vt -0.0000 0.0000 0.0000
vt 1.0000 0.6667 0.0000
vt 0.6667 0.6667 0.0000
vt 0.3333 0.6667 0.0000
vt -0.0000 0.6667 0.0000
vt 1.0000 1.0000 0.0000
vt 0.6667 1.0000 0.0000
vt 0.3333 1.0000 0.0000
vt -0.0000 1.0000 0.0000
vt 0.0000 0.0000 0.0000
vt 0.0000 0.3333 0.0000
vt 0.0000 0.6667 0.0000
vt 0.0000 1.0000 0.0000
vt 0.3333 0.5000 0.0000
vt 0.0000 0.5000 0.0000
vt 0.6667 0.5000 0.0000
vt 1.0000 0.5000 0.0000
# 24 texture coords

g Box462
usemtl xdgh
s 2
f 6679/4999/1868 6680/5000/1868 6681/5001/1868 6682/5002/1868 
f 6682/5002/1868 6681/5001/1868 6683/5003/1868 6684/5004/1868 
f 6684/5004/1868 6683/5003/1868 6685/5005/1868 6686/5006/1868 
f 6680/5000/1868 6687/5007/1868 6688/5008/1868 6681/5001/1868 
f 6681/5001/1868 6688/5008/1868 6689/5009/1868 6683/5003/1868 
f 6683/5003/1868 6689/5009/1868 6690/5010/1868 6685/5005/1868 
f 6687/5007/1868 6691/5011/1868 6692/5012/1868 6688/5008/1868 
f 6688/5008/1868 6692/5012/1868 6693/5013/1868 6689/5009/1868 
f 6689/5009/1868 6693/5013/1868 6694/5014/1868 6690/5010/1868 
s 4
f 6695/5015/1869 6696/5004/1869 6697/5003/1869 6698/5016/1869 
f 6696/5004/1869 6699/5002/1869 6700/5001/1869 6697/5003/1869 
f 6699/5002/1869 6701/4999/1869 6702/5000/1869 6700/5001/1869 
f 6698/5016/1869 6697/5003/1869 6703/5009/1869 6704/5017/1869 
f 6697/5003/1869 6700/5001/1869 6705/5008/1869 6703/5009/1869 
f 6700/5001/1869 6702/5000/1869 6706/5007/1869 6705/5008/1869 
f 6704/5017/1869 6703/5009/1869 6707/5013/1869 6708/5018/1869 
f 6703/5009/1869 6705/5008/1869 6709/5012/1869 6707/5013/1869 
f 6705/5008/1869 6706/5007/1869 6710/5011/1869 6709/5012/1869 
s 8
f 6679/5015/1870 6682/5004/1870 6711/5019/1870 6712/5020/1870 
f 6713/5004/1870 6714/5002/1870 6715/5021/1870 6716/5019/1870 
f 6684/5002/1870 6686/4999/1870 6717/5022/1870 6718/5021/1870 
f 6712/5020/1870 6711/5019/1870 6696/5013/1870 6695/5018/1870 
f 6716/5019/1870 6715/5021/1870 6719/5012/1871 6720/5013/1871 
f 6718/5021/1870 6717/5022/1870 6701/5011/1870 6699/5012/1870 
s 16
f 6686/5015/1872 6685/5004/1872 6721/5019/1872 6717/5020/1872 
f 6722/5004/1872 6723/5002/1872 6724/5021/1872 6725/5019/1872 
f 6690/5002/1872 6694/4999/1872 6726/5022/1872 6727/5021/1872 
f 6717/5020/1872 6721/5019/1872 6702/5013/1873 6701/5018/1873 
f 6725/5019/1872 6724/5021/1872 6728/5012/1873 6729/5013/1873 
f 6727/5021/1872 6726/5022/1872 6710/5011/1873 6706/5012/1873 
s 32
f 6694/5015/1874 6693/5004/1874 6730/5019/1874 6726/5020/1874 
f 6731/5004/1874 6732/5002/1874 6733/5021/1874 6734/5019/1874 
f 6692/5002/1874 6691/4999/1874 6735/5022/1874 6736/5021/1874 
f 6726/5020/1874 6730/5019/1874 6709/5013/1875 6710/5018/1875 
f 6734/5019/1874 6733/5021/1874 6737/5012/1875 6738/5013/1875 
f 6736/5021/1874 6735/5022/1874 6708/5011/1875 6707/5012/1875 
s 64
f 6691/5015/1876 6687/5004/1876 6739/5019/1876 6735/5020/1876 
f 6740/5004/1876 6741/5002/1876 6742/5021/1876 6743/5019/1876 
f 6680/5002/1876 6679/4999/1876 6712/5022/1876 6744/5021/1876 
f 6735/5020/1876 6739/5019/1876 6704/5013/1876 6708/5018/1876 
f 6743/5019/1876 6742/5021/1876 6745/5012/1877 6746/5013/1877 
f 6744/5021/1876 6712/5022/1876 6695/5011/1876 6698/5012/1876 
s off
f 6682/5002/1868 6684/5004/1868 6714/5002/1868 6713/5004/1868 
usemtl tfg
f 6684/5002/1872 6718/5021/1872 6715/5021/1872 6714/5002/1872 
f 6718/5021/1873 6699/5012/1873 6719/5012/1873 6715/5021/1873 
usemtl xdgh
f 6699/5002/1869 6696/5004/1869 6720/5013/1869 6719/5012/1869 
usemtl tfg
f 6696/5013/1878 6711/5019/1878 6716/5019/1878 6720/5013/1878 
f 6711/5019/1877 6682/5004/1877 6713/5004/1877 6716/5019/1877 
usemtl xdgh
f 6685/5005/1868 6690/5010/1868 6723/5002/1868 6722/5004/1868 
usemtl tfg
f 6690/5002/1874 6727/5021/1874 6724/5021/1874 6723/5002/1874 
f 6727/5021/1875 6706/5012/1875 6728/5012/1875 6724/5021/1875 
usemtl xdgh
f 6706/5007/1869 6702/5000/1869 6729/5013/1869 6728/5012/1869 
usemtl tfg
f 6702/5013/1879 6721/5019/1879 6725/5019/1879 6729/5013/1879 
f 6721/5019/1871 6685/5004/1871 6722/5004/1871 6725/5019/1871 
usemtl xdgh
f 6693/5013/1868 6692/5012/1868 6732/5002/1868 6731/5004/1868 
usemtl tfg
f 6692/5002/1877 6736/5021/1877 6733/5021/1877 6732/5002/1877 
f 6736/5021/1876 6707/5012/1876 6737/5012/1876 6733/5021/1876 
usemtl xdgh
f 6707/5013/1869 6709/5012/1869 6738/5013/1869 6737/5012/1869 
usemtl tfg
f 6709/5013/1873 6730/5019/1873 6734/5019/1873 6738/5013/1873 
f 6730/5019/1872 6693/5004/1872 6731/5004/1872 6734/5019/1872 
usemtl xdgh
f 6687/5007/1868 6680/5000/1868 6741/5002/1868 6740/5004/1868 
usemtl tfg
f 6680/5002/1871 6744/5021/1871 6742/5021/1871 6741/5002/1871 
f 6744/5021/1870 6698/5012/1870 6745/5012/1870 6742/5021/1870 
usemtl xdgh
f 6698/5016/1869 6704/5017/1869 6746/5013/1869 6745/5012/1869 
usemtl tfg
f 6704/5013/1875 6739/5019/1875 6743/5019/1875 6746/5013/1875 
f 6739/5019/1874 6687/5004/1874 6740/5004/1874 6743/5019/1874 
# 66 polygons

#
# object Box463
#

v  -31.7410 28.6489 70.2129
v  -35.8050 28.6489 70.2129
v  -35.8050 28.6489 66.1489
v  -31.7410 28.6489 66.1489
v  -31.7410 29.3336 70.2129
v  -31.7410 29.3336 66.1489
v  -35.8050 29.3336 66.1489
v  -35.8050 29.3336 70.2129
v  -31.3600 28.1791 70.5939
v  -36.1860 28.1791 70.5939
v  -36.1860 28.1791 65.7679
v  -31.3600 28.1791 65.7679
v  -31.3600 28.6871 70.5939
v  -31.3600 28.6871 65.7679
v  -36.1860 28.6871 65.7679
v  -36.1860 28.6871 70.5939
# 16 vertices

vn 0.0000 -1.0000 -0.0000
vn 0.0000 1.0000 -0.0000
vn 1.0000 0.0000 -0.0000
vn -0.0000 0.0000 -1.0000
vn -1.0000 0.0000 0.0000
vn 0.0000 0.0000 1.0000
# 6 vertex normals

vt 1.0000 0.0000 0.0000
vt 1.0000 1.0000 0.0000
vt 0.0000 1.0000 0.0000
vt 0.0000 0.0000 0.0000
# 4 texture coords

g Box463
usemtl tfg
s 2
f 6747/5023/1880 6748/5024/1880 6749/5025/1880 6750/5026/1880 
usemtl xdgh
s 4
f 6751/5026/1881 6752/5023/1881 6753/5024/1881 6754/5025/1881 
usemtl tfg
s 8
f 6747/5026/1882 6750/5023/1882 6752/5024/1882 6751/5025/1882 
s 16
f 6750/5026/1883 6749/5023/1883 6753/5024/1883 6752/5025/1883 
s 32
f 6749/5026/1884 6748/5023/1884 6754/5024/1884 6753/5025/1884 
s 64
f 6748/5026/1885 6747/5023/1885 6751/5024/1885 6754/5025/1885 
s 2
f 6755/5023/1880 6756/5024/1880 6757/5025/1880 6758/5026/1880 
s 4
f 6759/5026/1881 6760/5023/1881 6761/5024/1881 6762/5025/1881 
s 8
f 6755/5026/1882 6758/5023/1882 6760/5024/1882 6759/5025/1882 
s 16
f 6758/5026/1883 6757/5023/1883 6761/5024/1883 6760/5025/1883 
s 32
f 6757/5026/1884 6756/5023/1884 6762/5024/1884 6761/5025/1884 
s 64
f 6756/5026/1885 6755/5023/1885 6759/5024/1885 6762/5025/1885 
# 12 polygons

#
# object Box464
#

v  -31.6781 -0.3273 70.3496
v  -33.1174 -0.3273 70.3496
v  -33.1174 -0.3273 68.9103
v  -31.6781 -0.3273 68.9103
v  -33.1174 -0.3273 67.4710
v  -31.6781 -0.3273 67.4710
v  -33.1174 -0.3273 66.0316
v  -31.6781 -0.3273 66.0316
v  -34.5568 -0.3273 70.3496
v  -34.5568 -0.3273 68.9103
v  -34.5568 -0.3273 67.4710
v  -34.5568 -0.3273 66.0316
v  -35.9961 -0.3273 70.3496
v  -35.9961 -0.3273 68.9103
v  -35.9961 -0.3273 67.4710
v  -35.9961 -0.3273 66.0316
v  -31.6781 9.8327 70.3496
v  -31.6781 9.8327 68.9103
v  -33.1174 9.8327 68.9103
v  -33.1174 9.8327 70.3496
v  -31.6781 9.8327 67.4710
v  -33.1174 9.8327 67.4710
v  -31.6781 9.8327 66.0316
v  -33.1174 9.8327 66.0316
v  -34.5568 9.8327 68.9103
v  -34.5568 9.8327 70.3496
v  -34.5568 9.8327 67.4710
v  -34.5568 9.8327 66.0316
v  -35.9961 9.8327 68.9103
v  -35.9961 9.8327 70.3496
v  -35.9961 9.8327 67.4710
v  -35.9961 9.8327 66.0316
v  -31.6781 4.7527 68.9103
v  -31.6781 4.7527 70.3496
v  -31.1701 -0.3273 68.9103
v  -31.1701 -0.3273 67.4710
v  -31.1701 4.7527 67.4710
v  -31.1701 4.7527 68.9103
v  -31.6781 4.7527 66.0316
v  -31.6781 4.7527 67.4710
v  -31.1701 9.8327 67.4710
v  -31.1701 9.8327 68.9103
v  -33.1174 4.7527 66.0316
v  -33.1174 -0.3273 65.5236
v  -34.5568 -0.3273 65.5236
v  -34.5568 4.7527 65.5236
v  -33.1174 4.7527 65.5236
v  -35.9961 4.7527 66.0316
v  -34.5568 4.7527 66.0316
v  -34.5568 9.8327 65.5236
v  -33.1174 9.8327 65.5236
v  -35.9961 4.7527 67.4710
v  -36.5041 -0.3273 67.4710
v  -36.5041 -0.3273 68.9103
v  -36.5041 4.7527 68.9103
v  -36.5041 4.7527 67.4710
v  -35.9961 4.7527 70.3496
v  -35.9961 4.7527 68.9103
v  -36.5041 9.8327 68.9103
v  -36.5041 9.8327 67.4710
v  -34.5568 4.7527 70.3496
v  -34.5568 -0.3273 70.8576
v  -33.1174 -0.3273 70.8576
v  -33.1174 4.7527 70.8576
v  -34.5568 4.7527 70.8576
v  -33.1174 4.7527 70.3496
v  -33.1174 9.8327 70.8576
v  -34.5568 9.8327 70.8576
# 68 vertices

vn 0.0000 -1.0000 -0.0000
vn 0.0000 1.0000 -0.0000
vn 1.0000 0.0000 -0.0000
vn -0.0000 0.0000 -1.0000
vn -0.0000 -0.0000 -1.0000
vn -1.0000 0.0000 0.0000
vn -1.0000 -0.0000 0.0000
vn 0.0000 0.0000 1.0000
vn 0.0000 -0.0000 1.0000
vn 1.0000 -0.0000 -0.0000
# 10 vertex normals

vt 1.0000 0.0000 0.0000
vt 1.0000 0.3333 0.0000
vt 0.6667 0.3333 0.0000
vt 0.6667 0.0000 0.0000
vt 0.3333 0.3333 0.0000
vt 0.3333 0.0000 0.0000
vt -0.0000 0.3333 0.0000
vt -0.0000 0.0000 0.0000
vt 1.0000 0.6667 0.0000
vt 0.6667 0.6667 0.0000
vt 0.3333 0.6667 0.0000
vt -0.0000 0.6667 0.0000
vt 1.0000 1.0000 0.0000
vt 0.6667 1.0000 0.0000
vt 0.3333 1.0000 0.0000
vt -0.0000 1.0000 0.0000
vt 0.0000 0.0000 0.0000
vt 0.0000 0.3333 0.0000
vt 0.0000 0.6667 0.0000
vt 0.0000 1.0000 0.0000
vt 0.3333 0.5000 0.0000
vt 0.0000 0.5000 0.0000
vt 0.6667 0.5000 0.0000
vt 1.0000 0.5000 0.0000
# 24 texture coords

g Box464
usemtl xdgh
s 2
f 6763/5027/1886 6764/5028/1886 6765/5029/1886 6766/5030/1886 
f 6766/5030/1886 6765/5029/1886 6767/5031/1886 6768/5032/1886 
f 6768/5032/1886 6767/5031/1886 6769/5033/1886 6770/5034/1886 
f 6764/5028/1886 6771/5035/1886 6772/5036/1886 6765/5029/1886 
f 6765/5029/1886 6772/5036/1886 6773/5037/1886 6767/5031/1886 
f 6767/5031/1886 6773/5037/1886 6774/5038/1886 6769/5033/1886 
f 6771/5035/1886 6775/5039/1886 6776/5040/1886 6772/5036/1886 
f 6772/5036/1886 6776/5040/1886 6777/5041/1886 6773/5037/1886 
f 6773/5037/1886 6777/5041/1886 6778/5042/1886 6774/5038/1886 
usemtl tfg
s 4
f 6779/5043/1887 6780/5032/1887 6781/5031/1887 6782/5044/1887 
f 6780/5032/1887 6783/5030/1887 6784/5029/1887 6781/5031/1887 
f 6783/5030/1887 6785/5027/1887 6786/5028/1887 6784/5029/1887 
f 6782/5044/1887 6781/5031/1887 6787/5037/1887 6788/5045/1887 
f 6781/5031/1887 6784/5029/1887 6789/5036/1887 6787/5037/1887 
f 6784/5029/1887 6786/5028/1887 6790/5035/1887 6789/5036/1887 
f 6788/5045/1887 6787/5037/1887 6791/5041/1887 6792/5046/1887 
f 6787/5037/1887 6789/5036/1887 6793/5040/1887 6791/5041/1887 
f 6789/5036/1887 6790/5035/1887 6794/5039/1887 6793/5040/1887 
usemtl xdgh
s 8
f 6763/5043/1888 6766/5032/1888 6795/5047/1888 6796/5048/1888 
f 6797/5032/1888 6798/5030/1888 6799/5049/1888 6800/5047/1888 
f 6768/5030/1888 6770/5027/1888 6801/5050/1888 6802/5049/1888 
usemtl tfg
f 6796/5048/1888 6795/5047/1888 6780/5041/1888 6779/5046/1888 
usemtl xdgh
f 6800/5047/1888 6799/5049/1888 6803/5040/1888 6804/5041/1888 
f 6802/5049/1888 6801/5050/1888 6785/5039/1888 6783/5040/1888 
s 16
f 6770/5043/1889 6769/5032/1889 6805/5047/1889 6801/5048/1889 
f 6806/5032/1890 6807/5030/1890 6808/5049/1889 6809/5047/1889 
f 6774/5030/1889 6778/5027/1889 6810/5050/1889 6811/5049/1889 
f 6801/5048/1889 6805/5047/1889 6786/5041/1889 6785/5046/1889 
f 6809/5047/1889 6808/5049/1889 6812/5040/1889 6813/5041/1889 
usemtl tfg
f 6811/5049/1889 6810/5050/1889 6794/5039/1889 6790/5040/1889 
usemtl xdgh
s 32
f 6778/5043/1891 6777/5032/1891 6814/5047/1891 6810/5048/1891 
f 6815/5032/1892 6816/5030/1892 6817/5049/1891 6818/5047/1891 
f 6776/5030/1891 6775/5027/1891 6819/5050/1891 6820/5049/1891 
usemtl tfg
f 6810/5048/1891 6814/5047/1891 6793/5041/1891 6794/5046/1891 
usemtl xdgh
f 6818/5047/1891 6817/5049/1891 6821/5040/1891 6822/5041/1891 
usemtl tfg
f 6820/5049/1891 6819/5050/1891 6792/5039/1891 6791/5040/1891 
usemtl xdgh
s 64
f 6775/5043/1893 6771/5032/1893 6823/5047/1893 6819/5048/1893 
f 6824/5032/1893 6825/5030/1893 6826/5049/1893 6827/5047/1893 
f 6764/5030/1893 6763/5027/1893 6796/5050/1893 6828/5049/1893 
usemtl tfg
f 6819/5048/1893 6823/5047/1893 6788/5041/1893 6792/5046/1893 
usemtl xdgh
f 6827/5047/1893 6826/5049/1893 6829/5040/1893 6830/5041/1893 
usemtl tfg
f 6828/5049/1893 6796/5050/1893 6779/5039/1893 6782/5040/1893 
usemtl xdgh
s off
f 6766/5030/1886 6768/5032/1886 6798/5030/1886 6797/5032/1886 
usemtl 03___Defaulttyi
f 6768/5030/1889 6802/5049/1889 6799/5049/1889 6798/5030/1889 
f 6802/5049/1889 6783/5040/1889 6803/5040/1889 6799/5049/1889 
usemtl tfg
f 6783/5030/1887 6780/5032/1887 6804/5041/1887 6803/5040/1887 
usemtl 03___Defaulttyi
f 6780/5041/1893 6795/5047/1893 6800/5047/1893 6804/5041/1893 
f 6795/5047/1893 6766/5032/1893 6797/5032/1893 6800/5047/1893 
usemtl xdgh
f 6769/5033/1886 6774/5038/1886 6807/5030/1886 6806/5032/1886 
usemtl tfg
f 6774/5030/1891 6811/5049/1891 6808/5049/1891 6807/5030/1891 
f 6811/5049/1891 6790/5040/1891 6812/5040/1891 6808/5049/1891 
f 6790/5035/1887 6786/5028/1887 6813/5041/1887 6812/5040/1887 
f 6786/5041/1888 6805/5047/1888 6809/5047/1888 6813/5041/1888 
f 6805/5047/1888 6769/5032/1888 6806/5032/1888 6809/5047/1888 
usemtl xdgh
f 6777/5041/1886 6776/5040/1886 6816/5030/1886 6815/5032/1886 
usemtl tfg
f 6776/5030/1893 6820/5049/1893 6817/5049/1893 6816/5030/1893 
f 6820/5049/1894 6791/5040/1894 6821/5040/1894 6817/5049/1894 
f 6791/5041/1887 6793/5040/1887 6822/5041/1887 6821/5040/1887 
f 6793/5041/1889 6814/5047/1889 6818/5047/1889 6822/5041/1889 
f 6814/5047/1890 6777/5032/1890 6815/5032/1890 6818/5047/1890 
usemtl xdgh
f 6771/5035/1886 6764/5028/1886 6825/5030/1886 6824/5032/1886 
usemtl tfg
f 6764/5030/1888 6828/5049/1888 6826/5049/1888 6825/5030/1888 
f 6828/5049/1895 6782/5040/1895 6829/5040/1895 6826/5049/1895 
f 6782/5044/1887 6788/5045/1887 6830/5041/1887 6829/5040/1887 
f 6788/5041/1891 6823/5047/1891 6827/5047/1891 6830/5041/1891 
f 6823/5047/1892 6771/5032/1892 6824/5032/1892 6827/5047/1892 
# 66 polygons

#
# object Cylinder203
#

v  -36.7371 4.0354 68.1752
v  -36.7371 4.7393 68.8791
v  -36.7371 5.4432 68.1752
v  -36.7371 4.7393 67.4713
v  -36.6863 4.7393 68.8791
v  -36.6863 5.4432 68.1752
v  -36.6863 4.0354 68.1752
v  -36.6863 4.7393 67.4713
v  -36.6355 4.7393 68.8791
v  -36.6355 5.4432 68.1752
v  -36.6355 4.0354 68.1752
v  -36.6355 4.7393 67.4713
v  -36.5847 4.7393 68.8791
v  -36.5847 5.4432 68.1752
v  -36.5847 4.0354 68.1752
v  -36.5847 4.7393 67.4713
v  -36.5339 4.7393 68.8791
v  -36.5339 5.4432 68.1752
v  -36.5339 4.0354 68.1752
v  -36.5339 4.7393 67.4713
v  -36.4831 4.7393 68.8791
v  -36.4831 5.4432 68.1752
v  -36.4831 4.0354 68.1752
v  -36.4831 4.7393 67.4713
# 24 vertices

vn -1.0000 0.0000 0.0000
vn 0.0000 1.0000 -0.0000
vn 0.0000 0.0000 1.0000
vn -0.0000 -1.0000 0.0000
vn -0.0000 -0.0000 -1.0000
vn 1.0000 -0.0000 -0.0000
# 6 vertex normals

vt 0.2500 0.0000 1.0000
vt 0.0000 0.0000 1.0000
vt -0.2500 0.0000 1.0000
vt 0.7500 0.0000 1.0000
vt 0.5000 0.0000 1.0000
vt 0.0000 0.2000 1.0000
vt -0.2500 0.2000 1.0000
vt 0.2500 0.2000 1.0000
vt 0.5000 0.2000 1.0000
vt 0.7500 0.2000 1.0000
vt 0.0000 0.4000 1.0000
vt -0.2500 0.4000 1.0000
vt 0.2500 0.4000 1.0000
vt 0.5000 0.4000 1.0000
vt 0.7500 0.4000 1.0000
vt 0.0000 0.6000 1.0000
vt -0.2500 0.6000 1.0000
vt 0.2500 0.6000 1.0000
vt 0.5000 0.6000 1.0000
vt 0.7500 0.6000 1.0000
vt 0.0000 0.8000 1.0000
vt -0.2500 0.8000 1.0000
vt 0.2500 0.8000 1.0000
vt 0.5000 0.8000 1.0000
vt 0.7500 0.8000 1.0000
vt 0.0000 1.0000 1.0000
vt -0.2500 1.0000 1.0000
vt 0.2500 1.0000 1.0000
vt 0.5000 1.0000 1.0000
vt 0.7500 1.0000 1.0000
vt 1.0000 1.0000 -1.0000
# 31 texture coords

g Cylinder203
usemtl 03___Defaulttyi
s 1
f 6831/5051/1896 6832/5052/1896 6833/5053/1896 
f 6833/5054/1896 6834/5055/1896 6831/5051/1896 
s 8
f 6833/5053/1897 6832/5052/1898 6835/5056/1898 6836/5057/1897 
f 6832/5052/1898 6831/5051/1899 6837/5058/1899 6835/5056/1898 
f 6831/5051/1899 6834/5055/1900 6838/5059/1900 6837/5058/1899 
f 6834/5055/1900 6833/5054/1897 6836/5060/1897 6838/5059/1900 
f 6836/5057/1897 6835/5056/1898 6839/5061/1898 6840/5062/1897 
f 6835/5056/1898 6837/5058/1899 6841/5063/1899 6839/5061/1898 
f 6837/5058/1899 6838/5059/1900 6842/5064/1900 6841/5063/1899 
f 6838/5059/1900 6836/5060/1897 6840/5065/1897 6842/5064/1900 
f 6840/5062/1897 6839/5061/1898 6843/5066/1898 6844/5067/1897 
f 6839/5061/1898 6841/5063/1899 6845/5068/1899 6843/5066/1898 
f 6841/5063/1899 6842/5064/1900 6846/5069/1900 6845/5068/1899 
f 6842/5064/1900 6840/5065/1897 6844/5070/1897 6846/5069/1900 
f 6844/5067/1897 6843/5066/1898 6847/5071/1898 6848/5072/1897 
f 6843/5066/1898 6845/5068/1899 6849/5073/1899 6847/5071/1898 
f 6845/5068/1899 6846/5069/1900 6850/5074/1900 6849/5073/1899 
f 6846/5069/1900 6844/5070/1897 6848/5075/1897 6850/5074/1900 
f 6848/5072/1897 6847/5071/1898 6851/5076/1898 6852/5077/1897 
f 6847/5071/1898 6849/5073/1899 6853/5078/1899 6851/5076/1898 
f 6849/5073/1899 6850/5074/1900 6854/5079/1900 6853/5078/1899 
f 6850/5074/1900 6848/5075/1897 6852/5080/1897 6854/5079/1900 
s 1
f 6854/5081/1901 6852/5077/1901 6851/5076/1901 
f 6851/5076/1901 6853/5078/1901 6854/5079/1901 
# 20 polygons - 4 triangles

#
# object Cylinder204
#

v  -33.7947 4.0354 65.3015
v  -34.4986 4.7393 65.3015
v  -33.7947 5.4432 65.3015
v  -33.0908 4.7393 65.3015
v  -34.4986 4.7393 65.3523
v  -33.7947 5.4432 65.3523
v  -33.7947 4.0354 65.3523
v  -33.0908 4.7393 65.3523
v  -34.4986 4.7393 65.4031
v  -33.7947 5.4432 65.4031
v  -33.7947 4.0354 65.4031
v  -33.0908 4.7393 65.4031
v  -34.4986 4.7393 65.4539
v  -33.7947 5.4432 65.4539
v  -33.7947 4.0354 65.4539
v  -33.0908 4.7393 65.4539
v  -34.4986 4.7393 65.5047
v  -33.7947 5.4432 65.5047
v  -33.7947 4.0354 65.5047
v  -33.0908 4.7393 65.5047
v  -34.4986 4.7393 65.5555
v  -33.7947 5.4432 65.5555
v  -33.7947 4.0354 65.5555
v  -33.0908 4.7393 65.5555
# 24 vertices

vn -0.0000 -0.0000 -1.0000
vn 0.0000 1.0000 -0.0000
vn -1.0000 0.0000 0.0000
vn -0.0000 -1.0000 0.0000
vn 1.0000 -0.0000 -0.0000
vn 0.0000 0.0000 1.0000
# 6 vertex normals

vt 0.2500 0.0000 1.0000
vt 0.0000 0.0000 1.0000
vt -0.2500 0.0000 1.0000
vt 0.7500 0.0000 1.0000
vt 0.5000 0.0000 1.0000
vt 0.0000 0.2000 1.0000
vt -0.2500 0.2000 1.0000
vt 0.2500 0.2000 1.0000
vt 0.5000 0.2000 1.0000
vt 0.7500 0.2000 1.0000
vt 0.0000 0.4000 1.0000
vt -0.2500 0.4000 1.0000
vt 0.2500 0.4000 1.0000
vt 0.5000 0.4000 1.0000
vt 0.7500 0.4000 1.0000
vt 0.0000 0.6000 1.0000
vt -0.2500 0.6000 1.0000
vt 0.2500 0.6000 1.0000
vt 0.5000 0.6000 1.0000
vt 0.7500 0.6000 1.0000
vt 0.0000 0.8000 1.0000
vt -0.2500 0.8000 1.0000
vt 0.2500 0.8000 1.0000
vt 0.5000 0.8000 1.0000
vt 0.7500 0.8000 1.0000
vt 0.0000 1.0000 1.0000
vt -0.2500 1.0000 1.0000
vt 0.2500 1.0000 1.0000
vt 0.5000 1.0000 1.0000
vt 0.7500 1.0000 1.0000
vt 1.0000 1.0000 -1.0000
# 31 texture coords

g Cylinder204
usemtl 03___Defaulttyi
s 1
f 6855/5082/1902 6856/5083/1902 6857/5084/1902 
f 6857/5085/1902 6858/5086/1902 6855/5082/1902 
s 8
f 6857/5084/1903 6856/5083/1904 6859/5087/1904 6860/5088/1903 
f 6856/5083/1904 6855/5082/1905 6861/5089/1905 6859/5087/1904 
f 6855/5082/1905 6858/5086/1906 6862/5090/1906 6861/5089/1905 
f 6858/5086/1906 6857/5085/1903 6860/5091/1903 6862/5090/1906 
f 6860/5088/1903 6859/5087/1904 6863/5092/1904 6864/5093/1903 
f 6859/5087/1904 6861/5089/1905 6865/5094/1905 6863/5092/1904 
f 6861/5089/1905 6862/5090/1906 6866/5095/1906 6865/5094/1905 
f 6862/5090/1906 6860/5091/1903 6864/5096/1903 6866/5095/1906 
f 6864/5093/1903 6863/5092/1904 6867/5097/1904 6868/5098/1903 
f 6863/5092/1904 6865/5094/1905 6869/5099/1905 6867/5097/1904 
f 6865/5094/1905 6866/5095/1906 6870/5100/1906 6869/5099/1905 
f 6866/5095/1906 6864/5096/1903 6868/5101/1903 6870/5100/1906 
f 6868/5098/1903 6867/5097/1904 6871/5102/1904 6872/5103/1903 
f 6867/5097/1904 6869/5099/1905 6873/5104/1905 6871/5102/1904 
f 6869/5099/1905 6870/5100/1906 6874/5105/1906 6873/5104/1905 
f 6870/5100/1906 6868/5101/1903 6872/5106/1903 6874/5105/1906 
f 6872/5103/1903 6871/5102/1904 6875/5107/1904 6876/5108/1903 
f 6871/5102/1904 6873/5104/1905 6877/5109/1905 6875/5107/1904 
f 6873/5104/1905 6874/5105/1906 6878/5110/1906 6877/5109/1905 
f 6874/5105/1906 6872/5106/1903 6876/5111/1903 6878/5110/1906 
s 1
f 6878/5112/1907 6876/5108/1907 6875/5107/1907 
f 6875/5107/1907 6877/5109/1907 6878/5110/1907 
# 20 polygons - 4 triangles

#
# object Box465
#

v  -31.2971 4.5718 70.7306
v  -36.3771 4.5718 70.7306
v  -36.3771 4.5718 65.6506
v  -31.2971 4.5718 65.6506
v  -31.2971 4.8258 70.7306
v  -31.2971 4.8258 65.6506
v  -36.3771 4.8258 65.6506
v  -36.3771 4.8258 70.7306
# 8 vertices

vn 0.0000 -1.0000 -0.0000
vn 0.0000 1.0000 -0.0000
vn 1.0000 0.0000 -0.0000
vn -0.0000 0.0000 -1.0000
vn -1.0000 0.0000 0.0000
vn 0.0000 0.0000 1.0000
# 6 vertex normals

vt 1.0000 0.0000 0.0000
vt 1.0000 1.0000 0.0000
vt 0.0000 1.0000 0.0000
vt 0.0000 0.0000 0.0000
# 4 texture coords

g Box465
usemtl cvj
s 2
f 6879/5113/1908 6880/5114/1908 6881/5115/1908 6882/5116/1908 
s 4
f 6883/5116/1909 6884/5113/1909 6885/5114/1909 6886/5115/1909 
s 8
f 6879/5116/1910 6882/5113/1910 6884/5114/1910 6883/5115/1910 
s 16
f 6882/5116/1911 6881/5113/1911 6885/5114/1911 6884/5115/1911 
s 32
f 6881/5116/1912 6880/5113/1912 6886/5114/1912 6885/5115/1912 
s 64
f 6880/5116/1913 6879/5113/1913 6883/5114/1913 6886/5115/1913 
# 6 polygons

#
# object Box466
#

v  -31.4241 -0.3273 70.6036
v  -36.2501 -0.3273 70.6036
v  -36.2501 -0.3273 65.7776
v  -31.4241 -0.3273 65.7776
v  -31.4241 0.9427 70.6036
v  -31.4241 0.9427 65.7776
v  -36.2501 0.9427 65.7776
v  -36.2501 0.9427 70.6036
# 8 vertices

vn 0.0000 -1.0000 -0.0000
vn 0.0000 1.0000 -0.0000
vn 1.0000 0.0000 -0.0000
vn -0.0000 0.0000 -1.0000
vn -1.0000 0.0000 0.0000
vn 0.0000 0.0000 1.0000
# 6 vertex normals

vt 1.0000 0.0000 0.0000
vt 1.0000 1.0000 0.0000
vt 0.0000 1.0000 0.0000
vt 0.0000 0.0000 0.0000
# 4 texture coords

g Box466
usemtl tfg
s 2
f 6887/5117/1914 6888/5118/1914 6889/5119/1914 6890/5120/1914 
s 4
f 6891/5120/1915 6892/5117/1915 6893/5118/1915 6894/5119/1915 
s 8
f 6887/5120/1916 6890/5117/1916 6892/5118/1916 6891/5119/1916 
s 16
f 6890/5120/1917 6889/5117/1917 6893/5118/1917 6892/5119/1917 
s 32
f 6889/5120/1918 6888/5117/1918 6894/5118/1918 6893/5119/1918 
s 64
f 6888/5120/1919 6887/5117/1919 6891/5118/1919 6894/5119/1919 
# 6 polygons

#
# object Cylinder205
#

v  -33.7947 4.0354 70.7602
v  -34.4986 4.7393 70.7602
v  -33.7947 5.4432 70.7602
v  -33.0908 4.7393 70.7602
v  -34.4986 4.7393 70.8110
v  -33.7947 5.4432 70.8110
v  -33.7947 4.0354 70.8110
v  -33.0908 4.7393 70.8110
v  -34.4986 4.7393 70.8618
v  -33.7947 5.4432 70.8618
v  -33.7947 4.0354 70.8618
v  -33.0908 4.7393 70.8618
v  -34.4986 4.7393 70.9126
v  -33.7947 5.4432 70.9126
v  -33.7947 4.0354 70.9126
v  -33.0908 4.7393 70.9126
v  -34.4986 4.7393 70.9634
v  -33.7947 5.4432 70.9634
v  -33.7947 4.0354 70.9634
v  -33.0908 4.7393 70.9634
v  -34.4986 4.7393 71.0142
v  -33.7947 5.4432 71.0142
v  -33.7947 4.0354 71.0142
v  -33.0908 4.7393 71.0142
# 24 vertices

vn -0.0000 -0.0000 -1.0000
vn 0.0000 1.0000 -0.0000
vn -1.0000 0.0000 0.0000
vn -0.0000 -1.0000 0.0000
vn 1.0000 -0.0000 -0.0000
vn 0.0000 0.0000 1.0000
# 6 vertex normals

vt 0.2500 0.0000 1.0000
vt 0.0000 0.0000 1.0000
vt -0.2500 0.0000 1.0000
vt 0.7500 0.0000 1.0000
vt 0.5000 0.0000 1.0000
vt 0.0000 0.2000 1.0000
vt -0.2500 0.2000 1.0000
vt 0.2500 0.2000 1.0000
vt 0.5000 0.2000 1.0000
vt 0.7500 0.2000 1.0000
vt 0.0000 0.4000 1.0000
vt -0.2500 0.4000 1.0000
vt 0.2500 0.4000 1.0000
vt 0.5000 0.4000 1.0000
vt 0.7500 0.4000 1.0000
vt 0.0000 0.6000 1.0000
vt -0.2500 0.6000 1.0000
vt 0.2500 0.6000 1.0000
vt 0.5000 0.6000 1.0000
vt 0.7500 0.6000 1.0000
vt 0.0000 0.8000 1.0000
vt -0.2500 0.8000 1.0000
vt 0.2500 0.8000 1.0000
vt 0.5000 0.8000 1.0000
vt 0.7500 0.8000 1.0000
vt 0.0000 1.0000 1.0000
vt -0.2500 1.0000 1.0000
vt 0.2500 1.0000 1.0000
vt 0.5000 1.0000 1.0000
vt 0.7500 1.0000 1.0000
vt 1.0000 1.0000 -1.0000
# 31 texture coords

g Cylinder205
usemtl 03___Defaulttyi
s 1
f 6895/5121/1920 6896/5122/1920 6897/5123/1920 
f 6897/5124/1920 6898/5125/1920 6895/5121/1920 
s 8
f 6897/5123/1921 6896/5122/1922 6899/5126/1922 6900/5127/1921 
f 6896/5122/1922 6895/5121/1923 6901/5128/1923 6899/5126/1922 
f 6895/5121/1923 6898/5125/1924 6902/5129/1924 6901/5128/1923 
f 6898/5125/1924 6897/5124/1921 6900/5130/1921 6902/5129/1924 
f 6900/5127/1921 6899/5126/1922 6903/5131/1922 6904/5132/1921 
f 6899/5126/1922 6901/5128/1923 6905/5133/1923 6903/5131/1922 
f 6901/5128/1923 6902/5129/1924 6906/5134/1924 6905/5133/1923 
f 6902/5129/1924 6900/5130/1921 6904/5135/1921 6906/5134/1924 
f 6904/5132/1921 6903/5131/1922 6907/5136/1922 6908/5137/1921 
f 6903/5131/1922 6905/5133/1923 6909/5138/1923 6907/5136/1922 
f 6905/5133/1923 6906/5134/1924 6910/5139/1924 6909/5138/1923 
f 6906/5134/1924 6904/5135/1921 6908/5140/1921 6910/5139/1924 
f 6908/5137/1921 6907/5136/1922 6911/5141/1922 6912/5142/1921 
f 6907/5136/1922 6909/5138/1923 6913/5143/1923 6911/5141/1922 
f 6909/5138/1923 6910/5139/1924 6914/5144/1924 6913/5143/1923 
f 6910/5139/1924 6908/5140/1921 6912/5145/1921 6914/5144/1924 
f 6912/5142/1921 6911/5141/1922 6915/5146/1922 6916/5147/1921 
f 6911/5141/1922 6913/5143/1923 6917/5148/1923 6915/5146/1922 
f 6913/5143/1923 6914/5144/1924 6918/5149/1924 6917/5148/1923 
f 6914/5144/1924 6912/5145/1921 6916/5150/1921 6918/5149/1924 
s 1
f 6918/5151/1925 6916/5147/1925 6915/5146/1925 
f 6915/5146/1925 6917/5148/1925 6918/5149/1925 
# 20 polygons - 4 triangles

#
# object Cylinder206
#

v  -31.2561 4.0354 68.1752
v  -31.2561 4.7393 68.8791
v  -31.2561 5.4432 68.1752
v  -31.2561 4.7393 67.4713
v  -31.2053 4.7393 68.8791
v  -31.2053 5.4432 68.1752
v  -31.2053 4.0354 68.1752
v  -31.2053 4.7393 67.4713
v  -31.1545 4.7393 68.8791
v  -31.1545 5.4432 68.1752
v  -31.1545 4.0354 68.1752
v  -31.1545 4.7393 67.4713
v  -31.1037 4.7393 68.8791
v  -31.1037 5.4432 68.1752
v  -31.1037 4.0354 68.1752
v  -31.1037 4.7393 67.4713
v  -31.0529 4.7393 68.8791
v  -31.0529 5.4432 68.1752
v  -31.0529 4.0354 68.1752
v  -31.0529 4.7393 67.4713
v  -31.0021 4.7393 68.8791
v  -31.0021 5.4432 68.1752
v  -31.0021 4.0354 68.1752
v  -31.0021 4.7393 67.4713
# 24 vertices

vn -1.0000 0.0000 0.0000
vn 0.0000 1.0000 -0.0000
vn 0.0000 0.0000 1.0000
vn -0.0000 -1.0000 0.0000
vn -0.0000 -0.0000 -1.0000
vn 1.0000 -0.0000 -0.0000
# 6 vertex normals

vt 0.2500 0.0000 1.0000
vt 0.0000 0.0000 1.0000
vt -0.2500 0.0000 1.0000
vt 0.7500 0.0000 1.0000
vt 0.5000 0.0000 1.0000
vt 0.0000 0.2000 1.0000
vt -0.2500 0.2000 1.0000
vt 0.2500 0.2000 1.0000
vt 0.5000 0.2000 1.0000
vt 0.7500 0.2000 1.0000
vt 0.0000 0.4000 1.0000
vt -0.2500 0.4000 1.0000
vt 0.2500 0.4000 1.0000
vt 0.5000 0.4000 1.0000
vt 0.7500 0.4000 1.0000
vt 0.0000 0.6000 1.0000
vt -0.2500 0.6000 1.0000
vt 0.2500 0.6000 1.0000
vt 0.5000 0.6000 1.0000
vt 0.7500 0.6000 1.0000
vt 0.0000 0.8000 1.0000
vt -0.2500 0.8000 1.0000
vt 0.2500 0.8000 1.0000
vt 0.5000 0.8000 1.0000
vt 0.7500 0.8000 1.0000
vt 0.0000 1.0000 1.0000
vt -0.2500 1.0000 1.0000
vt 0.2500 1.0000 1.0000
vt 0.5000 1.0000 1.0000
vt 0.7500 1.0000 1.0000
vt 1.0000 1.0000 -1.0000
# 31 texture coords

g Cylinder206
usemtl 03___Defaulttyi
s 1
f 6919/5152/1926 6920/5153/1926 6921/5154/1926 
f 6921/5155/1926 6922/5156/1926 6919/5152/1926 
s 8
f 6921/5154/1927 6920/5153/1928 6923/5157/1928 6924/5158/1927 
f 6920/5153/1928 6919/5152/1929 6925/5159/1929 6923/5157/1928 
f 6919/5152/1929 6922/5156/1930 6926/5160/1930 6925/5159/1929 
f 6922/5156/1930 6921/5155/1927 6924/5161/1927 6926/5160/1930 
f 6924/5158/1927 6923/5157/1928 6927/5162/1928 6928/5163/1927 
f 6923/5157/1928 6925/5159/1929 6929/5164/1929 6927/5162/1928 
f 6925/5159/1929 6926/5160/1930 6930/5165/1930 6929/5164/1929 
f 6926/5160/1930 6924/5161/1927 6928/5166/1927 6930/5165/1930 
f 6928/5163/1927 6927/5162/1928 6931/5167/1928 6932/5168/1927 
f 6927/5162/1928 6929/5164/1929 6933/5169/1929 6931/5167/1928 
f 6929/5164/1929 6930/5165/1930 6934/5170/1930 6933/5169/1929 
f 6930/5165/1930 6928/5166/1927 6932/5171/1927 6934/5170/1930 
f 6932/5168/1927 6931/5167/1928 6935/5172/1928 6936/5173/1927 
f 6931/5167/1928 6933/5169/1929 6937/5174/1929 6935/5172/1928 
f 6933/5169/1929 6934/5170/1930 6938/5175/1930 6937/5174/1929 
f 6934/5170/1930 6932/5171/1927 6936/5176/1927 6938/5175/1930 
f 6936/5173/1927 6935/5172/1928 6939/5177/1928 6940/5178/1927 
f 6935/5172/1928 6937/5174/1929 6941/5179/1929 6939/5177/1928 
f 6937/5174/1929 6938/5175/1930 6942/5180/1930 6941/5179/1929 
f 6938/5175/1930 6936/5176/1927 6940/5181/1927 6942/5180/1930 
s 1
f 6942/5182/1931 6940/5178/1931 6939/5177/1931 
f 6939/5177/1931 6941/5179/1931 6942/5180/1931 
# 20 polygons - 4 triangles

#
# object Box467
#

v  -31.1353 15.0982 85.2962
v  -33.6753 15.0982 85.2962
v  -33.6753 15.0982 70.0562
v  -31.1353 15.0982 70.0562
v  -31.1353 18.9082 85.2962
v  -31.1353 18.9082 70.0562
v  -33.6753 18.9082 70.0562
v  -33.6753 18.9082 85.2962
# 8 vertices

vn 0.0000 -1.0000 -0.0000
vn 0.0000 1.0000 -0.0000
vn 1.0000 0.0000 -0.0000
vn -0.0000 0.0000 -1.0000
vn -1.0000 0.0000 0.0000
vn 0.0000 0.0000 1.0000
# 6 vertex normals

vt 1.0000 0.0000 0.0000
vt 1.0000 1.0000 0.0000
vt 0.0000 1.0000 0.0000
vt 0.0000 0.0000 0.0000
# 4 texture coords

g Box467
usemtl xdgh
s 2
f 6943/5183/1932 6944/5184/1932 6945/5185/1932 6946/5186/1932 
s 4
f 6947/5186/1933 6948/5183/1933 6949/5184/1933 6950/5185/1933 
s 8
f 6943/5186/1934 6946/5183/1934 6948/5184/1934 6947/5185/1934 
s 16
f 6946/5186/1935 6945/5183/1935 6949/5184/1935 6948/5185/1935 
s 32
f 6945/5186/1936 6944/5183/1936 6950/5184/1936 6949/5185/1936 
s 64
f 6944/5186/1937 6943/5183/1937 6947/5184/1937 6950/5185/1937 
# 6 polygons

#
# object Box468
#

v  -31.9820 0.2258 59.3605
v  -31.1353 0.2258 59.3605
v  -31.1353 0.2258 55.5505
v  -31.9820 0.2258 55.5505
v  -32.8286 0.2258 59.3605
v  -32.8286 0.2258 55.5505
v  -33.6753 0.2258 59.3605
v  -33.6753 0.2258 55.5505
v  -31.9820 17.6750 76.8236
v  -31.9820 17.6750 73.0136
v  -31.1353 17.6750 73.0136
v  -31.1353 17.6750 76.8236
v  -32.8287 17.6750 76.8236
v  -32.8287 17.6750 73.0136
v  -33.6753 17.6750 76.8236
v  -33.6753 17.6750 73.0136
v  -32.8287 17.4953 77.0031
v  -31.9820 17.4953 77.0031
v  -31.9820 0.0461 59.5400
v  -32.8286 0.0461 59.5400
v  -31.9820 17.8547 72.8341
v  -32.8287 17.8547 72.8341
v  -32.8286 0.4055 55.3710
v  -31.9820 0.4055 55.3710
# 24 vertices

vn 0.0000 -1.0000 -0.0000
vn -0.0000 1.0000 0.0000
vn 1.0000 0.0000 -0.0000
vn 0.0000 -0.7074 0.7068
vn -1.0000 -0.0000 0.0000
vn -0.0000 0.7074 -0.7068
vn 0.0000 -0.7067 -0.7075
vn -0.0000 0.7067 0.7075
# 8 vertex normals

vt 0.0000 0.3333 0.0000
vt 0.0000 0.0000 0.0000
vt 1.0000 0.0000 0.0000
vt 1.0000 0.3333 0.0000
vt 0.0000 0.6667 0.0000
vt 1.0000 0.6667 0.0000
vt 0.0000 1.0000 0.0000
vt 1.0000 1.0000 0.0000
vt 0.3333 1.0000 0.0000
vt 0.3333 0.0000 0.0000
vt 0.6667 1.0000 0.0000
vt 0.6667 0.0000 0.0000
# 12 texture coords

g Box468
usemtl xdgh
s 2
f 6954/5190/1938 6953/5189/1938 6952/5188/1938 6951/5187/1938 
f 6956/5192/1938 6954/5190/1938 6951/5187/1938 6955/5191/1938 
f 6958/5194/1938 6956/5192/1938 6955/5191/1938 6957/5193/1938 
s 4
f 6962/5189/1939 6961/5188/1939 6960/5187/1939 6959/5190/1939 
f 6959/5190/1939 6960/5187/1939 6964/5191/1939 6963/5192/1939 
f 6963/5192/1939 6964/5191/1939 6966/5193/1939 6965/5194/1939 
s 8
f 6952/5189/1940 6953/5188/1940 6961/5193/1940 6962/5194/1940 
usemtl cvj
s 16
f 6951/5196/1941 6952/5188/1941 6962/5193/1941 6959/5195/1941 
usemtl xdgh
f 6970/5198/1941 6969/5196/1941 6968/5195/1941 6967/5197/1941 
usemtl cvj
f 6957/5189/1941 6955/5198/1941 6963/5197/1941 6965/5194/1941 
usemtl xdgh
s 32
f 6958/5189/1942 6957/5188/1942 6965/5193/1942 6966/5194/1942 
s 64
f 6956/5196/1943 6958/5188/1943 6966/5193/1943 6964/5195/1943 
usemtl cvj
f 6974/5198/1943 6973/5196/1943 6972/5195/1943 6971/5197/1943 
usemtl xdgh
f 6953/5189/1943 6954/5198/1943 6960/5197/1943 6961/5194/1943 
s off
f 6969/5196/1944 6970/5198/1944 6955/5191/1944 6951/5187/1944 
usemtl tfg
f 6970/5198/1942 6967/5197/1942 6963/5197/1942 6955/5198/1942 
usemtl xdgh
f 6967/5197/1945 6968/5195/1945 6959/5190/1945 6963/5192/1945 
f 6968/5195/1940 6969/5196/1940 6951/5196/1940 6959/5195/1940 
f 6973/5196/1944 6974/5198/1944 6954/5190/1944 6956/5192/1944 
f 6974/5198/1940 6971/5197/1940 6960/5197/1940 6954/5198/1940 
f 6971/5197/1945 6972/5195/1945 6964/5191/1945 6960/5187/1945 
usemtl tfg
f 6972/5195/1942 6973/5196/1942 6956/5196/1942 6964/5195/1942 
# 22 polygons

#
# object Box469
#

v  -31.7410 28.6128 89.2792
v  -35.8050 28.6128 89.2792
v  -35.8050 28.6128 85.2152
v  -31.7410 28.6128 85.2152
v  -31.7410 29.4121 89.2792
v  -31.7410 29.4121 85.2152
v  -35.8050 29.4121 85.2152
v  -35.8050 29.4121 89.2792
v  -31.3600 28.1429 89.6602
v  -36.1860 28.1429 89.6602
v  -36.1860 28.1429 84.8342
v  -31.3600 28.1429 84.8342
v  -31.3600 28.6509 89.6602
v  -31.3600 28.6509 84.8342
v  -36.1860 28.6509 84.8342
v  -36.1860 28.6509 89.6602
# 16 vertices

vn 0.0000 -1.0000 -0.0000
vn 0.0000 1.0000 -0.0000
vn 1.0000 0.0000 -0.0000
vn -0.0000 0.0000 -1.0000
vn -1.0000 0.0000 0.0000
vn 0.0000 0.0000 1.0000
# 6 vertex normals

vt 1.0000 0.0000 0.0000
vt 1.0000 1.0000 0.0000
vt 0.0000 1.0000 0.0000
vt 0.0000 0.0000 0.0000
# 4 texture coords

g Box469
usemtl tfg
s 2
f 6975/5199/1946 6976/5200/1946 6977/5201/1946 6978/5202/1946 
usemtl xdgh
s 4
f 6979/5202/1947 6980/5199/1947 6981/5200/1947 6982/5201/1947 
usemtl tfg
s 8
f 6975/5202/1948 6978/5199/1948 6980/5200/1948 6979/5201/1948 
s 16
f 6978/5202/1949 6977/5199/1949 6981/5200/1949 6980/5201/1949 
s 32
f 6977/5202/1950 6976/5199/1950 6982/5200/1950 6981/5201/1950 
s 64
f 6976/5202/1951 6975/5199/1951 6979/5200/1951 6982/5201/1951 
s 2
f 6983/5199/1946 6984/5200/1946 6985/5201/1946 6986/5202/1946 
s 4
f 6987/5202/1947 6988/5199/1947 6989/5200/1947 6990/5201/1947 
s 8
f 6983/5202/1948 6986/5199/1948 6988/5200/1948 6987/5201/1948 
s 16
f 6986/5202/1949 6985/5199/1949 6989/5200/1949 6988/5201/1949 
s 32
f 6985/5202/1950 6984/5199/1950 6990/5200/1950 6989/5201/1950 
s 64
f 6984/5202/1951 6983/5199/1951 6987/5200/1951 6990/5201/1951 
# 12 polygons

#
# object Box470
#

v  -31.8877 9.7792 89.1077
v  -33.1446 9.7792 89.1077
v  -33.1446 9.7792 87.8507
v  -31.8877 9.7792 87.8507
v  -33.1446 9.7792 86.5938
v  -31.8877 9.7792 86.5938
v  -33.1446 9.7792 85.3369
v  -31.8877 9.7792 85.3369
v  -34.4015 9.7792 89.1077
v  -34.4015 9.7792 87.8507
v  -34.4015 9.7792 86.5938
v  -34.4015 9.7792 85.3369
v  -35.6584 9.7792 89.1077
v  -35.6584 9.7792 87.8507
v  -35.6584 9.7792 86.5938
v  -35.6584 9.7792 85.3369
v  -31.8877 28.1890 89.1077
v  -31.8877 28.1890 87.8507
v  -33.1446 28.1890 87.8507
v  -33.1446 28.1890 89.1077
v  -31.8877 28.1890 86.5938
v  -33.1446 28.1890 86.5938
v  -31.8877 28.1890 85.3369
v  -33.1446 28.1890 85.3369
v  -34.4015 28.1890 87.8507
v  -34.4015 28.1890 89.1077
v  -34.4015 28.1890 86.5938
v  -34.4015 28.1890 85.3369
v  -35.6584 28.1890 87.8507
v  -35.6584 28.1890 89.1077
v  -35.6584 28.1890 86.5938
v  -35.6584 28.1890 85.3369
v  -31.8877 17.1156 87.8507
v  -31.8877 17.1156 89.1077
v  -31.4440 9.7792 87.8507
v  -31.4440 9.7792 86.5938
v  -31.4440 17.1156 86.5938
v  -31.4440 17.1156 87.8507
v  -31.8877 17.1156 85.3369
v  -31.8877 17.1156 86.5938
v  -31.4440 28.1890 86.5938
v  -31.4440 28.1890 87.8507
v  -33.1446 17.1156 85.3369
v  -33.1446 9.7792 84.8933
v  -34.4015 9.7792 84.8933
v  -34.4015 17.1156 84.8933
v  -33.1446 17.1156 84.8933
v  -35.6584 17.1156 85.3369
v  -34.4015 17.1156 85.3369
v  -34.4015 28.1890 84.8933
v  -33.1446 28.1890 84.8933
v  -35.6584 17.1156 86.5938
v  -36.1020 9.7792 86.5938
v  -36.1020 9.7792 87.8507
v  -36.1020 17.1156 87.8507
v  -36.1020 17.1156 86.5938
v  -35.6584 17.1156 89.1077
v  -35.6584 17.1156 87.8507
v  -36.1020 28.1890 87.8507
v  -36.1020 28.1890 86.5938
v  -34.4015 17.1156 89.1077
v  -34.4015 9.7792 89.5513
v  -33.1446 9.7792 89.5513
v  -33.1446 17.1156 89.5513
v  -34.4015 17.1156 89.5513
v  -33.1446 17.1156 89.1077
v  -33.1446 28.1890 89.5513
v  -34.4015 28.1890 89.5513
# 68 vertices

vn 0.0000 -1.0000 -0.0000
vn 0.0000 1.0000 -0.0000
vn 1.0000 -0.0000 -0.0000
vn 1.0000 0.0000 -0.0000
vn -0.0000 -0.0000 -1.0000
vn -0.0000 0.0000 -1.0000
vn -1.0000 -0.0000 0.0000
vn -1.0000 0.0000 0.0000
vn 0.0000 -0.0000 1.0000
vn 0.0000 0.0000 1.0000
vn -0.0000 -0.0000 1.0000
vn 1.0000 -0.0000 0.0000
# 12 vertex normals

vt 1.0000 0.0000 0.0000
vt 1.0000 0.3333 0.0000
vt 0.6667 0.3333 0.0000
vt 0.6667 0.0000 0.0000
vt 0.3333 0.3333 0.0000
vt 0.3333 0.0000 0.0000
vt -0.0000 0.3333 0.0000
vt -0.0000 0.0000 0.0000
vt 1.0000 0.6667 0.0000
vt 0.6667 0.6667 0.0000
vt 0.3333 0.6667 0.0000
vt -0.0000 0.6667 0.0000
vt 1.0000 1.0000 0.0000
vt 0.6667 1.0000 0.0000
vt 0.3333 1.0000 0.0000
vt -0.0000 1.0000 0.0000
vt 0.0000 0.0000 0.0000
vt 0.0000 0.3333 0.0000
vt 0.0000 0.6667 0.0000
vt 0.0000 1.0000 0.0000
vt 0.3333 0.5000 0.0000
vt 0.0000 0.5000 0.0000
vt 0.6667 0.5000 0.0000
vt 1.0000 0.5000 0.0000
# 24 texture coords

g Box470
usemtl xdgh
s 2
f 6991/5203/1952 6992/5204/1952 6993/5205/1952 6994/5206/1952 
f 6994/5206/1952 6993/5205/1952 6995/5207/1952 6996/5208/1952 
f 6996/5208/1952 6995/5207/1952 6997/5209/1952 6998/5210/1952 
f 6992/5204/1952 6999/5211/1952 7000/5212/1952 6993/5205/1952 
f 6993/5205/1952 7000/5212/1952 7001/5213/1952 6995/5207/1952 
f 6995/5207/1952 7001/5213/1952 7002/5214/1952 6997/5209/1952 
f 6999/5211/1952 7003/5215/1952 7004/5216/1952 7000/5212/1952 
f 7000/5212/1952 7004/5216/1952 7005/5217/1952 7001/5213/1952 
f 7001/5213/1952 7005/5217/1952 7006/5218/1952 7002/5214/1952 
s 4
f 7007/5219/1953 7008/5208/1953 7009/5207/1953 7010/5220/1953 
f 7008/5208/1953 7011/5206/1953 7012/5205/1953 7009/5207/1953 
f 7011/5206/1953 7013/5203/1953 7014/5204/1953 7012/5205/1953 
f 7010/5220/1953 7009/5207/1953 7015/5213/1953 7016/5221/1953 
f 7009/5207/1953 7012/5205/1953 7017/5212/1953 7015/5213/1953 
f 7012/5205/1953 7014/5204/1953 7018/5211/1953 7017/5212/1953 
f 7016/5221/1953 7015/5213/1953 7019/5217/1953 7020/5222/1953 
f 7015/5213/1953 7017/5212/1953 7021/5216/1953 7019/5217/1953 
f 7017/5212/1953 7018/5211/1953 7022/5215/1953 7021/5216/1953 
s 8
f 6991/5219/1954 6994/5208/1954 7023/5223/1954 7024/5224/1954 
f 7025/5208/1954 7026/5206/1954 7027/5225/1954 7028/5223/1954 
f 6996/5206/1954 6998/5203/1954 7029/5226/1954 7030/5225/1954 
f 7024/5224/1954 7023/5223/1954 7008/5217/1954 7007/5222/1954 
f 7028/5223/1954 7027/5225/1954 7031/5216/1955 7032/5217/1955 
f 7030/5225/1954 7029/5226/1954 7013/5215/1954 7011/5216/1954 
s 16
f 6998/5219/1956 6997/5208/1956 7033/5223/1956 7029/5224/1956 
f 7034/5208/1956 7035/5206/1956 7036/5225/1956 7037/5223/1956 
f 7002/5206/1956 7006/5203/1956 7038/5226/1956 7039/5225/1956 
f 7029/5224/1956 7033/5223/1956 7014/5217/1956 7013/5222/1956 
f 7037/5223/1956 7036/5225/1956 7040/5216/1957 7041/5217/1957 
f 7039/5225/1956 7038/5226/1956 7022/5215/1956 7018/5216/1956 
s 32
f 7006/5219/1958 7005/5208/1958 7042/5223/1958 7038/5224/1958 
f 7043/5208/1958 7044/5206/1958 7045/5225/1958 7046/5223/1958 
f 7004/5206/1958 7003/5203/1958 7047/5226/1958 7048/5225/1958 
f 7038/5224/1958 7042/5223/1958 7021/5217/1958 7022/5222/1958 
f 7046/5223/1958 7045/5225/1958 7049/5216/1959 7050/5217/1959 
f 7048/5225/1958 7047/5226/1958 7020/5215/1958 7019/5216/1958 
s 64
f 7003/5219/1960 6999/5208/1960 7051/5223/1960 7047/5224/1960 
f 7052/5208/1960 7053/5206/1960 7054/5225/1960 7055/5223/1960 
f 6992/5206/1960 6991/5203/1960 7024/5226/1960 7056/5225/1960 
f 7047/5224/1960 7051/5223/1960 7016/5217/1960 7020/5222/1960 
f 7055/5223/1960 7054/5225/1960 7057/5216/1961 7058/5217/1961 
f 7056/5225/1960 7024/5226/1960 7007/5215/1960 7010/5216/1960 
s off
f 6994/5206/1952 6996/5208/1952 7026/5206/1952 7025/5208/1952 
usemtl tfg
f 6996/5206/1956 7030/5225/1956 7027/5225/1956 7026/5206/1956 
f 7030/5225/1957 7011/5216/1957 7031/5216/1957 7027/5225/1957 
usemtl xdgh
f 7011/5206/1953 7008/5208/1953 7032/5217/1953 7031/5216/1953 
usemtl tfg
f 7008/5217/1962 7023/5223/1962 7028/5223/1962 7032/5217/1962 
f 7023/5223/1961 6994/5208/1961 7025/5208/1961 7028/5223/1961 
usemtl xdgh
f 6997/5209/1952 7002/5214/1952 7035/5206/1952 7034/5208/1952 
usemtl tfg
f 7002/5206/1958 7039/5225/1958 7036/5225/1958 7035/5206/1958 
f 7039/5225/1959 7018/5216/1959 7040/5216/1959 7036/5225/1959 
usemtl xdgh
f 7018/5211/1953 7014/5204/1953 7041/5217/1953 7040/5216/1953 
usemtl 03___Defaulttyi
f 7014/5217/1963 7033/5223/1963 7037/5223/1963 7041/5217/1963 
f 7033/5223/1955 6997/5208/1955 7034/5208/1955 7037/5223/1955 
usemtl xdgh
f 7005/5217/1952 7004/5216/1952 7044/5206/1952 7043/5208/1952 
usemtl tfg
f 7004/5206/1961 7048/5225/1961 7045/5225/1961 7044/5206/1961 
f 7048/5225/1960 7019/5216/1960 7049/5216/1960 7045/5225/1960 
usemtl xdgh
f 7019/5217/1953 7021/5216/1953 7050/5217/1953 7049/5216/1953 
usemtl tfg
f 7021/5217/1957 7042/5223/1957 7046/5223/1957 7050/5217/1957 
f 7042/5223/1956 7005/5208/1956 7043/5208/1956 7046/5223/1956 
usemtl xdgh
f 6999/5211/1952 6992/5204/1952 7053/5206/1952 7052/5208/1952 
usemtl tfg
f 6992/5206/1955 7056/5225/1955 7054/5225/1955 7053/5206/1955 
f 7056/5225/1954 7010/5216/1954 7057/5216/1954 7054/5225/1954 
usemtl xdgh
f 7010/5220/1953 7016/5221/1953 7058/5217/1953 7057/5216/1953 
usemtl tfg
f 7016/5217/1959 7051/5223/1959 7055/5223/1959 7058/5217/1959 
f 7051/5223/1958 6999/5208/1958 7052/5208/1958 7055/5223/1958 
# 66 polygons

#
# object Box471
#

v  -31.6781 -0.3273 89.3910
v  -33.1174 -0.3273 89.3910
v  -33.1174 -0.3273 87.9517
v  -31.6781 -0.3273 87.9517
v  -33.1174 -0.3273 86.5124
v  -31.6781 -0.3273 86.5124
v  -33.1174 -0.3273 85.0730
v  -31.6781 -0.3273 85.0730
v  -34.5568 -0.3273 89.3910
v  -34.5568 -0.3273 87.9517
v  -34.5568 -0.3273 86.5124
v  -34.5568 -0.3273 85.0730
v  -35.9961 -0.3273 89.3910
v  -35.9961 -0.3273 87.9517
v  -35.9961 -0.3273 86.5124
v  -35.9961 -0.3273 85.0730
v  -31.6781 9.8327 89.3910
v  -31.6781 9.8327 87.9517
v  -33.1174 9.8327 87.9517
v  -33.1174 9.8327 89.3910
v  -31.6781 9.8327 86.5124
v  -33.1174 9.8327 86.5124
v  -31.6781 9.8327 85.0730
v  -33.1174 9.8327 85.0730
v  -34.5568 9.8327 87.9517
v  -34.5568 9.8327 89.3910
v  -34.5568 9.8327 86.5124
v  -34.5568 9.8327 85.0730
v  -35.9961 9.8327 87.9517
v  -35.9961 9.8327 89.3910
v  -35.9961 9.8327 86.5124
v  -35.9961 9.8327 85.0730
v  -31.6781 4.7527 87.9517
v  -31.6781 4.7527 89.3910
v  -31.1701 -0.3273 87.9517
v  -31.1701 -0.3273 86.5124
v  -31.1701 4.7527 86.5124
v  -31.1701 4.7527 87.9517
v  -31.6781 4.7527 85.0730
v  -31.6781 4.7527 86.5124
v  -31.1701 9.8327 86.5124
v  -31.1701 9.8327 87.9517
v  -33.1174 4.7527 85.0730
v  -33.1174 -0.3273 84.5650
v  -34.5568 -0.3273 84.5650
v  -34.5568 4.7527 84.5650
v  -33.1174 4.7527 84.5650
v  -35.9961 4.7527 85.0730
v  -34.5568 4.7527 85.0730
v  -34.5568 9.8327 84.5650
v  -33.1174 9.8327 84.5650
v  -35.9961 4.7527 86.5124
v  -36.5041 -0.3273 86.5124
v  -36.5041 -0.3273 87.9517
v  -36.5041 4.7527 87.9517
v  -36.5041 4.7527 86.5124
v  -35.9961 4.7527 89.3910
v  -35.9961 4.7527 87.9517
v  -36.5041 9.8327 87.9517
v  -36.5041 9.8327 86.5124
v  -34.5568 4.7527 89.3910
v  -34.5568 -0.3273 89.8990
v  -33.1174 -0.3273 89.8990
v  -33.1174 4.7527 89.8990
v  -34.5568 4.7527 89.8990
v  -33.1174 4.7527 89.3910
v  -33.1174 9.8327 89.8990
v  -34.5568 9.8327 89.8990
# 68 vertices

vn 0.0000 -1.0000 -0.0000
vn 0.0000 1.0000 -0.0000
vn 1.0000 0.0000 -0.0000
vn -0.0000 0.0000 -1.0000
vn -0.0000 -0.0000 -1.0000
vn -1.0000 0.0000 0.0000
vn -1.0000 -0.0000 0.0000
vn 0.0000 0.0000 1.0000
vn 0.0000 -0.0000 1.0000
vn 1.0000 -0.0000 -0.0000
# 10 vertex normals

vt 1.0000 0.0000 0.0000
vt 1.0000 0.3333 0.0000
vt 0.6667 0.3333 0.0000
vt 0.6667 0.0000 0.0000
vt 0.3333 0.3333 0.0000
vt 0.3333 0.0000 0.0000
vt -0.0000 0.3333 0.0000
vt -0.0000 0.0000 0.0000
vt 1.0000 0.6667 0.0000
vt 0.6667 0.6667 0.0000
vt 0.3333 0.6667 0.0000
vt -0.0000 0.6667 0.0000
vt 1.0000 1.0000 0.0000
vt 0.6667 1.0000 0.0000
vt 0.3333 1.0000 0.0000
vt -0.0000 1.0000 0.0000
vt 0.0000 0.0000 0.0000
vt 0.0000 0.3333 0.0000
vt 0.0000 0.6667 0.0000
vt 0.0000 1.0000 0.0000
vt 0.3333 0.5000 0.0000
vt 0.0000 0.5000 0.0000
vt 0.6667 0.5000 0.0000
vt 1.0000 0.5000 0.0000
# 24 texture coords

g Box471
usemtl xdgh
s 2
f 7059/5227/1964 7060/5228/1964 7061/5229/1964 7062/5230/1964 
f 7062/5230/1964 7061/5229/1964 7063/5231/1964 7064/5232/1964 
f 7064/5232/1964 7063/5231/1964 7065/5233/1964 7066/5234/1964 
f 7060/5228/1964 7067/5235/1964 7068/5236/1964 7061/5229/1964 
f 7061/5229/1964 7068/5236/1964 7069/5237/1964 7063/5231/1964 
f 7063/5231/1964 7069/5237/1964 7070/5238/1964 7065/5233/1964 
f 7067/5235/1964 7071/5239/1964 7072/5240/1964 7068/5236/1964 
f 7068/5236/1964 7072/5240/1964 7073/5241/1964 7069/5237/1964 
f 7069/5237/1964 7073/5241/1964 7074/5242/1964 7070/5238/1964 
usemtl tfg
s 4
f 7075/5243/1965 7076/5232/1965 7077/5231/1965 7078/5244/1965 
f 7076/5232/1965 7079/5230/1965 7080/5229/1965 7077/5231/1965 
f 7079/5230/1965 7081/5227/1965 7082/5228/1965 7080/5229/1965 
f 7078/5244/1965 7077/5231/1965 7083/5237/1965 7084/5245/1965 
f 7077/5231/1965 7080/5229/1965 7085/5236/1965 7083/5237/1965 
f 7080/5229/1965 7082/5228/1965 7086/5235/1965 7085/5236/1965 
f 7084/5245/1965 7083/5237/1965 7087/5241/1965 7088/5246/1965 
f 7083/5237/1965 7085/5236/1965 7089/5240/1965 7087/5241/1965 
f 7085/5236/1965 7086/5235/1965 7090/5239/1965 7089/5240/1965 
usemtl xdgh
s 8
f 7059/5243/1966 7062/5232/1966 7091/5247/1966 7092/5248/1966 
f 7093/5232/1966 7094/5230/1966 7095/5249/1966 7096/5247/1966 
f 7064/5230/1966 7066/5227/1966 7097/5250/1966 7098/5249/1966 
f 7092/5248/1966 7091/5247/1966 7076/5241/1966 7075/5246/1966 
f 7096/5247/1966 7095/5249/1966 7099/5240/1966 7100/5241/1966 
usemtl tfg
f 7098/5249/1966 7097/5250/1966 7081/5239/1966 7079/5240/1966 
usemtl xdgh
s 16
f 7066/5243/1967 7065/5232/1967 7101/5247/1967 7097/5248/1967 
f 7102/5232/1968 7103/5230/1968 7104/5249/1967 7105/5247/1967 
f 7070/5230/1967 7074/5227/1967 7106/5250/1967 7107/5249/1967 
usemtl tfg
f 7097/5248/1967 7101/5247/1967 7082/5241/1967 7081/5246/1967 
usemtl xdgh
f 7105/5247/1967 7104/5249/1967 7108/5240/1967 7109/5241/1967 
usemtl tfg
f 7107/5249/1967 7106/5250/1967 7090/5239/1967 7086/5240/1967 
usemtl xdgh
s 32
f 7074/5243/1969 7073/5232/1969 7110/5247/1969 7106/5248/1969 
f 7111/5232/1970 7112/5230/1970 7113/5249/1969 7114/5247/1969 
f 7072/5230/1969 7071/5227/1969 7115/5250/1969 7116/5249/1969 
usemtl tfg
f 7106/5248/1969 7110/5247/1969 7089/5241/1969 7090/5246/1969 
usemtl xdgh
f 7114/5247/1969 7113/5249/1969 7117/5240/1969 7118/5241/1969 
usemtl tfg
f 7116/5249/1969 7115/5250/1969 7088/5239/1969 7087/5240/1969 
usemtl xdgh
s 64
f 7071/5243/1971 7067/5232/1971 7119/5247/1971 7115/5248/1971 
f 7120/5232/1971 7121/5230/1971 7122/5249/1971 7123/5247/1971 
f 7060/5230/1971 7059/5227/1971 7092/5250/1971 7124/5249/1971 
usemtl tfg
f 7115/5248/1971 7119/5247/1971 7084/5241/1971 7088/5246/1971 
usemtl xdgh
f 7123/5247/1971 7122/5249/1971 7125/5240/1971 7126/5241/1971 
f 7124/5249/1971 7092/5250/1971 7075/5239/1971 7078/5240/1971 
s off
f 7062/5230/1964 7064/5232/1964 7094/5230/1964 7093/5232/1964 
usemtl 03___Defaulttyi
f 7064/5230/1967 7098/5249/1967 7095/5249/1967 7094/5230/1967 
f 7098/5249/1967 7079/5240/1967 7099/5240/1967 7095/5249/1967 
usemtl tfg
f 7079/5230/1965 7076/5232/1965 7100/5241/1965 7099/5240/1965 
usemtl 03___Defaulttyi
f 7076/5241/1971 7091/5247/1971 7096/5247/1971 7100/5241/1971 
f 7091/5247/1971 7062/5232/1971 7093/5232/1971 7096/5247/1971 
usemtl xdgh
f 7065/5233/1964 7070/5238/1964 7103/5230/1964 7102/5232/1964 
usemtl tfg
f 7070/5230/1969 7107/5249/1969 7104/5249/1969 7103/5230/1969 
f 7107/5249/1969 7086/5240/1969 7108/5240/1969 7104/5249/1969 
f 7086/5235/1965 7082/5228/1965 7109/5241/1965 7108/5240/1965 
f 7082/5241/1966 7101/5247/1966 7105/5247/1966 7109/5241/1966 
f 7101/5247/1966 7065/5232/1966 7102/5232/1966 7105/5247/1966 
usemtl xdgh
f 7073/5241/1964 7072/5240/1964 7112/5230/1964 7111/5232/1964 
usemtl tfg
f 7072/5230/1971 7116/5249/1971 7113/5249/1971 7112/5230/1971 
f 7116/5249/1972 7087/5240/1972 7117/5240/1972 7113/5249/1972 
f 7087/5241/1965 7089/5240/1965 7118/5241/1965 7117/5240/1965 
f 7089/5241/1967 7110/5247/1967 7114/5247/1967 7118/5241/1967 
f 7110/5247/1968 7073/5232/1968 7111/5232/1968 7114/5247/1968 
usemtl xdgh
f 7067/5235/1964 7060/5228/1964 7121/5230/1964 7120/5232/1964 
usemtl tfg
f 7060/5230/1966 7124/5249/1966 7122/5249/1966 7121/5230/1966 
f 7124/5249/1973 7078/5240/1973 7125/5240/1973 7122/5249/1973 
f 7078/5244/1965 7084/5245/1965 7126/5241/1965 7125/5240/1965 
f 7084/5241/1969 7119/5247/1969 7123/5247/1969 7126/5241/1969 
f 7119/5247/1970 7067/5232/1970 7120/5232/1970 7123/5247/1970 
# 66 polygons

#
# object Box472
#

v  -31.9820 0.2258 96.3427
v  -31.1353 0.2258 96.3427
v  -31.1353 0.2258 100.1527
v  -31.9820 0.2258 100.1527
v  -32.8286 0.2258 96.3427
v  -32.8286 0.2258 100.1527
v  -33.6753 0.2258 96.3427
v  -33.6753 0.2258 100.1527
v  -31.9820 17.6750 78.8796
v  -31.9820 17.6750 82.6896
v  -31.1353 17.6750 82.6896
v  -31.1353 17.6750 78.8796
v  -32.8286 17.6750 78.8796
v  -32.8286 17.6750 82.6896
v  -33.6753 17.6750 78.8796
v  -33.6753 17.6750 82.6896
v  -32.8286 17.4953 78.7001
v  -31.9820 17.4953 78.7001
v  -31.9820 0.0461 96.1632
v  -32.8286 0.0461 96.1632
v  -31.9820 17.8547 82.8691
v  -32.8286 17.8547 82.8691
v  -32.8286 0.4055 100.3322
v  -31.9820 0.4055 100.3322
# 24 vertices

vn 0.0000 -1.0000 -0.0000
vn 0.0000 1.0000 -0.0000
vn 1.0000 0.0000 -0.0000
vn -0.0000 -0.7074 -0.7068
vn -1.0000 0.0000 0.0000
vn 0.0000 0.7074 0.7068
vn 0.0000 -0.7067 0.7075
vn -0.0000 0.7067 -0.7075
# 8 vertex normals

vt 0.0000 0.3333 0.0000
vt 0.0000 0.0000 0.0000
vt 1.0000 0.0000 0.0000
vt 1.0000 0.3333 0.0000
vt 0.0000 0.6667 0.0000
vt 1.0000 0.6667 0.0000
vt 0.0000 1.0000 0.0000
vt 1.0000 1.0000 0.0000
vt 0.3333 1.0000 0.0000
vt 0.3333 0.0000 0.0000
vt 0.6667 1.0000 0.0000
vt 0.6667 0.0000 0.0000
# 12 texture coords

g Box472
usemtl xdgh
s 2
f 7127/5251/1974 7128/5252/1974 7129/5253/1974 7130/5254/1974 
f 7131/5255/1974 7127/5251/1974 7130/5254/1974 7132/5256/1974 
f 7133/5257/1974 7131/5255/1974 7132/5256/1974 7134/5258/1974 
s 4
f 7135/5254/1975 7136/5251/1975 7137/5252/1975 7138/5253/1975 
f 7139/5256/1975 7140/5255/1975 7136/5251/1975 7135/5254/1975 
f 7141/5258/1975 7142/5257/1975 7140/5255/1975 7139/5256/1975 
s 8
f 7138/5258/1976 7137/5257/1976 7129/5252/1976 7128/5253/1976 
s 16
f 7135/5259/1977 7138/5257/1977 7128/5252/1977 7127/5260/1977 
usemtl cvj
f 7143/5261/1977 7144/5259/1977 7145/5260/1977 7146/5262/1977 
usemtl xdgh
f 7141/5258/1977 7139/5261/1977 7131/5262/1977 7133/5253/1977 
s 32
f 7142/5258/1978 7141/5257/1978 7133/5252/1978 7134/5253/1978 
s 64
f 7140/5259/1979 7142/5257/1979 7134/5252/1979 7132/5260/1979 
usemtl cvj
f 7147/5261/1979 7148/5259/1979 7149/5260/1979 7150/5262/1979 
usemtl xdgh
f 7137/5258/1979 7136/5261/1979 7130/5262/1979 7129/5253/1979 
s off
f 7127/5251/1980 7131/5255/1980 7146/5262/1980 7145/5260/1980 
usemtl tfg
f 7131/5262/1978 7139/5261/1978 7143/5261/1978 7146/5262/1978 
usemtl xdgh
f 7139/5256/1981 7135/5254/1981 7144/5259/1981 7143/5261/1981 
f 7135/5259/1976 7127/5260/1976 7145/5260/1976 7144/5259/1976 
f 7132/5256/1980 7130/5254/1980 7150/5262/1980 7149/5260/1980 
f 7130/5262/1976 7136/5261/1976 7147/5261/1976 7150/5262/1976 
f 7136/5251/1981 7140/5255/1981 7148/5259/1981 7147/5261/1981 
usemtl tfg
f 7140/5259/1978 7132/5260/1978 7149/5260/1978 7148/5259/1978 
# 22 polygons

#
# object Box473
#

v  -31.2971 4.5718 89.7720
v  -36.3771 4.5718 89.7720
v  -36.3771 4.5718 84.6920
v  -31.2971 4.5718 84.6920
v  -31.2971 4.8258 89.7720
v  -31.2971 4.8258 84.6920
v  -36.3771 4.8258 84.6920
v  -36.3771 4.8258 89.7720
# 8 vertices

vn 0.0000 -1.0000 -0.0000
vn 0.0000 1.0000 -0.0000
vn 1.0000 0.0000 -0.0000
vn -0.0000 0.0000 -1.0000
vn -1.0000 0.0000 0.0000
vn 0.0000 0.0000 1.0000
# 6 vertex normals

vt 1.0000 0.0000 0.0000
vt 1.0000 1.0000 0.0000
vt 0.0000 1.0000 0.0000
vt 0.0000 0.0000 0.0000
# 4 texture coords

g Box473
usemtl cvj
s 2
f 7151/5263/1982 7152/5264/1982 7153/5265/1982 7154/5266/1982 
s 4
f 7155/5266/1983 7156/5263/1983 7157/5264/1983 7158/5265/1983 
s 8
f 7151/5266/1984 7154/5263/1984 7156/5264/1984 7155/5265/1984 
s 16
f 7154/5266/1985 7153/5263/1985 7157/5264/1985 7156/5265/1985 
s 32
f 7153/5266/1986 7152/5263/1986 7158/5264/1986 7157/5265/1986 
s 64
f 7152/5266/1987 7151/5263/1987 7155/5264/1987 7158/5265/1987 
# 6 polygons

#
# object Cylinder207
#

v  -36.7371 4.0354 87.2166
v  -36.7371 4.7393 87.9205
v  -36.7371 5.4432 87.2166
v  -36.7371 4.7393 86.5127
v  -36.6863 4.7393 87.9205
v  -36.6863 5.4432 87.2166
v  -36.6863 4.0354 87.2166
v  -36.6863 4.7393 86.5127
v  -36.6355 4.7393 87.9205
v  -36.6355 5.4432 87.2166
v  -36.6355 4.0354 87.2166
v  -36.6355 4.7393 86.5127
v  -36.5847 4.7393 87.9205
v  -36.5847 5.4432 87.2166
v  -36.5847 4.0354 87.2166
v  -36.5847 4.7393 86.5127
v  -36.5339 4.7393 87.9205
v  -36.5339 5.4432 87.2166
v  -36.5339 4.0354 87.2166
v  -36.5339 4.7393 86.5127
v  -36.4831 4.7393 87.9205
v  -36.4831 5.4432 87.2166
v  -36.4831 4.0354 87.2166
v  -36.4831 4.7393 86.5127
# 24 vertices

vn -1.0000 0.0000 0.0000
vn 0.0000 1.0000 -0.0000
vn 0.0000 0.0000 1.0000
vn -0.0000 -1.0000 0.0000
vn -0.0000 -0.0000 -1.0000
vn 1.0000 -0.0000 -0.0000
# 6 vertex normals

vt 0.2500 0.0000 1.0000
vt 0.0000 0.0000 1.0000
vt -0.2500 0.0000 1.0000
vt 0.7500 0.0000 1.0000
vt 0.5000 0.0000 1.0000
vt 0.0000 0.2000 1.0000
vt -0.2500 0.2000 1.0000
vt 0.2500 0.2000 1.0000
vt 0.5000 0.2000 1.0000
vt 0.7500 0.2000 1.0000
vt 0.0000 0.4000 1.0000
vt -0.2500 0.4000 1.0000
vt 0.2500 0.4000 1.0000
vt 0.5000 0.4000 1.0000
vt 0.7500 0.4000 1.0000
vt 0.0000 0.6000 1.0000
vt -0.2500 0.6000 1.0000
vt 0.2500 0.6000 1.0000
vt 0.5000 0.6000 1.0000
vt 0.7500 0.6000 1.0000
vt 0.0000 0.8000 1.0000
vt -0.2500 0.8000 1.0000
vt 0.2500 0.8000 1.0000
vt 0.5000 0.8000 1.0000
vt 0.7500 0.8000 1.0000
vt 0.0000 1.0000 1.0000
vt -0.2500 1.0000 1.0000
vt 0.2500 1.0000 1.0000
vt 0.5000 1.0000 1.0000
vt 0.7500 1.0000 1.0000
vt 1.0000 1.0000 -1.0000
# 31 texture coords

g Cylinder207
usemtl 03___Defaulttyi
s 1
f 7159/5267/1988 7160/5268/1988 7161/5269/1988 
f 7161/5270/1988 7162/5271/1988 7159/5267/1988 
s 8
f 7161/5269/1989 7160/5268/1990 7163/5272/1990 7164/5273/1989 
f 7160/5268/1990 7159/5267/1991 7165/5274/1991 7163/5272/1990 
f 7159/5267/1991 7162/5271/1992 7166/5275/1992 7165/5274/1991 
f 7162/5271/1992 7161/5270/1989 7164/5276/1989 7166/5275/1992 
f 7164/5273/1989 7163/5272/1990 7167/5277/1990 7168/5278/1989 
f 7163/5272/1990 7165/5274/1991 7169/5279/1991 7167/5277/1990 
f 7165/5274/1991 7166/5275/1992 7170/5280/1992 7169/5279/1991 
f 7166/5275/1992 7164/5276/1989 7168/5281/1989 7170/5280/1992 
f 7168/5278/1989 7167/5277/1990 7171/5282/1990 7172/5283/1989 
f 7167/5277/1990 7169/5279/1991 7173/5284/1991 7171/5282/1990 
f 7169/5279/1991 7170/5280/1992 7174/5285/1992 7173/5284/1991 
f 7170/5280/1992 7168/5281/1989 7172/5286/1989 7174/5285/1992 
f 7172/5283/1989 7171/5282/1990 7175/5287/1990 7176/5288/1989 
f 7171/5282/1990 7173/5284/1991 7177/5289/1991 7175/5287/1990 
f 7173/5284/1991 7174/5285/1992 7178/5290/1992 7177/5289/1991 
f 7174/5285/1992 7172/5286/1989 7176/5291/1989 7178/5290/1992 
f 7176/5288/1989 7175/5287/1990 7179/5292/1990 7180/5293/1989 
f 7175/5287/1990 7177/5289/1991 7181/5294/1991 7179/5292/1990 
f 7177/5289/1991 7178/5290/1992 7182/5295/1992 7181/5294/1991 
f 7178/5290/1992 7176/5291/1989 7180/5296/1989 7182/5295/1992 
s 1
f 7182/5297/1993 7180/5293/1993 7179/5292/1993 
f 7179/5292/1993 7181/5294/1993 7182/5295/1993 
# 20 polygons - 4 triangles

#
# object Cylinder208
#

v  -33.7947 4.0354 84.3429
v  -34.4986 4.7393 84.3429
v  -33.7947 5.4432 84.3429
v  -33.0908 4.7393 84.3429
v  -34.4986 4.7393 84.3937
v  -33.7947 5.4432 84.3937
v  -33.7947 4.0354 84.3937
v  -33.0908 4.7393 84.3937
v  -34.4986 4.7393 84.4445
v  -33.7947 5.4432 84.4445
v  -33.7947 4.0354 84.4445
v  -33.0908 4.7393 84.4445
v  -34.4986 4.7393 84.4953
v  -33.7947 5.4432 84.4953
v  -33.7947 4.0354 84.4953
v  -33.0908 4.7393 84.4953
v  -34.4986 4.7393 84.5461
v  -33.7947 5.4432 84.5461
v  -33.7947 4.0354 84.5461
v  -33.0908 4.7393 84.5461
v  -34.4986 4.7393 84.5969
v  -33.7947 5.4432 84.5969
v  -33.7947 4.0354 84.5969
v  -33.0908 4.7393 84.5969
# 24 vertices

vn -0.0000 -0.0000 -1.0000
vn 0.0000 1.0000 -0.0000
vn -1.0000 0.0000 0.0000
vn -0.0000 -1.0000 0.0000
vn 1.0000 -0.0000 -0.0000
vn 0.0000 0.0000 1.0000
# 6 vertex normals

vt 0.2500 0.0000 1.0000
vt 0.0000 0.0000 1.0000
vt -0.2500 0.0000 1.0000
vt 0.7500 0.0000 1.0000
vt 0.5000 0.0000 1.0000
vt 0.0000 0.2000 1.0000
vt -0.2500 0.2000 1.0000
vt 0.2500 0.2000 1.0000
vt 0.5000 0.2000 1.0000
vt 0.7500 0.2000 1.0000
vt 0.0000 0.4000 1.0000
vt -0.2500 0.4000 1.0000
vt 0.2500 0.4000 1.0000
vt 0.5000 0.4000 1.0000
vt 0.7500 0.4000 1.0000
vt 0.0000 0.6000 1.0000
vt -0.2500 0.6000 1.0000
vt 0.2500 0.6000 1.0000
vt 0.5000 0.6000 1.0000
vt 0.7500 0.6000 1.0000
vt 0.0000 0.8000 1.0000
vt -0.2500 0.8000 1.0000
vt 0.2500 0.8000 1.0000
vt 0.5000 0.8000 1.0000
vt 0.7500 0.8000 1.0000
vt 0.0000 1.0000 1.0000
vt -0.2500 1.0000 1.0000
vt 0.2500 1.0000 1.0000
vt 0.5000 1.0000 1.0000
vt 0.7500 1.0000 1.0000
vt 1.0000 1.0000 -1.0000
# 31 texture coords

g Cylinder208
usemtl 03___Defaulttyi
s 1
f 7183/5298/1994 7184/5299/1994 7185/5300/1994 
f 7185/5301/1994 7186/5302/1994 7183/5298/1994 
s 8
f 7185/5300/1995 7184/5299/1996 7187/5303/1996 7188/5304/1995 
f 7184/5299/1996 7183/5298/1997 7189/5305/1997 7187/5303/1996 
f 7183/5298/1997 7186/5302/1998 7190/5306/1998 7189/5305/1997 
f 7186/5302/1998 7185/5301/1995 7188/5307/1995 7190/5306/1998 
f 7188/5304/1995 7187/5303/1996 7191/5308/1996 7192/5309/1995 
f 7187/5303/1996 7189/5305/1997 7193/5310/1997 7191/5308/1996 
f 7189/5305/1997 7190/5306/1998 7194/5311/1998 7193/5310/1997 
f 7190/5306/1998 7188/5307/1995 7192/5312/1995 7194/5311/1998 
f 7192/5309/1995 7191/5308/1996 7195/5313/1996 7196/5314/1995 
f 7191/5308/1996 7193/5310/1997 7197/5315/1997 7195/5313/1996 
f 7193/5310/1997 7194/5311/1998 7198/5316/1998 7197/5315/1997 
f 7194/5311/1998 7192/5312/1995 7196/5317/1995 7198/5316/1998 
f 7196/5314/1995 7195/5313/1996 7199/5318/1996 7200/5319/1995 
f 7195/5313/1996 7197/5315/1997 7201/5320/1997 7199/5318/1996 
f 7197/5315/1997 7198/5316/1998 7202/5321/1998 7201/5320/1997 
f 7198/5316/1998 7196/5317/1995 7200/5322/1995 7202/5321/1998 
f 7200/5319/1995 7199/5318/1996 7203/5323/1996 7204/5324/1995 
f 7199/5318/1996 7201/5320/1997 7205/5325/1997 7203/5323/1996 
f 7201/5320/1997 7202/5321/1998 7206/5326/1998 7205/5325/1997 
f 7202/5321/1998 7200/5322/1995 7204/5327/1995 7206/5326/1998 
s 1
f 7206/5328/1999 7204/5324/1999 7203/5323/1999 
f 7203/5323/1999 7205/5325/1999 7206/5326/1999 
# 20 polygons - 4 triangles

#
# object Box474
#

v  -31.4241 -0.3273 89.6450
v  -36.2501 -0.3273 89.6450
v  -36.2501 -0.3273 84.8190
v  -31.4241 -0.3273 84.8190
v  -31.4241 0.9427 89.6450
v  -31.4241 0.9427 84.8190
v  -36.2501 0.9427 84.8190
v  -36.2501 0.9427 89.6450
# 8 vertices

vn 0.0000 -1.0000 -0.0000
vn 0.0000 1.0000 -0.0000
vn 1.0000 0.0000 -0.0000
vn -0.0000 0.0000 -1.0000
vn -1.0000 0.0000 0.0000
vn 0.0000 0.0000 1.0000
# 6 vertex normals

vt 1.0000 0.0000 0.0000
vt 1.0000 1.0000 0.0000
vt 0.0000 1.0000 0.0000
vt 0.0000 0.0000 0.0000
# 4 texture coords

g Box474
usemtl tfg
s 2
f 7207/5329/2000 7208/5330/2000 7209/5331/2000 7210/5332/2000 
s 4
f 7211/5332/2001 7212/5329/2001 7213/5330/2001 7214/5331/2001 
s 8
f 7207/5332/2002 7210/5329/2002 7212/5330/2002 7211/5331/2002 
s 16
f 7210/5332/2003 7209/5329/2003 7213/5330/2003 7212/5331/2003 
s 32
f 7209/5332/2004 7208/5329/2004 7214/5330/2004 7213/5331/2004 
s 64
f 7208/5332/2005 7207/5329/2005 7211/5330/2005 7214/5331/2005 
# 6 polygons

#
# object Cylinder209
#

v  -33.7947 4.0354 89.8016
v  -34.4986 4.7393 89.8016
v  -33.7947 5.4432 89.8016
v  -33.0908 4.7393 89.8016
v  -34.4986 4.7393 89.8524
v  -33.7947 5.4432 89.8524
v  -33.7947 4.0354 89.8524
v  -33.0908 4.7393 89.8524
v  -34.4986 4.7393 89.9032
v  -33.7947 5.4432 89.9032
v  -33.7947 4.0354 89.9032
v  -33.0908 4.7393 89.9032
v  -34.4986 4.7393 89.9540
v  -33.7947 5.4432 89.9540
v  -33.7947 4.0354 89.9540
v  -33.0908 4.7393 89.9540
v  -34.4986 4.7393 90.0048
v  -33.7947 5.4432 90.0048
v  -33.7947 4.0354 90.0048
v  -33.0908 4.7393 90.0048
v  -34.4986 4.7393 90.0556
v  -33.7947 5.4432 90.0556
v  -33.7947 4.0354 90.0556
v  -33.0908 4.7393 90.0556
# 24 vertices

vn -0.0000 -0.0000 -1.0000
vn 0.0000 1.0000 -0.0000
vn -1.0000 0.0000 0.0000
vn -0.0000 -1.0000 0.0000
vn 1.0000 -0.0000 -0.0000
vn 0.0000 0.0000 1.0000
# 6 vertex normals

vt 0.2500 0.0000 1.0000
vt 0.0000 0.0000 1.0000
vt -0.2500 0.0000 1.0000
vt 0.7500 0.0000 1.0000
vt 0.5000 0.0000 1.0000
vt 0.0000 0.2000 1.0000
vt -0.2500 0.2000 1.0000
vt 0.2500 0.2000 1.0000
vt 0.5000 0.2000 1.0000
vt 0.7500 0.2000 1.0000
vt 0.0000 0.4000 1.0000
vt -0.2500 0.4000 1.0000
vt 0.2500 0.4000 1.0000
vt 0.5000 0.4000 1.0000
vt 0.7500 0.4000 1.0000
vt 0.0000 0.6000 1.0000
vt -0.2500 0.6000 1.0000
vt 0.2500 0.6000 1.0000
vt 0.5000 0.6000 1.0000
vt 0.7500 0.6000 1.0000
vt 0.0000 0.8000 1.0000
vt -0.2500 0.8000 1.0000
vt 0.2500 0.8000 1.0000
vt 0.5000 0.8000 1.0000
vt 0.7500 0.8000 1.0000
vt 0.0000 1.0000 1.0000
vt -0.2500 1.0000 1.0000
vt 0.2500 1.0000 1.0000
vt 0.5000 1.0000 1.0000
vt 0.7500 1.0000 1.0000
vt 1.0000 1.0000 -1.0000
# 31 texture coords

g Cylinder209
usemtl 03___Defaulttyi
s 1
f 7215/5333/2006 7216/5334/2006 7217/5335/2006 
f 7217/5336/2006 7218/5337/2006 7215/5333/2006 
s 8
f 7217/5335/2007 7216/5334/2008 7219/5338/2008 7220/5339/2007 
f 7216/5334/2008 7215/5333/2009 7221/5340/2009 7219/5338/2008 
f 7215/5333/2009 7218/5337/2010 7222/5341/2010 7221/5340/2009 
f 7218/5337/2010 7217/5336/2007 7220/5342/2007 7222/5341/2010 
f 7220/5339/2007 7219/5338/2008 7223/5343/2008 7224/5344/2007 
f 7219/5338/2008 7221/5340/2009 7225/5345/2009 7223/5343/2008 
f 7221/5340/2009 7222/5341/2010 7226/5346/2010 7225/5345/2009 
f 7222/5341/2010 7220/5342/2007 7224/5347/2007 7226/5346/2010 
f 7224/5344/2007 7223/5343/2008 7227/5348/2008 7228/5349/2007 
f 7223/5343/2008 7225/5345/2009 7229/5350/2009 7227/5348/2008 
f 7225/5345/2009 7226/5346/2010 7230/5351/2010 7229/5350/2009 
f 7226/5346/2010 7224/5347/2007 7228/5352/2007 7230/5351/2010 
f 7228/5349/2007 7227/5348/2008 7231/5353/2008 7232/5354/2007 
f 7227/5348/2008 7229/5350/2009 7233/5355/2009 7231/5353/2008 
f 7229/5350/2009 7230/5351/2010 7234/5356/2010 7233/5355/2009 
f 7230/5351/2010 7228/5352/2007 7232/5357/2007 7234/5356/2010 
f 7232/5354/2007 7231/5353/2008 7235/5358/2008 7236/5359/2007 
f 7231/5353/2008 7233/5355/2009 7237/5360/2009 7235/5358/2008 
f 7233/5355/2009 7234/5356/2010 7238/5361/2010 7237/5360/2009 
f 7234/5356/2010 7232/5357/2007 7236/5362/2007 7238/5361/2010 
s 1
f 7238/5363/2011 7236/5359/2011 7235/5358/2011 
f 7235/5358/2011 7237/5360/2011 7238/5361/2011 
# 20 polygons - 4 triangles

#
# object Box475
#

v  -2.9006 -0.3273 96.7822
v  -4.3399 -0.3273 96.7822
v  -4.3399 -0.3273 95.3428
v  -2.9006 -0.3273 95.3428
v  -4.3399 -0.3273 93.9035
v  -2.9006 -0.3273 93.9035
v  -4.3399 -0.3273 92.4642
v  -2.9006 -0.3273 92.4642
v  -5.7793 -0.3273 96.7822
v  -5.7793 -0.3273 95.3428
v  -5.7793 -0.3273 93.9035
v  -5.7793 -0.3273 92.4642
v  -7.2186 -0.3273 96.7822
v  -7.2186 -0.3273 95.3428
v  -7.2186 -0.3273 93.9035
v  -7.2186 -0.3273 92.4642
v  -2.9006 9.8327 96.7822
v  -2.9006 9.8327 95.3428
v  -4.3399 9.8327 95.3428
v  -4.3399 9.8327 96.7822
v  -2.9006 9.8327 93.9035
v  -4.3399 9.8327 93.9035
v  -2.9006 9.8327 92.4642
v  -4.3399 9.8327 92.4642
v  -5.7793 9.8327 95.3428
v  -5.7793 9.8327 96.7822
v  -5.7793 9.8327 93.9035
v  -5.7793 9.8327 92.4642
v  -7.2186 9.8327 95.3428
v  -7.2186 9.8327 96.7822
v  -7.2186 9.8327 93.9035
v  -7.2186 9.8327 92.4642
v  -2.9006 4.7527 95.3428
v  -2.9006 4.7527 96.7822
v  -2.3926 -0.3273 95.3428
v  -2.3926 -0.3273 93.9035
v  -2.3926 4.7527 93.9035
v  -2.3926 4.7527 95.3428
v  -2.9006 4.7527 92.4642
v  -2.9006 4.7527 93.9035
v  -2.3926 9.8327 93.9035
v  -2.3926 9.8327 95.3428
v  -4.3399 4.7527 92.4642
v  -4.3399 -0.3273 91.9562
v  -5.7793 -0.3273 91.9562
v  -5.7793 4.7527 91.9562
v  -4.3399 4.7527 91.9562
v  -7.2186 4.7527 92.4642
v  -5.7793 4.7527 92.4642
v  -5.7793 9.8327 91.9562
v  -4.3399 9.8327 91.9562
v  -7.2186 4.7527 93.9035
v  -7.7266 -0.3273 93.9035
v  -7.7266 -0.3273 95.3428
v  -7.7266 4.7527 95.3428
v  -7.7266 4.7527 93.9035
v  -7.2186 4.7527 96.7822
v  -7.2186 4.7527 95.3428
v  -7.7266 9.8327 95.3428
v  -7.7266 9.8327 93.9035
v  -5.7793 4.7527 96.7822
v  -5.7793 -0.3273 97.2902
v  -4.3399 -0.3273 97.2902
v  -4.3399 4.7527 97.2902
v  -5.7793 4.7527 97.2902
v  -4.3399 4.7527 96.7822
v  -4.3399 9.8327 97.2902
v  -5.7793 9.8327 97.2902
# 68 vertices

vn 0.0000 -1.0000 -0.0000
vn 0.0000 1.0000 -0.0000
vn 1.0000 0.0000 -0.0000
vn -0.0000 0.0000 -1.0000
vn -0.0000 -0.0000 -1.0000
vn -1.0000 0.0000 0.0000
vn -1.0000 -0.0000 0.0000
vn 0.0000 0.0000 1.0000
vn 0.0000 -0.0000 1.0000
vn 1.0000 -0.0000 -0.0000
# 10 vertex normals

vt 1.0000 0.0000 0.0000
vt 1.0000 0.3333 0.0000
vt 0.6667 0.3333 0.0000
vt 0.6667 0.0000 0.0000
vt 0.3333 0.3333 0.0000
vt 0.3333 0.0000 0.0000
vt -0.0000 0.3333 0.0000
vt -0.0000 0.0000 0.0000
vt 1.0000 0.6667 0.0000
vt 0.6667 0.6667 0.0000
vt 0.3333 0.6667 0.0000
vt -0.0000 0.6667 0.0000
vt 1.0000 1.0000 0.0000
vt 0.6667 1.0000 0.0000
vt 0.3333 1.0000 0.0000
vt -0.0000 1.0000 0.0000
vt 0.0000 0.0000 0.0000
vt 0.0000 0.3333 0.0000
vt 0.0000 0.6667 0.0000
vt 0.0000 1.0000 0.0000
vt 0.3333 0.5000 0.0000
vt 0.0000 0.5000 0.0000
vt 0.6667 0.5000 0.0000
vt 1.0000 0.5000 0.0000
# 24 texture coords

g Box475
usemtl xdgh
s 2
f 7239/5364/2012 7240/5365/2012 7241/5366/2012 7242/5367/2012 
f 7242/5367/2012 7241/5366/2012 7243/5368/2012 7244/5369/2012 
f 7244/5369/2012 7243/5368/2012 7245/5370/2012 7246/5371/2012 
f 7240/5365/2012 7247/5372/2012 7248/5373/2012 7241/5366/2012 
f 7241/5366/2012 7248/5373/2012 7249/5374/2012 7243/5368/2012 
f 7243/5368/2012 7249/5374/2012 7250/5375/2012 7245/5370/2012 
f 7247/5372/2012 7251/5376/2012 7252/5377/2012 7248/5373/2012 
f 7248/5373/2012 7252/5377/2012 7253/5378/2012 7249/5374/2012 
f 7249/5374/2012 7253/5378/2012 7254/5379/2012 7250/5375/2012 
s 4
f 7255/5380/2013 7256/5369/2013 7257/5368/2013 7258/5381/2013 
f 7256/5369/2013 7259/5367/2013 7260/5366/2013 7257/5368/2013 
f 7259/5367/2013 7261/5364/2013 7262/5365/2013 7260/5366/2013 
f 7258/5381/2013 7257/5368/2013 7263/5374/2013 7264/5382/2013 
f 7257/5368/2013 7260/5366/2013 7265/5373/2013 7263/5374/2013 
f 7260/5366/2013 7262/5365/2013 7266/5372/2013 7265/5373/2013 
f 7264/5382/2013 7263/5374/2013 7267/5378/2013 7268/5383/2013 
f 7263/5374/2013 7265/5373/2013 7269/5377/2013 7267/5378/2013 
f 7265/5373/2013 7266/5372/2013 7270/5376/2013 7269/5377/2013 
s 8
f 7239/5380/2014 7242/5369/2014 7271/5384/2014 7272/5385/2014 
f 7273/5369/2014 7274/5367/2014 7275/5386/2014 7276/5384/2014 
f 7244/5367/2014 7246/5364/2014 7277/5387/2014 7278/5386/2014 
usemtl tfg
f 7272/5385/2014 7271/5384/2014 7256/5378/2014 7255/5383/2014 
usemtl xdgh
f 7276/5384/2014 7275/5386/2014 7279/5377/2014 7280/5378/2014 
usemtl tfg
f 7278/5386/2014 7277/5387/2014 7261/5376/2014 7259/5377/2014 
usemtl xdgh
s 16
f 7246/5380/2015 7245/5369/2015 7281/5384/2015 7277/5385/2015 
f 7282/5369/2016 7283/5367/2016 7284/5386/2015 7285/5384/2015 
f 7250/5367/2015 7254/5364/2015 7286/5387/2015 7287/5386/2015 
usemtl tfg
f 7277/5385/2015 7281/5384/2015 7262/5378/2015 7261/5383/2015 
usemtl xdgh
f 7285/5384/2015 7284/5386/2015 7288/5377/2015 7289/5378/2015 
usemtl tfg
f 7287/5386/2015 7286/5387/2015 7270/5376/2015 7266/5377/2015 
usemtl xdgh
s 32
f 7254/5380/2017 7253/5369/2017 7290/5384/2017 7286/5385/2017 
f 7291/5369/2018 7292/5367/2018 7293/5386/2017 7294/5384/2017 
f 7252/5367/2017 7251/5364/2017 7295/5387/2017 7296/5386/2017 
usemtl tfg
f 7286/5385/2017 7290/5384/2017 7269/5378/2017 7270/5383/2017 
usemtl xdgh
f 7294/5384/2017 7293/5386/2017 7297/5377/2017 7298/5378/2017 
usemtl tfg
f 7296/5386/2017 7295/5387/2017 7268/5376/2017 7267/5377/2017 
usemtl xdgh
s 64
f 7251/5380/2019 7247/5369/2019 7299/5384/2019 7295/5385/2019 
f 7300/5369/2019 7301/5367/2019 7302/5386/2019 7303/5384/2019 
f 7240/5367/2019 7239/5364/2019 7272/5387/2019 7304/5386/2019 
usemtl tfg
f 7295/5385/2019 7299/5384/2019 7264/5378/2019 7268/5383/2019 
usemtl xdgh
f 7303/5384/2019 7302/5386/2019 7305/5377/2019 7306/5378/2019 
usemtl tfg
f 7304/5386/2019 7272/5387/2019 7255/5376/2019 7258/5377/2019 
usemtl xdgh
s off
f 7242/5367/2012 7244/5369/2012 7274/5367/2012 7273/5369/2012 
usemtl tfg
f 7244/5367/2015 7278/5386/2015 7275/5386/2015 7274/5367/2015 
f 7278/5386/2015 7259/5377/2015 7279/5377/2015 7275/5386/2015 
usemtl xdgh
f 7259/5367/2013 7256/5369/2013 7280/5378/2013 7279/5377/2013 
usemtl tfg
f 7256/5378/2019 7271/5384/2019 7276/5384/2019 7280/5378/2019 
f 7271/5384/2019 7242/5369/2019 7273/5369/2019 7276/5384/2019 
usemtl xdgh
f 7245/5370/2012 7250/5375/2012 7283/5367/2012 7282/5369/2012 
usemtl tfg
f 7250/5367/2017 7287/5386/2017 7284/5386/2017 7283/5367/2017 
f 7287/5386/2017 7266/5377/2017 7288/5377/2017 7284/5386/2017 
usemtl xdgh
f 7266/5372/2013 7262/5365/2013 7289/5378/2013 7288/5377/2013 
usemtl tfg
f 7262/5378/2014 7281/5384/2014 7285/5384/2014 7289/5378/2014 
f 7281/5384/2014 7245/5369/2014 7282/5369/2014 7285/5384/2014 
usemtl xdgh
f 7253/5378/2012 7252/5377/2012 7292/5367/2012 7291/5369/2012 
usemtl tfg
f 7252/5367/2019 7296/5386/2019 7293/5386/2019 7292/5367/2019 
f 7296/5386/2020 7267/5377/2020 7297/5377/2020 7293/5386/2020 
usemtl xdgh
f 7267/5378/2013 7269/5377/2013 7298/5378/2013 7297/5377/2013 
usemtl tfg
f 7269/5378/2015 7290/5384/2015 7294/5384/2015 7298/5378/2015 
f 7290/5384/2016 7253/5369/2016 7291/5369/2016 7294/5384/2016 
usemtl xdgh
f 7247/5372/2012 7240/5365/2012 7301/5367/2012 7300/5369/2012 
usemtl tfg
f 7240/5367/2014 7304/5386/2014 7302/5386/2014 7301/5367/2014 
f 7304/5386/2021 7258/5377/2021 7305/5377/2021 7302/5386/2021 
usemtl xdgh
f 7258/5381/2013 7264/5382/2013 7306/5378/2013 7305/5377/2013 
usemtl tfg
f 7264/5378/2017 7299/5384/2017 7303/5384/2017 7306/5378/2017 
f 7299/5384/2018 7247/5369/2018 7300/5369/2018 7303/5384/2018 
# 66 polygons

#
# object Box476
#

v  -2.5196 4.5718 97.1632
v  -7.5996 4.5718 97.1632
v  -7.5996 4.5718 92.0832
v  -2.5196 4.5718 92.0832
v  -2.5196 4.8258 97.1632
v  -2.5196 4.8258 92.0832
v  -7.5996 4.8258 92.0832
v  -7.5996 4.8258 97.1632
# 8 vertices

vn 0.0000 -1.0000 -0.0000
vn 0.0000 1.0000 -0.0000
vn 1.0000 0.0000 -0.0000
vn -0.0000 0.0000 -1.0000
vn -1.0000 0.0000 0.0000
vn 0.0000 0.0000 1.0000
# 6 vertex normals

vt 1.0000 0.0000 0.0000
vt 1.0000 1.0000 0.0000
vt 0.0000 1.0000 0.0000
vt 0.0000 0.0000 0.0000
# 4 texture coords

g Box476
usemtl cvj
s 2
f 7307/5388/2022 7308/5389/2022 7309/5390/2022 7310/5391/2022 
s 4
f 7311/5391/2023 7312/5388/2023 7313/5389/2023 7314/5390/2023 
s 8
f 7307/5391/2024 7310/5388/2024 7312/5389/2024 7311/5390/2024 
s 16
f 7310/5391/2025 7309/5388/2025 7313/5389/2025 7312/5390/2025 
s 32
f 7309/5391/2026 7308/5388/2026 7314/5389/2026 7313/5390/2026 
s 64
f 7308/5391/2027 7307/5388/2027 7311/5389/2027 7314/5390/2027 
# 6 polygons

#
# object Cylinder210
#

v  -5.0172 4.0354 91.7341
v  -5.7211 4.7393 91.7341
v  -5.0172 5.4432 91.7341
v  -4.3133 4.7393 91.7341
v  -5.7211 4.7393 91.7849
v  -5.0172 5.4432 91.7849
v  -5.0172 4.0354 91.7849
v  -4.3133 4.7393 91.7849
v  -5.7211 4.7393 91.8357
v  -5.0172 5.4432 91.8357
v  -5.0172 4.0354 91.8357
v  -4.3133 4.7393 91.8357
v  -5.7211 4.7393 91.8865
v  -5.0172 5.4432 91.8865
v  -5.0172 4.0354 91.8865
v  -4.3133 4.7393 91.8865
v  -5.7211 4.7393 91.9373
v  -5.0172 5.4432 91.9373
v  -5.0172 4.0354 91.9373
v  -4.3133 4.7393 91.9373
v  -5.7211 4.7393 91.9881
v  -5.0172 5.4432 91.9881
v  -5.0172 4.0354 91.9881
v  -4.3133 4.7393 91.9881
# 24 vertices

vn -0.0000 -0.0000 -1.0000
vn 0.0000 1.0000 -0.0000
vn -1.0000 0.0000 0.0000
vn -0.0000 -1.0000 0.0000
vn 1.0000 -0.0000 -0.0000
vn 0.0000 0.0000 1.0000
# 6 vertex normals

vt 0.2500 0.0000 1.0000
vt 0.0000 0.0000 1.0000
vt -0.2500 0.0000 1.0000
vt 0.7500 0.0000 1.0000
vt 0.5000 0.0000 1.0000
vt 0.0000 0.2000 1.0000
vt -0.2500 0.2000 1.0000
vt 0.2500 0.2000 1.0000
vt 0.5000 0.2000 1.0000
vt 0.7500 0.2000 1.0000
vt 0.0000 0.4000 1.0000
vt -0.2500 0.4000 1.0000
vt 0.2500 0.4000 1.0000
vt 0.5000 0.4000 1.0000
vt 0.7500 0.4000 1.0000
vt 0.0000 0.6000 1.0000
vt -0.2500 0.6000 1.0000
vt 0.2500 0.6000 1.0000
vt 0.5000 0.6000 1.0000
vt 0.7500 0.6000 1.0000
vt 0.0000 0.8000 1.0000
vt -0.2500 0.8000 1.0000
vt 0.2500 0.8000 1.0000
vt 0.5000 0.8000 1.0000
vt 0.7500 0.8000 1.0000
vt 0.0000 1.0000 1.0000
vt -0.2500 1.0000 1.0000
vt 0.2500 1.0000 1.0000
vt 0.5000 1.0000 1.0000
vt 0.7500 1.0000 1.0000
vt 1.0000 1.0000 -1.0000
# 31 texture coords

g Cylinder210
usemtl 03___Defaulttyi
s 1
f 7315/5392/2028 7316/5393/2028 7317/5394/2028 
f 7317/5395/2028 7318/5396/2028 7315/5392/2028 
s 8
f 7317/5394/2029 7316/5393/2030 7319/5397/2030 7320/5398/2029 
f 7316/5393/2030 7315/5392/2031 7321/5399/2031 7319/5397/2030 
f 7315/5392/2031 7318/5396/2032 7322/5400/2032 7321/5399/2031 
f 7318/5396/2032 7317/5395/2029 7320/5401/2029 7322/5400/2032 
f 7320/5398/2029 7319/5397/2030 7323/5402/2030 7324/5403/2029 
f 7319/5397/2030 7321/5399/2031 7325/5404/2031 7323/5402/2030 
f 7321/5399/2031 7322/5400/2032 7326/5405/2032 7325/5404/2031 
f 7322/5400/2032 7320/5401/2029 7324/5406/2029 7326/5405/2032 
f 7324/5403/2029 7323/5402/2030 7327/5407/2030 7328/5408/2029 
f 7323/5402/2030 7325/5404/2031 7329/5409/2031 7327/5407/2030 
f 7325/5404/2031 7326/5405/2032 7330/5410/2032 7329/5409/2031 
f 7326/5405/2032 7324/5406/2029 7328/5411/2029 7330/5410/2032 
f 7328/5408/2029 7327/5407/2030 7331/5412/2030 7332/5413/2029 
f 7327/5407/2030 7329/5409/2031 7333/5414/2031 7331/5412/2030 
f 7329/5409/2031 7330/5410/2032 7334/5415/2032 7333/5414/2031 
f 7330/5410/2032 7328/5411/2029 7332/5416/2029 7334/5415/2032 
f 7332/5413/2029 7331/5412/2030 7335/5417/2030 7336/5418/2029 
f 7331/5412/2030 7333/5414/2031 7337/5419/2031 7335/5417/2030 
f 7333/5414/2031 7334/5415/2032 7338/5420/2032 7337/5419/2031 
f 7334/5415/2032 7332/5416/2029 7336/5421/2029 7338/5420/2032 
s 1
f 7338/5422/2033 7336/5418/2033 7335/5417/2033 
f 7335/5417/2033 7337/5419/2033 7338/5420/2033 
# 20 polygons - 4 triangles

#
# object Cylinder211
#

v  -7.9596 4.0354 94.6077
v  -7.9596 4.7393 95.3117
v  -7.9596 5.4432 94.6077
v  -7.9596 4.7393 93.9038
v  -7.9088 4.7393 95.3117
v  -7.9088 5.4432 94.6077
v  -7.9088 4.0354 94.6077
v  -7.9088 4.7393 93.9038
v  -7.8580 4.7393 95.3117
v  -7.8580 5.4432 94.6077
v  -7.8580 4.0354 94.6077
v  -7.8580 4.7393 93.9038
v  -7.8072 4.7393 95.3117
v  -7.8072 5.4432 94.6077
v  -7.8072 4.0354 94.6077
v  -7.8072 4.7393 93.9038
v  -7.7564 4.7393 95.3117
v  -7.7564 5.4432 94.6077
v  -7.7564 4.0354 94.6077
v  -7.7564 4.7393 93.9038
v  -7.7056 4.7393 95.3117
v  -7.7056 5.4432 94.6077
v  -7.7056 4.0354 94.6077
v  -7.7056 4.7393 93.9038
# 24 vertices

vn -1.0000 0.0000 0.0000
vn 0.0000 1.0000 -0.0000
vn 0.0000 0.0000 1.0000
vn -0.0000 -1.0000 0.0000
vn -0.0000 -0.0000 -1.0000
vn 1.0000 -0.0000 -0.0000
# 6 vertex normals

vt 0.2500 0.0000 1.0000
vt 0.0000 0.0000 1.0000
vt -0.2500 0.0000 1.0000
vt 0.7500 0.0000 1.0000
vt 0.5000 0.0000 1.0000
vt 0.0000 0.2000 1.0000
vt -0.2500 0.2000 1.0000
vt 0.2500 0.2000 1.0000
vt 0.5000 0.2000 1.0000
vt 0.7500 0.2000 1.0000
vt 0.0000 0.4000 1.0000
vt -0.2500 0.4000 1.0000
vt 0.2500 0.4000 1.0000
vt 0.5000 0.4000 1.0000
vt 0.7500 0.4000 1.0000
vt 0.0000 0.6000 1.0000
vt -0.2500 0.6000 1.0000
vt 0.2500 0.6000 1.0000
vt 0.5000 0.6000 1.0000
vt 0.7500 0.6000 1.0000
vt 0.0000 0.8000 1.0000
vt -0.2500 0.8000 1.0000
vt 0.2500 0.8000 1.0000
vt 0.5000 0.8000 1.0000
vt 0.7500 0.8000 1.0000
vt 0.0000 1.0000 1.0000
vt -0.2500 1.0000 1.0000
vt 0.2500 1.0000 1.0000
vt 0.5000 1.0000 1.0000
vt 0.7500 1.0000 1.0000
vt 1.0000 1.0000 -1.0000
# 31 texture coords

g Cylinder211
usemtl 03___Defaulttyi
s 1
f 7339/5423/2034 7340/5424/2034 7341/5425/2034 
f 7341/5426/2034 7342/5427/2034 7339/5423/2034 
s 8
f 7341/5425/2035 7340/5424/2036 7343/5428/2036 7344/5429/2035 
f 7340/5424/2036 7339/5423/2037 7345/5430/2037 7343/5428/2036 
f 7339/5423/2037 7342/5427/2038 7346/5431/2038 7345/5430/2037 
f 7342/5427/2038 7341/5426/2035 7344/5432/2035 7346/5431/2038 
f 7344/5429/2035 7343/5428/2036 7347/5433/2036 7348/5434/2035 
f 7343/5428/2036 7345/5430/2037 7349/5435/2037 7347/5433/2036 
f 7345/5430/2037 7346/5431/2038 7350/5436/2038 7349/5435/2037 
f 7346/5431/2038 7344/5432/2035 7348/5437/2035 7350/5436/2038 
f 7348/5434/2035 7347/5433/2036 7351/5438/2036 7352/5439/2035 
f 7347/5433/2036 7349/5435/2037 7353/5440/2037 7351/5438/2036 
f 7349/5435/2037 7350/5436/2038 7354/5441/2038 7353/5440/2037 
f 7350/5436/2038 7348/5437/2035 7352/5442/2035 7354/5441/2038 
f 7352/5439/2035 7351/5438/2036 7355/5443/2036 7356/5444/2035 
f 7351/5438/2036 7353/5440/2037 7357/5445/2037 7355/5443/2036 
f 7353/5440/2037 7354/5441/2038 7358/5446/2038 7357/5445/2037 
f 7354/5441/2038 7352/5442/2035 7356/5447/2035 7358/5446/2038 
f 7356/5444/2035 7355/5443/2036 7359/5448/2036 7360/5449/2035 
f 7355/5443/2036 7357/5445/2037 7361/5450/2037 7359/5448/2036 
f 7357/5445/2037 7358/5446/2038 7362/5451/2038 7361/5450/2037 
f 7358/5446/2038 7356/5447/2035 7360/5452/2035 7362/5451/2038 
s 1
f 7362/5453/2039 7360/5449/2039 7359/5448/2039 
f 7359/5448/2039 7361/5450/2039 7362/5451/2039 
# 20 polygons - 4 triangles

#
# object Cylinder212
#

v  -5.0172 4.0354 97.1927
v  -5.7211 4.7393 97.1927
v  -5.0172 5.4432 97.1927
v  -4.3133 4.7393 97.1927
v  -5.7211 4.7393 97.2435
v  -5.0172 5.4432 97.2435
v  -5.0172 4.0354 97.2435
v  -4.3133 4.7393 97.2435
v  -5.7211 4.7393 97.2943
v  -5.0172 5.4432 97.2943
v  -5.0172 4.0354 97.2943
v  -4.3133 4.7393 97.2943
v  -5.7211 4.7393 97.3451
v  -5.0172 5.4432 97.3451
v  -5.0172 4.0354 97.3451
v  -4.3133 4.7393 97.3451
v  -5.7211 4.7393 97.3959
v  -5.0172 5.4432 97.3959
v  -5.0172 4.0354 97.3959
v  -4.3133 4.7393 97.3959
v  -5.7211 4.7393 97.4467
v  -5.0172 5.4432 97.4467
v  -5.0172 4.0354 97.4467
v  -4.3133 4.7393 97.4467
# 24 vertices

vn -0.0000 -0.0000 -1.0000
vn 0.0000 1.0000 -0.0000
vn -1.0000 0.0000 0.0000
vn -0.0000 -1.0000 0.0000
vn 1.0000 -0.0000 -0.0000
vn 0.0000 0.0000 1.0000
# 6 vertex normals

vt 0.2500 0.0000 1.0000
vt 0.0000 0.0000 1.0000
vt -0.2500 0.0000 1.0000
vt 0.7500 0.0000 1.0000
vt 0.5000 0.0000 1.0000
vt 0.0000 0.2000 1.0000
vt -0.2500 0.2000 1.0000
vt 0.2500 0.2000 1.0000
vt 0.5000 0.2000 1.0000
vt 0.7500 0.2000 1.0000
vt 0.0000 0.4000 1.0000
vt -0.2500 0.4000 1.0000
vt 0.2500 0.4000 1.0000
vt 0.5000 0.4000 1.0000
vt 0.7500 0.4000 1.0000
vt 0.0000 0.6000 1.0000
vt -0.2500 0.6000 1.0000
vt 0.2500 0.6000 1.0000
vt 0.5000 0.6000 1.0000
vt 0.7500 0.6000 1.0000
vt 0.0000 0.8000 1.0000
vt -0.2500 0.8000 1.0000
vt 0.2500 0.8000 1.0000
vt 0.5000 0.8000 1.0000
vt 0.7500 0.8000 1.0000
vt 0.0000 1.0000 1.0000
vt -0.2500 1.0000 1.0000
vt 0.2500 1.0000 1.0000
vt 0.5000 1.0000 1.0000
vt 0.7500 1.0000 1.0000
vt 1.0000 1.0000 -1.0000
# 31 texture coords

g Cylinder212
usemtl 03___Defaulttyi
s 1
f 7363/5454/2040 7364/5455/2040 7365/5456/2040 
f 7365/5457/2040 7366/5458/2040 7363/5454/2040 
s 8
f 7365/5456/2041 7364/5455/2042 7367/5459/2042 7368/5460/2041 
f 7364/5455/2042 7363/5454/2043 7369/5461/2043 7367/5459/2042 
f 7363/5454/2043 7366/5458/2044 7370/5462/2044 7369/5461/2043 
f 7366/5458/2044 7365/5457/2041 7368/5463/2041 7370/5462/2044 
f 7368/5460/2041 7367/5459/2042 7371/5464/2042 7372/5465/2041 
f 7367/5459/2042 7369/5461/2043 7373/5466/2043 7371/5464/2042 
f 7369/5461/2043 7370/5462/2044 7374/5467/2044 7373/5466/2043 
f 7370/5462/2044 7368/5463/2041 7372/5468/2041 7374/5467/2044 
f 7372/5465/2041 7371/5464/2042 7375/5469/2042 7376/5470/2041 
f 7371/5464/2042 7373/5466/2043 7377/5471/2043 7375/5469/2042 
f 7373/5466/2043 7374/5467/2044 7378/5472/2044 7377/5471/2043 
f 7374/5467/2044 7372/5468/2041 7376/5473/2041 7378/5472/2044 
f 7376/5470/2041 7375/5469/2042 7379/5474/2042 7380/5475/2041 
f 7375/5469/2042 7377/5471/2043 7381/5476/2043 7379/5474/2042 
f 7377/5471/2043 7378/5472/2044 7382/5477/2044 7381/5476/2043 
f 7378/5472/2044 7376/5473/2041 7380/5478/2041 7382/5477/2044 
f 7380/5475/2041 7379/5474/2042 7383/5479/2042 7384/5480/2041 
f 7379/5474/2042 7381/5476/2043 7385/5481/2043 7383/5479/2042 
f 7381/5476/2043 7382/5477/2044 7386/5482/2044 7385/5481/2043 
f 7382/5477/2044 7380/5478/2041 7384/5483/2041 7386/5482/2044 
s 1
f 7386/5484/2045 7384/5480/2045 7383/5479/2045 
f 7383/5479/2045 7385/5481/2045 7386/5482/2045 
# 20 polygons - 4 triangles

#
# object Cylinder213
#

v  -2.4786 4.0354 94.6077
v  -2.4786 4.7393 95.3117
v  -2.4786 5.4432 94.6077
v  -2.4786 4.7393 93.9038
v  -2.4278 4.7393 95.3117
v  -2.4278 5.4432 94.6077
v  -2.4278 4.0354 94.6077
v  -2.4278 4.7393 93.9038
v  -2.3770 4.7393 95.3117
v  -2.3770 5.4432 94.6077
v  -2.3770 4.0354 94.6077
v  -2.3770 4.7393 93.9038
v  -2.3262 4.7393 95.3117
v  -2.3262 5.4432 94.6077
v  -2.3262 4.0354 94.6077
v  -2.3262 4.7393 93.9038
v  -2.2754 4.7393 95.3117
v  -2.2754 5.4432 94.6077
v  -2.2754 4.0354 94.6077
v  -2.2754 4.7393 93.9038
v  -2.2246 4.7393 95.3117
v  -2.2246 5.4432 94.6077
v  -2.2246 4.0354 94.6077
v  -2.2246 4.7393 93.9038
# 24 vertices

vn -1.0000 0.0000 0.0000
vn 0.0000 1.0000 -0.0000
vn 0.0000 0.0000 1.0000
vn -0.0000 -1.0000 0.0000
vn -0.0000 -0.0000 -1.0000
vn 1.0000 -0.0000 -0.0000
# 6 vertex normals

vt 0.2500 0.0000 1.0000
vt 0.0000 0.0000 1.0000
vt -0.2500 0.0000 1.0000
vt 0.7500 0.0000 1.0000
vt 0.5000 0.0000 1.0000
vt 0.0000 0.2000 1.0000
vt -0.2500 0.2000 1.0000
vt 0.2500 0.2000 1.0000
vt 0.5000 0.2000 1.0000
vt 0.7500 0.2000 1.0000
vt 0.0000 0.4000 1.0000
vt -0.2500 0.4000 1.0000
vt 0.2500 0.4000 1.0000
vt 0.5000 0.4000 1.0000
vt 0.7500 0.4000 1.0000
vt 0.0000 0.6000 1.0000
vt -0.2500 0.6000 1.0000
vt 0.2500 0.6000 1.0000
vt 0.5000 0.6000 1.0000
vt 0.7500 0.6000 1.0000
vt 0.0000 0.8000 1.0000
vt -0.2500 0.8000 1.0000
vt 0.2500 0.8000 1.0000
vt 0.5000 0.8000 1.0000
vt 0.7500 0.8000 1.0000
vt 0.0000 1.0000 1.0000
vt -0.2500 1.0000 1.0000
vt 0.2500 1.0000 1.0000
vt 0.5000 1.0000 1.0000
vt 0.7500 1.0000 1.0000
vt 1.0000 1.0000 -1.0000
# 31 texture coords

g Cylinder213
usemtl 03___Defaulttyi
s 1
f 7387/5485/2046 7388/5486/2046 7389/5487/2046 
f 7389/5488/2046 7390/5489/2046 7387/5485/2046 
s 8
f 7389/5487/2047 7388/5486/2048 7391/5490/2048 7392/5491/2047 
f 7388/5486/2048 7387/5485/2049 7393/5492/2049 7391/5490/2048 
f 7387/5485/2049 7390/5489/2050 7394/5493/2050 7393/5492/2049 
f 7390/5489/2050 7389/5488/2047 7392/5494/2047 7394/5493/2050 
f 7392/5491/2047 7391/5490/2048 7395/5495/2048 7396/5496/2047 
f 7391/5490/2048 7393/5492/2049 7397/5497/2049 7395/5495/2048 
f 7393/5492/2049 7394/5493/2050 7398/5498/2050 7397/5497/2049 
f 7394/5493/2050 7392/5494/2047 7396/5499/2047 7398/5498/2050 
f 7396/5496/2047 7395/5495/2048 7399/5500/2048 7400/5501/2047 
f 7395/5495/2048 7397/5497/2049 7401/5502/2049 7399/5500/2048 
f 7397/5497/2049 7398/5498/2050 7402/5503/2050 7401/5502/2049 
f 7398/5498/2050 7396/5499/2047 7400/5504/2047 7402/5503/2050 
f 7400/5501/2047 7399/5500/2048 7403/5505/2048 7404/5506/2047 
f 7399/5500/2048 7401/5502/2049 7405/5507/2049 7403/5505/2048 
f 7401/5502/2049 7402/5503/2050 7406/5508/2050 7405/5507/2049 
f 7402/5503/2050 7400/5504/2047 7404/5509/2047 7406/5508/2050 
f 7404/5506/2047 7403/5505/2048 7407/5510/2048 7408/5511/2047 
f 7403/5505/2048 7405/5507/2049 7409/5512/2049 7407/5510/2048 
f 7405/5507/2049 7406/5508/2050 7410/5513/2050 7409/5512/2049 
f 7406/5508/2050 7404/5509/2047 7408/5514/2047 7410/5513/2050 
s 1
f 7410/5515/2051 7408/5511/2051 7407/5510/2051 
f 7407/5510/2051 7409/5512/2051 7410/5513/2051 
# 20 polygons - 4 triangles

#
# object Box477
#

v  -2.6466 -0.3273 97.0362
v  -7.4726 -0.3273 97.0362
v  -7.4726 -0.3273 92.2102
v  -2.6466 -0.3273 92.2102
v  -2.6466 0.9427 97.0362
v  -2.6466 0.9427 92.2102
v  -7.4726 0.9427 92.2102
v  -7.4726 0.9427 97.0362
# 8 vertices

vn 0.0000 -1.0000 -0.0000
vn 0.0000 1.0000 -0.0000
vn 1.0000 0.0000 -0.0000
vn -0.0000 0.0000 -1.0000
vn -1.0000 0.0000 0.0000
vn 0.0000 0.0000 1.0000
# 6 vertex normals

vt 1.0000 0.0000 0.0000
vt 1.0000 1.0000 0.0000
vt 0.0000 1.0000 0.0000
vt 0.0000 0.0000 0.0000
# 4 texture coords

g Box477
usemtl tfg
s 2
f 7411/5516/2052 7412/5517/2052 7413/5518/2052 7414/5519/2052 
s 4
f 7415/5519/2053 7416/5516/2053 7417/5517/2053 7418/5518/2053 
s 8
f 7411/5519/2054 7414/5516/2054 7416/5517/2054 7415/5518/2054 
s 16
f 7414/5519/2055 7413/5516/2055 7417/5517/2055 7416/5518/2055 
s 32
f 7413/5519/2056 7412/5516/2056 7418/5517/2056 7417/5518/2056 
s 64
f 7412/5519/2057 7411/5516/2057 7415/5517/2057 7418/5518/2057 
# 6 polygons

#
# object Box478
#

v  79.4734 4.5718 95.2525
v  74.3934 4.5718 95.2525
v  74.3934 4.5718 90.1725
v  79.4734 4.5718 90.1725
v  79.4734 4.8258 95.2525
v  79.4734 4.8258 90.1725
v  74.3934 4.8258 90.1725
v  74.3934 4.8258 95.2525
# 8 vertices

vn 0.0000 -1.0000 -0.0000
vn 0.0000 1.0000 -0.0000
vn 1.0000 0.0000 -0.0000
vn -0.0000 0.0000 -1.0000
vn -1.0000 0.0000 0.0000
vn 0.0000 0.0000 1.0000
# 6 vertex normals

vt 1.0000 0.0000 0.0000
vt 1.0000 1.0000 0.0000
vt 0.0000 1.0000 0.0000
vt 0.0000 0.0000 0.0000
# 4 texture coords

g Box478
usemtl cvj
s 2
f 7419/5520/2058 7420/5521/2058 7421/5522/2058 7422/5523/2058 
s 4
f 7423/5523/2059 7424/5520/2059 7425/5521/2059 7426/5522/2059 
s 8
f 7419/5523/2060 7422/5520/2060 7424/5521/2060 7423/5522/2060 
s 16
f 7422/5523/2061 7421/5520/2061 7425/5521/2061 7424/5522/2061 
s 32
f 7421/5523/2062 7420/5520/2062 7426/5521/2062 7425/5522/2062 
s 64
f 7420/5523/2063 7419/5520/2063 7423/5521/2063 7426/5522/2063 
# 6 polygons

#
# object Box479
#

v  79.0924 -0.3273 94.8715
v  77.6531 -0.3273 94.8715
v  77.6531 -0.3273 93.4322
v  79.0924 -0.3273 93.4322
v  77.6531 -0.3273 91.9928
v  79.0924 -0.3273 91.9928
v  77.6531 -0.3273 90.5535
v  79.0924 -0.3273 90.5535
v  76.2138 -0.3273 94.8715
v  76.2138 -0.3273 93.4322
v  76.2138 -0.3273 91.9928
v  76.2138 -0.3273 90.5535
v  74.7744 -0.3273 94.8715
v  74.7744 -0.3273 93.4322
v  74.7744 -0.3273 91.9928
v  74.7744 -0.3273 90.5535
v  79.0924 9.8327 94.8715
v  79.0924 9.8327 93.4322
v  77.6531 9.8327 93.4322
v  77.6531 9.8327 94.8715
v  79.0924 9.8327 91.9928
v  77.6531 9.8327 91.9928
v  79.0924 9.8327 90.5535
v  77.6531 9.8327 90.5535
v  76.2138 9.8327 93.4322
v  76.2138 9.8327 94.8715
v  76.2138 9.8327 91.9928
v  76.2138 9.8327 90.5535
v  74.7744 9.8327 93.4322
v  74.7744 9.8327 94.8715
v  74.7744 9.8327 91.9928
v  74.7744 9.8327 90.5535
v  79.0924 4.7527 93.4322
v  79.0924 4.7527 94.8715
v  79.6004 -0.3273 93.4322
v  79.6004 -0.3273 91.9928
v  79.6004 4.7527 91.9928
v  79.6004 4.7527 93.4322
v  79.0924 4.7527 90.5535
v  79.0924 4.7527 91.9928
v  79.6004 9.8327 91.9928
v  79.6004 9.8327 93.4322
v  77.6531 4.7527 90.5535
v  77.6531 -0.3273 90.0455
v  76.2138 -0.3273 90.0455
v  76.2138 4.7527 90.0455
v  77.6531 4.7527 90.0455
v  74.7744 4.7527 90.5535
v  76.2138 4.7527 90.5535
v  76.2138 9.8327 90.0455
v  77.6531 9.8327 90.0455
v  74.7744 4.7527 91.9928
v  74.2664 -0.3273 91.9928
v  74.2664 -0.3273 93.4322
v  74.2664 4.7527 93.4322
v  74.2664 4.7527 91.9928
v  74.7744 4.7527 94.8715
v  74.7744 4.7527 93.4322
v  74.2664 9.8327 93.4322
v  74.2664 9.8327 91.9928
v  76.2138 4.7527 94.8715
v  76.2138 -0.3273 95.3795
v  77.6531 -0.3273 95.3795
v  77.6531 4.7527 95.3795
v  76.2138 4.7527 95.3795
v  77.6531 4.7527 94.8715
v  77.6531 9.8327 95.3795
v  76.2138 9.8327 95.3795
# 68 vertices

vn 0.0000 -1.0000 -0.0000
vn 0.0000 1.0000 -0.0000
vn 1.0000 0.0000 -0.0000
vn -0.0000 0.0000 -1.0000
vn -0.0000 -0.0000 -1.0000
vn -1.0000 0.0000 0.0000
vn -1.0000 -0.0000 0.0000
vn 0.0000 0.0000 1.0000
vn 0.0000 -0.0000 1.0000
vn 1.0000 -0.0000 -0.0000
# 10 vertex normals

vt 1.0000 0.0000 0.0000
vt 1.0000 0.3333 0.0000
vt 0.6667 0.3333 0.0000
vt 0.6667 0.0000 0.0000
vt 0.3333 0.3333 0.0000
vt 0.3333 0.0000 0.0000
vt -0.0000 0.3333 0.0000
vt -0.0000 0.0000 0.0000
vt 1.0000 0.6667 0.0000
vt 0.6667 0.6667 0.0000
vt 0.3333 0.6667 0.0000
vt -0.0000 0.6667 0.0000
vt 1.0000 1.0000 0.0000
vt 0.6667 1.0000 0.0000
vt 0.3333 1.0000 0.0000
vt -0.0000 1.0000 0.0000
vt 0.0000 0.0000 0.0000
vt 0.0000 0.3333 0.0000
vt 0.0000 0.6667 0.0000
vt 0.0000 1.0000 0.0000
vt 0.3333 0.5000 0.0000
vt 0.0000 0.5000 0.0000
vt 0.6667 0.5000 0.0000
vt 1.0000 0.5000 0.0000
# 24 texture coords

g Box479
usemtl xdgh
s 2
f 7427/5524/2064 7428/5525/2064 7429/5526/2064 7430/5527/2064 
f 7430/5527/2064 7429/5526/2064 7431/5528/2064 7432/5529/2064 
f 7432/5529/2064 7431/5528/2064 7433/5530/2064 7434/5531/2064 
f 7428/5525/2064 7435/5532/2064 7436/5533/2064 7429/5526/2064 
f 7429/5526/2064 7436/5533/2064 7437/5534/2064 7431/5528/2064 
f 7431/5528/2064 7437/5534/2064 7438/5535/2064 7433/5530/2064 
f 7435/5532/2064 7439/5536/2064 7440/5537/2064 7436/5533/2064 
f 7436/5533/2064 7440/5537/2064 7441/5538/2064 7437/5534/2064 
f 7437/5534/2064 7441/5538/2064 7442/5539/2064 7438/5535/2064 
s 4
f 7443/5540/2065 7444/5529/2065 7445/5528/2065 7446/5541/2065 
f 7444/5529/2065 7447/5527/2065 7448/5526/2065 7445/5528/2065 
f 7447/5527/2065 7449/5524/2065 7450/5525/2065 7448/5526/2065 
f 7446/5541/2065 7445/5528/2065 7451/5534/2065 7452/5542/2065 
f 7445/5528/2065 7448/5526/2065 7453/5533/2065 7451/5534/2065 
f 7448/5526/2065 7450/5525/2065 7454/5532/2065 7453/5533/2065 
f 7452/5542/2065 7451/5534/2065 7455/5538/2065 7456/5543/2065 
f 7451/5534/2065 7453/5533/2065 7457/5537/2065 7455/5538/2065 
f 7453/5533/2065 7454/5532/2065 7458/5536/2065 7457/5537/2065 
s 8
f 7427/5540/2066 7430/5529/2066 7459/5544/2066 7460/5545/2066 
f 7461/5529/2066 7462/5527/2066 7463/5546/2066 7464/5544/2066 
f 7432/5527/2066 7434/5524/2066 7465/5547/2066 7466/5546/2066 
usemtl tfg
f 7460/5545/2066 7459/5544/2066 7444/5538/2066 7443/5543/2066 
usemtl xdgh
f 7464/5544/2066 7463/5546/2066 7467/5537/2066 7468/5538/2066 
usemtl tfg
f 7466/5546/2066 7465/5547/2066 7449/5536/2066 7447/5537/2066 
usemtl xdgh
s 16
f 7434/5540/2067 7433/5529/2067 7469/5544/2067 7465/5545/2067 
f 7470/5529/2068 7471/5527/2068 7472/5546/2067 7473/5544/2067 
f 7438/5527/2067 7442/5524/2067 7474/5547/2067 7475/5546/2067 
usemtl tfg
f 7465/5545/2067 7469/5544/2067 7450/5538/2067 7449/5543/2067 
usemtl xdgh
f 7473/5544/2067 7472/5546/2067 7476/5537/2067 7477/5538/2067 
usemtl tfg
f 7475/5546/2067 7474/5547/2067 7458/5536/2067 7454/5537/2067 
usemtl xdgh
s 32
f 7442/5540/2069 7441/5529/2069 7478/5544/2069 7474/5545/2069 
f 7479/5529/2070 7480/5527/2070 7481/5546/2069 7482/5544/2069 
f 7440/5527/2069 7439/5524/2069 7483/5547/2069 7484/5546/2069 
usemtl tfg
f 7474/5545/2069 7478/5544/2069 7457/5538/2069 7458/5543/2069 
usemtl xdgh
f 7482/5544/2069 7481/5546/2069 7485/5537/2069 7486/5538/2069 
usemtl tfg
f 7484/5546/2069 7483/5547/2069 7456/5536/2069 7455/5537/2069 
usemtl xdgh
s 64
f 7439/5540/2071 7435/5529/2071 7487/5544/2071 7483/5545/2071 
f 7488/5529/2071 7489/5527/2071 7490/5546/2071 7491/5544/2071 
f 7428/5527/2071 7427/5524/2071 7460/5547/2071 7492/5546/2071 
usemtl tfg
f 7483/5545/2071 7487/5544/2071 7452/5538/2071 7456/5543/2071 
usemtl xdgh
f 7491/5544/2071 7490/5546/2071 7493/5537/2071 7494/5538/2071 
usemtl tfg
f 7492/5546/2071 7460/5547/2071 7443/5536/2071 7446/5537/2071 
usemtl xdgh
s off
f 7430/5527/2064 7432/5529/2064 7462/5527/2064 7461/5529/2064 
usemtl tfg
f 7432/5527/2067 7466/5546/2067 7463/5546/2067 7462/5527/2067 
f 7466/5546/2067 7447/5537/2067 7467/5537/2067 7463/5546/2067 
usemtl xdgh
f 7447/5527/2065 7444/5529/2065 7468/5538/2065 7467/5537/2065 
usemtl tfg
f 7444/5538/2071 7459/5544/2071 7464/5544/2071 7468/5538/2071 
f 7459/5544/2071 7430/5529/2071 7461/5529/2071 7464/5544/2071 
usemtl xdgh
f 7433/5530/2064 7438/5535/2064 7471/5527/2064 7470/5529/2064 
usemtl tfg
f 7438/5527/2069 7475/5546/2069 7472/5546/2069 7471/5527/2069 
f 7475/5546/2069 7454/5537/2069 7476/5537/2069 7472/5546/2069 
usemtl xdgh
f 7454/5532/2065 7450/5525/2065 7477/5538/2065 7476/5537/2065 
usemtl tfg
f 7450/5538/2066 7469/5544/2066 7473/5544/2066 7477/5538/2066 
f 7469/5544/2066 7433/5529/2066 7470/5529/2066 7473/5544/2066 
usemtl xdgh
f 7441/5538/2064 7440/5537/2064 7480/5527/2064 7479/5529/2064 
usemtl tfg
f 7440/5527/2071 7484/5546/2071 7481/5546/2071 7480/5527/2071 
f 7484/5546/2072 7455/5537/2072 7485/5537/2072 7481/5546/2072 
usemtl xdgh
f 7455/5538/2065 7457/5537/2065 7486/5538/2065 7485/5537/2065 
usemtl tfg
f 7457/5538/2067 7478/5544/2067 7482/5544/2067 7486/5538/2067 
f 7478/5544/2068 7441/5529/2068 7479/5529/2068 7482/5544/2068 
usemtl xdgh
f 7435/5532/2064 7428/5525/2064 7489/5527/2064 7488/5529/2064 
usemtl tfg
f 7428/5527/2066 7492/5546/2066 7490/5546/2066 7489/5527/2066 
f 7492/5546/2073 7446/5537/2073 7493/5537/2073 7490/5546/2073 
usemtl xdgh
f 7446/5541/2065 7452/5542/2065 7494/5538/2065 7493/5537/2065 
usemtl tfg
f 7452/5538/2069 7487/5544/2069 7491/5544/2069 7494/5538/2069 
f 7487/5544/2070 7435/5529/2070 7488/5529/2070 7491/5544/2070 
# 66 polygons

#
# object Cylinder214
#

v  76.9758 4.0354 89.8234
v  76.2719 4.7393 89.8234
v  76.9758 5.4432 89.8234
v  77.6797 4.7393 89.8234
v  76.2719 4.7393 89.8742
v  76.9758 5.4432 89.8742
v  76.9758 4.0354 89.8742
v  77.6797 4.7393 89.8742
v  76.2719 4.7393 89.9250
v  76.9758 5.4432 89.9250
v  76.9758 4.0354 89.9250
v  77.6797 4.7393 89.9250
v  76.2719 4.7393 89.9758
v  76.9758 5.4432 89.9758
v  76.9758 4.0354 89.9758
v  77.6797 4.7393 89.9758
v  76.2719 4.7393 90.0266
v  76.9758 5.4432 90.0266
v  76.9758 4.0354 90.0266
v  77.6797 4.7393 90.0266
v  76.2719 4.7393 90.0774
v  76.9758 5.4432 90.0774
v  76.9758 4.0354 90.0774
v  77.6797 4.7393 90.0774
# 24 vertices

vn -0.0000 -0.0000 -1.0000
vn 0.0000 1.0000 -0.0000
vn -1.0000 0.0000 0.0000
vn -0.0000 -1.0000 0.0000
vn 1.0000 -0.0000 -0.0000
vn 0.0000 0.0000 1.0000
# 6 vertex normals

vt 0.2500 0.0000 1.0000
vt 0.0000 0.0000 1.0000
vt -0.2500 0.0000 1.0000
vt 0.7500 0.0000 1.0000
vt 0.5000 0.0000 1.0000
vt 0.0000 0.2000 1.0000
vt -0.2500 0.2000 1.0000
vt 0.2500 0.2000 1.0000
vt 0.5000 0.2000 1.0000
vt 0.7500 0.2000 1.0000
vt 0.0000 0.4000 1.0000
vt -0.2500 0.4000 1.0000
vt 0.2500 0.4000 1.0000
vt 0.5000 0.4000 1.0000
vt 0.7500 0.4000 1.0000
vt 0.0000 0.6000 1.0000
vt -0.2500 0.6000 1.0000
vt 0.2500 0.6000 1.0000
vt 0.5000 0.6000 1.0000
vt 0.7500 0.6000 1.0000
vt 0.0000 0.8000 1.0000
vt -0.2500 0.8000 1.0000
vt 0.2500 0.8000 1.0000
vt 0.5000 0.8000 1.0000
vt 0.7500 0.8000 1.0000
vt 0.0000 1.0000 1.0000
vt -0.2500 1.0000 1.0000
vt 0.2500 1.0000 1.0000
vt 0.5000 1.0000 1.0000
vt 0.7500 1.0000 1.0000
vt 1.0000 1.0000 -1.0000
# 31 texture coords

g Cylinder214
usemtl 03___Defaulttyi
s 1
f 7495/5548/2074 7496/5549/2074 7497/5550/2074 
f 7497/5551/2074 7498/5552/2074 7495/5548/2074 
s 8
f 7497/5550/2075 7496/5549/2076 7499/5553/2076 7500/5554/2075 
f 7496/5549/2076 7495/5548/2077 7501/5555/2077 7499/5553/2076 
f 7495/5548/2077 7498/5552/2078 7502/5556/2078 7501/5555/2077 
f 7498/5552/2078 7497/5551/2075 7500/5557/2075 7502/5556/2078 
f 7500/5554/2075 7499/5553/2076 7503/5558/2076 7504/5559/2075 
f 7499/5553/2076 7501/5555/2077 7505/5560/2077 7503/5558/2076 
f 7501/5555/2077 7502/5556/2078 7506/5561/2078 7505/5560/2077 
f 7502/5556/2078 7500/5557/2075 7504/5562/2075 7506/5561/2078 
f 7504/5559/2075 7503/5558/2076 7507/5563/2076 7508/5564/2075 
f 7503/5558/2076 7505/5560/2077 7509/5565/2077 7507/5563/2076 
f 7505/5560/2077 7506/5561/2078 7510/5566/2078 7509/5565/2077 
f 7506/5561/2078 7504/5562/2075 7508/5567/2075 7510/5566/2078 
f 7508/5564/2075 7507/5563/2076 7511/5568/2076 7512/5569/2075 
f 7507/5563/2076 7509/5565/2077 7513/5570/2077 7511/5568/2076 
f 7509/5565/2077 7510/5566/2078 7514/5571/2078 7513/5570/2077 
f 7510/5566/2078 7508/5567/2075 7512/5572/2075 7514/5571/2078 
f 7512/5569/2075 7511/5568/2076 7515/5573/2076 7516/5574/2075 
f 7511/5568/2076 7513/5570/2077 7517/5575/2077 7515/5573/2076 
f 7513/5570/2077 7514/5571/2078 7518/5576/2078 7517/5575/2077 
f 7514/5571/2078 7512/5572/2075 7516/5577/2075 7518/5576/2078 
s 1
f 7518/5578/2079 7516/5574/2079 7515/5573/2079 
f 7515/5573/2079 7517/5575/2079 7518/5576/2079 
# 20 polygons - 4 triangles

#
# object Cylinder215
#

v  74.0334 4.0354 92.6971
v  74.0334 4.7393 93.4010
v  74.0334 5.4432 92.6971
v  74.0334 4.7393 91.9932
v  74.0842 4.7393 93.4010
v  74.0842 5.4432 92.6971
v  74.0842 4.0354 92.6971
v  74.0842 4.7393 91.9932
v  74.1350 4.7393 93.4010
v  74.1350 5.4432 92.6971
v  74.1350 4.0354 92.6971
v  74.1350 4.7393 91.9932
v  74.1858 4.7393 93.4010
v  74.1858 5.4432 92.6971
v  74.1858 4.0354 92.6971
v  74.1858 4.7393 91.9932
v  74.2366 4.7393 93.4010
v  74.2366 5.4432 92.6971
v  74.2366 4.0354 92.6971
v  74.2366 4.7393 91.9932
v  74.2874 4.7393 93.4010
v  74.2874 5.4432 92.6971
v  74.2874 4.0354 92.6971
v  74.2874 4.7393 91.9932
# 24 vertices

vn -1.0000 0.0000 0.0000
vn 0.0000 1.0000 -0.0000
vn 0.0000 0.0000 1.0000
vn -0.0000 -1.0000 0.0000
vn -0.0000 -0.0000 -1.0000
vn 1.0000 -0.0000 -0.0000
# 6 vertex normals

vt 0.2500 0.0000 1.0000
vt 0.0000 0.0000 1.0000
vt -0.2500 0.0000 1.0000
vt 0.7500 0.0000 1.0000
vt 0.5000 0.0000 1.0000
vt 0.0000 0.2000 1.0000
vt -0.2500 0.2000 1.0000
vt 0.2500 0.2000 1.0000
vt 0.5000 0.2000 1.0000
vt 0.7500 0.2000 1.0000
vt 0.0000 0.4000 1.0000
vt -0.2500 0.4000 1.0000
vt 0.2500 0.4000 1.0000
vt 0.5000 0.4000 1.0000
vt 0.7500 0.4000 1.0000
vt 0.0000 0.6000 1.0000
vt -0.2500 0.6000 1.0000
vt 0.2500 0.6000 1.0000
vt 0.5000 0.6000 1.0000
vt 0.7500 0.6000 1.0000
vt 0.0000 0.8000 1.0000
vt -0.2500 0.8000 1.0000
vt 0.2500 0.8000 1.0000
vt 0.5000 0.8000 1.0000
vt 0.7500 0.8000 1.0000
vt 0.0000 1.0000 1.0000
vt -0.2500 1.0000 1.0000
vt 0.2500 1.0000 1.0000
vt 0.5000 1.0000 1.0000
vt 0.7500 1.0000 1.0000
vt 1.0000 1.0000 -1.0000
# 31 texture coords

g Cylinder215
usemtl 03___Defaulttyi
s 1
f 7519/5579/2080 7520/5580/2080 7521/5581/2080 
f 7521/5582/2080 7522/5583/2080 7519/5579/2080 
s 8
f 7521/5581/2081 7520/5580/2082 7523/5584/2082 7524/5585/2081 
f 7520/5580/2082 7519/5579/2083 7525/5586/2083 7523/5584/2082 
f 7519/5579/2083 7522/5583/2084 7526/5587/2084 7525/5586/2083 
f 7522/5583/2084 7521/5582/2081 7524/5588/2081 7526/5587/2084 
f 7524/5585/2081 7523/5584/2082 7527/5589/2082 7528/5590/2081 
f 7523/5584/2082 7525/5586/2083 7529/5591/2083 7527/5589/2082 
f 7525/5586/2083 7526/5587/2084 7530/5592/2084 7529/5591/2083 
f 7526/5587/2084 7524/5588/2081 7528/5593/2081 7530/5592/2084 
f 7528/5590/2081 7527/5589/2082 7531/5594/2082 7532/5595/2081 
f 7527/5589/2082 7529/5591/2083 7533/5596/2083 7531/5594/2082 
f 7529/5591/2083 7530/5592/2084 7534/5597/2084 7533/5596/2083 
f 7530/5592/2084 7528/5593/2081 7532/5598/2081 7534/5597/2084 
f 7532/5595/2081 7531/5594/2082 7535/5599/2082 7536/5600/2081 
f 7531/5594/2082 7533/5596/2083 7537/5601/2083 7535/5599/2082 
f 7533/5596/2083 7534/5597/2084 7538/5602/2084 7537/5601/2083 
f 7534/5597/2084 7532/5598/2081 7536/5603/2081 7538/5602/2084 
f 7536/5600/2081 7535/5599/2082 7539/5604/2082 7540/5605/2081 
f 7535/5599/2082 7537/5601/2083 7541/5606/2083 7539/5604/2082 
f 7537/5601/2083 7538/5602/2084 7542/5607/2084 7541/5606/2083 
f 7538/5602/2084 7536/5603/2081 7540/5608/2081 7542/5607/2084 
s 1
f 7542/5609/2085 7540/5605/2085 7539/5604/2085 
f 7539/5604/2085 7541/5606/2085 7542/5607/2085 
# 20 polygons - 4 triangles

#
# object Cylinder216
#

v  76.9758 4.0354 95.2821
v  76.2719 4.7393 95.2821
v  76.9758 5.4432 95.2821
v  77.6797 4.7393 95.2821
v  76.2719 4.7393 95.3329
v  76.9758 5.4432 95.3328
v  76.9758 4.0354 95.3328
v  77.6797 4.7393 95.3328
v  76.2719 4.7393 95.3837
v  76.9758 5.4432 95.3837
v  76.9758 4.0354 95.3837
v  77.6797 4.7393 95.3837
v  76.2719 4.7393 95.4344
v  76.9758 5.4432 95.4344
v  76.9758 4.0354 95.4344
v  77.6797 4.7393 95.4344
v  76.2719 4.7393 95.4853
v  76.9758 5.4432 95.4853
v  76.9758 4.0354 95.4853
v  77.6797 4.7393 95.4853
v  76.2719 4.7393 95.5360
v  76.9758 5.4432 95.5360
v  76.9758 4.0354 95.5360
v  77.6797 4.7393 95.5360
# 24 vertices

vn -0.0000 -0.0000 -1.0000
vn 0.0000 1.0000 -0.0000
vn -1.0000 0.0000 0.0000
vn -0.0000 -1.0000 0.0000
vn 1.0000 -0.0000 -0.0000
vn 0.0000 0.0000 1.0000
# 6 vertex normals

vt 0.2500 0.0000 1.0000
vt 0.0000 0.0000 1.0000
vt -0.2500 0.0000 1.0000
vt 0.7500 0.0000 1.0000
vt 0.5000 0.0000 1.0000
vt 0.0000 0.2000 1.0000
vt -0.2500 0.2000 1.0000
vt 0.2500 0.2000 1.0000
vt 0.5000 0.2000 1.0000
vt 0.7500 0.2000 1.0000
vt 0.0000 0.4000 1.0000
vt -0.2500 0.4000 1.0000
vt 0.2500 0.4000 1.0000
vt 0.5000 0.4000 1.0000
vt 0.7500 0.4000 1.0000
vt 0.0000 0.6000 1.0000
vt -0.2500 0.6000 1.0000
vt 0.2500 0.6000 1.0000
vt 0.5000 0.6000 1.0000
vt 0.7500 0.6000 1.0000
vt 0.0000 0.8000 1.0000
vt -0.2500 0.8000 1.0000
vt 0.2500 0.8000 1.0000
vt 0.5000 0.8000 1.0000
vt 0.7500 0.8000 1.0000
vt 0.0000 1.0000 1.0000
vt -0.2500 1.0000 1.0000
vt 0.2500 1.0000 1.0000
vt 0.5000 1.0000 1.0000
vt 0.7500 1.0000 1.0000
vt 1.0000 1.0000 -1.0000
# 31 texture coords

g Cylinder216
usemtl 03___Defaulttyi
s 1
f 7543/5610/2086 7544/5611/2086 7545/5612/2086 
f 7545/5613/2086 7546/5614/2086 7543/5610/2086 
s 8
f 7545/5612/2087 7544/5611/2088 7547/5615/2088 7548/5616/2087 
f 7544/5611/2088 7543/5610/2089 7549/5617/2089 7547/5615/2088 
f 7543/5610/2089 7546/5614/2090 7550/5618/2090 7549/5617/2089 
f 7546/5614/2090 7545/5613/2087 7548/5619/2087 7550/5618/2090 
f 7548/5616/2087 7547/5615/2088 7551/5620/2088 7552/5621/2087 
f 7547/5615/2088 7549/5617/2089 7553/5622/2089 7551/5620/2088 
f 7549/5617/2089 7550/5618/2090 7554/5623/2090 7553/5622/2089 
f 7550/5618/2090 7548/5619/2087 7552/5624/2087 7554/5623/2090 
f 7552/5621/2087 7551/5620/2088 7555/5625/2088 7556/5626/2087 
f 7551/5620/2088 7553/5622/2089 7557/5627/2089 7555/5625/2088 
f 7553/5622/2089 7554/5623/2090 7558/5628/2090 7557/5627/2089 
f 7554/5623/2090 7552/5624/2087 7556/5629/2087 7558/5628/2090 
f 7556/5626/2087 7555/5625/2088 7559/5630/2088 7560/5631/2087 
f 7555/5625/2088 7557/5627/2089 7561/5632/2089 7559/5630/2088 
f 7557/5627/2089 7558/5628/2090 7562/5633/2090 7561/5632/2089 
f 7558/5628/2090 7556/5629/2087 7560/5634/2087 7562/5633/2090 
f 7560/5631/2087 7559/5630/2088 7563/5635/2088 7564/5636/2087 
f 7559/5630/2088 7561/5632/2089 7565/5637/2089 7563/5635/2088 
f 7561/5632/2089 7562/5633/2090 7566/5638/2090 7565/5637/2089 
f 7562/5633/2090 7560/5634/2087 7564/5639/2087 7566/5638/2090 
s 1
f 7566/5640/2091 7564/5636/2091 7563/5635/2091 
f 7563/5635/2091 7565/5637/2091 7566/5638/2091 
# 20 polygons - 4 triangles

#
# object Cylinder217
#

v  79.5145 4.0354 92.6971
v  79.5145 4.7393 93.4010
v  79.5145 5.4432 92.6971
v  79.5145 4.7393 91.9932
v  79.5653 4.7393 93.4010
v  79.5653 5.4432 92.6971
v  79.5653 4.0354 92.6971
v  79.5653 4.7393 91.9932
v  79.6161 4.7393 93.4010
v  79.6161 5.4432 92.6971
v  79.6161 4.0354 92.6971
v  79.6161 4.7393 91.9932
v  79.6669 4.7393 93.4010
v  79.6669 5.4432 92.6971
v  79.6669 4.0354 92.6971
v  79.6669 4.7393 91.9932
v  79.7177 4.7393 93.4010
v  79.7177 5.4432 92.6971
v  79.7177 4.0354 92.6971
v  79.7177 4.7393 91.9932
v  79.7685 4.7393 93.4010
v  79.7685 5.4432 92.6971
v  79.7685 4.0354 92.6971
v  79.7685 4.7393 91.9932
# 24 vertices

vn -1.0000 0.0000 0.0000
vn 0.0000 1.0000 -0.0000
vn 0.0000 0.0000 1.0000
vn -0.0000 -1.0000 0.0000
vn -0.0000 -0.0000 -1.0000
vn 1.0000 -0.0000 -0.0000
# 6 vertex normals

vt 0.2500 0.0000 1.0000
vt 0.0000 0.0000 1.0000
vt -0.2500 0.0000 1.0000
vt 0.7500 0.0000 1.0000
vt 0.5000 0.0000 1.0000
vt 0.0000 0.2000 1.0000
vt -0.2500 0.2000 1.0000
vt 0.2500 0.2000 1.0000
vt 0.5000 0.2000 1.0000
vt 0.7500 0.2000 1.0000
vt 0.0000 0.4000 1.0000
vt -0.2500 0.4000 1.0000
vt 0.2500 0.4000 1.0000
vt 0.5000 0.4000 1.0000
vt 0.7500 0.4000 1.0000
vt 0.0000 0.6000 1.0000
vt -0.2500 0.6000 1.0000
vt 0.2500 0.6000 1.0000
vt 0.5000 0.6000 1.0000
vt 0.7500 0.6000 1.0000
vt 0.0000 0.8000 1.0000
vt -0.2500 0.8000 1.0000
vt 0.2500 0.8000 1.0000
vt 0.5000 0.8000 1.0000
vt 0.7500 0.8000 1.0000
vt 0.0000 1.0000 1.0000
vt -0.2500 1.0000 1.0000
vt 0.2500 1.0000 1.0000
vt 0.5000 1.0000 1.0000
vt 0.7500 1.0000 1.0000
vt 1.0000 1.0000 -1.0000
# 31 texture coords

g Cylinder217
usemtl 03___Defaulttyi
s 1
f 7567/5641/2092 7568/5642/2092 7569/5643/2092 
f 7569/5644/2092 7570/5645/2092 7567/5641/2092 
s 8
f 7569/5643/2093 7568/5642/2094 7571/5646/2094 7572/5647/2093 
f 7568/5642/2094 7567/5641/2095 7573/5648/2095 7571/5646/2094 
f 7567/5641/2095 7570/5645/2096 7574/5649/2096 7573/5648/2095 
f 7570/5645/2096 7569/5644/2093 7572/5650/2093 7574/5649/2096 
f 7572/5647/2093 7571/5646/2094 7575/5651/2094 7576/5652/2093 
f 7571/5646/2094 7573/5648/2095 7577/5653/2095 7575/5651/2094 
f 7573/5648/2095 7574/5649/2096 7578/5654/2096 7577/5653/2095 
f 7574/5649/2096 7572/5650/2093 7576/5655/2093 7578/5654/2096 
f 7576/5652/2093 7575/5651/2094 7579/5656/2094 7580/5657/2093 
f 7575/5651/2094 7577/5653/2095 7581/5658/2095 7579/5656/2094 
f 7577/5653/2095 7578/5654/2096 7582/5659/2096 7581/5658/2095 
f 7578/5654/2096 7576/5655/2093 7580/5660/2093 7582/5659/2096 
f 7580/5657/2093 7579/5656/2094 7583/5661/2094 7584/5662/2093 
f 7579/5656/2094 7581/5658/2095 7585/5663/2095 7583/5661/2094 
f 7581/5658/2095 7582/5659/2096 7586/5664/2096 7585/5663/2095 
f 7582/5659/2096 7580/5660/2093 7584/5665/2093 7586/5664/2096 
f 7584/5662/2093 7583/5661/2094 7587/5666/2094 7588/5667/2093 
f 7583/5661/2094 7585/5663/2095 7589/5668/2095 7587/5666/2094 
f 7585/5663/2095 7586/5664/2096 7590/5669/2096 7589/5668/2095 
f 7586/5664/2096 7584/5665/2093 7588/5670/2093 7590/5669/2096 
s 1
f 7590/5671/2097 7588/5667/2097 7587/5666/2097 
f 7587/5666/2097 7589/5668/2097 7590/5669/2097 
# 20 polygons - 4 triangles

#
# object Box480
#

v  79.3464 -0.3273 95.1255
v  74.5204 -0.3273 95.1255
v  74.5204 -0.3273 90.2995
v  79.3464 -0.3273 90.2995
v  79.3464 0.9427 95.1255
v  79.3464 0.9427 90.2995
v  74.5204 0.9427 90.2995
v  74.5204 0.9427 95.1255
# 8 vertices

vn 0.0000 -1.0000 -0.0000
vn 0.0000 1.0000 -0.0000
vn 1.0000 0.0000 -0.0000
vn -0.0000 0.0000 -1.0000
vn -1.0000 0.0000 0.0000
vn 0.0000 0.0000 1.0000
# 6 vertex normals

vt 1.0000 0.0000 0.0000
vt 1.0000 1.0000 0.0000
vt 0.0000 1.0000 0.0000
vt 0.0000 0.0000 0.0000
# 4 texture coords

g Box480
usemtl tfg
s 2
f 7591/5672/2098 7592/5673/2098 7593/5674/2098 7594/5675/2098 
s 4
f 7595/5675/2099 7596/5672/2099 7597/5673/2099 7598/5674/2099 
s 8
f 7591/5675/2100 7594/5672/2100 7596/5673/2100 7595/5674/2100 
s 16
f 7594/5675/2101 7593/5672/2101 7597/5673/2101 7596/5674/2101 
s 32
f 7593/5675/2102 7592/5672/2102 7598/5673/2102 7597/5674/2102 
s 64
f 7592/5675/2103 7591/5672/2103 7595/5673/2103 7598/5674/2103 
# 6 polygons

#
# object Box384
#

v  -32.0228 25.4672 18.8170
v  -27.9588 25.4672 18.8170
v  -27.9588 25.4672 14.7530
v  -32.0228 25.4672 14.7530
v  -32.0228 26.1518 18.8170
v  -32.0228 26.1518 14.7530
v  -27.9588 26.1518 14.7530
v  -27.9588 26.1518 18.8170
v  -32.4038 24.9973 19.1980
v  -27.5778 24.9973 19.1980
v  -27.5778 24.9973 14.3720
v  -32.4038 24.9973 14.3720
v  -32.4038 25.5053 19.1980
v  -32.4038 25.5053 14.3720
v  -27.5778 25.5053 14.3720
v  -27.5778 25.5053 19.1980
# 16 vertices

vn 0.0000 -1.0000 0.0000
vn 0.0000 1.0000 -0.0000
vn -1.0000 -0.0000 -0.0000
vn 0.0000 -0.0000 -1.0000
vn 1.0000 0.0000 0.0000
vn -0.0000 0.0000 1.0000
# 6 vertex normals

vt 1.0000 0.0000 0.0000
vt 1.0000 1.0000 0.0000
vt 0.0000 1.0000 0.0000
vt 0.0000 0.0000 0.0000
# 4 texture coords

g Box384
usemtl tfg
s 2
f 7602/5679/2104 7601/5678/2104 7600/5677/2104 7599/5676/2104 
s 4
f 7606/5678/2105 7605/5677/2105 7604/5676/2105 7603/5679/2105 
s 8
f 7603/5678/2106 7604/5677/2106 7602/5676/2106 7599/5679/2106 
s 16
f 7604/5678/2107 7605/5677/2107 7601/5676/2107 7602/5679/2107 
s 32
f 7605/5678/2108 7606/5677/2108 7600/5676/2108 7601/5679/2108 
s 64
f 7606/5678/2109 7603/5677/2109 7599/5676/2109 7600/5679/2109 
s 2
f 7610/5679/2104 7609/5678/2104 7608/5677/2104 7607/5676/2104 
s 4
f 7614/5678/2105 7613/5677/2105 7612/5676/2105 7611/5679/2105 
s 8
f 7611/5678/2106 7612/5677/2106 7610/5676/2106 7607/5679/2106 
s 16
f 7612/5678/2107 7613/5677/2107 7609/5676/2107 7610/5679/2107 
s 32
f 7613/5678/2108 7614/5677/2108 7608/5676/2108 7609/5679/2108 
s 64
f 7614/5678/2109 7611/5677/2109 7607/5676/2109 7608/5679/2109 
# 12 polygons

#
# object Box385
#

v  -31.8762 9.7792 18.6703
v  -30.6193 9.7792 18.6703
v  -30.6193 9.7792 17.4134
v  -31.8762 9.7792 17.4134
v  -30.6193 9.7792 16.1565
v  -31.8762 9.7792 16.1565
v  -30.6193 9.7792 14.8996
v  -31.8762 9.7792 14.8996
v  -29.3624 9.7792 18.6703
v  -29.3624 9.7792 17.4134
v  -29.3624 9.7792 16.1565
v  -29.3624 9.7792 14.8996
v  -28.1055 9.7792 18.6703
v  -28.1055 9.7792 17.4134
v  -28.1055 9.7792 16.1565
v  -28.1055 9.7792 14.8996
v  -31.8762 25.1617 18.6703
v  -31.8762 25.1617 17.4134
v  -30.6193 25.1617 17.4134
v  -30.6193 25.1617 18.6703
v  -31.8762 25.1617 16.1565
v  -30.6193 25.1617 16.1565
v  -31.8762 25.1617 14.8996
v  -30.6193 25.1617 14.8996
v  -29.3624 25.1617 17.4134
v  -29.3624 25.1617 18.6703
v  -29.3624 25.1617 16.1565
v  -29.3624 25.1617 14.8996
v  -28.1055 25.1617 17.4134
v  -28.1055 25.1617 18.6703
v  -28.1055 25.1617 16.1565
v  -28.1055 25.1617 14.8996
v  -31.8762 17.1156 17.4134
v  -31.8762 17.1156 18.6703
v  -32.3198 9.7792 17.4134
v  -32.3198 9.7792 16.1565
v  -32.3198 17.1156 16.1565
v  -32.3198 17.1156 17.4134
v  -31.8762 17.1156 14.8996
v  -31.8762 17.1156 16.1565
v  -32.3198 25.1617 16.1565
v  -32.3198 25.1617 17.4134
v  -30.6193 17.1156 14.8996
v  -30.6193 9.7792 14.4560
v  -29.3624 9.7792 14.4560
v  -29.3624 17.1156 14.4560
v  -30.6193 17.1156 14.4560
v  -28.1055 17.1156 14.8996
v  -29.3624 17.1156 14.8996
v  -29.3624 25.1617 14.4560
v  -30.6193 25.1617 14.4560
v  -28.1055 17.1156 16.1565
v  -27.6618 9.7792 16.1565
v  -27.6618 9.7792 17.4134
v  -27.6618 17.1156 17.4134
v  -27.6618 17.1156 16.1565
v  -28.1055 17.1156 18.6703
v  -28.1055 17.1156 17.4134
v  -27.6618 25.1617 17.4134
v  -27.6618 25.1617 16.1565
v  -29.3624 17.1156 18.6703
v  -29.3624 9.7792 19.1140
v  -30.6193 9.7792 19.1140
v  -30.6193 17.1156 19.1140
v  -29.3624 17.1156 19.1140
v  -30.6193 17.1156 18.6703
v  -30.6193 25.1617 19.1140
v  -29.3624 25.1617 19.1140
# 68 vertices

vn 0.0000 -1.0000 0.0000
vn 0.0000 1.0000 -0.0000
vn -1.0000 -0.0000 -0.0000
vn 0.0000 -0.0000 -1.0000
vn 1.0000 -0.0000 0.0000
vn 1.0000 0.0000 0.0000
vn -0.0000 0.0000 1.0000
vn -1.0000 0.0000 -0.0000
# 8 vertex normals

vt 1.0000 0.0000 0.0000
vt 1.0000 0.3333 0.0000
vt 0.6667 0.3333 0.0000
vt 0.6667 0.0000 0.0000
vt 0.3333 0.3333 0.0000
vt 0.3333 0.0000 0.0000
vt -0.0000 0.3333 0.0000
vt -0.0000 0.0000 0.0000
vt 1.0000 0.6667 0.0000
vt 0.6667 0.6667 0.0000
vt 0.3333 0.6667 0.0000
vt -0.0000 0.6667 0.0000
vt 1.0000 1.0000 0.0000
vt 0.6667 1.0000 0.0000
vt 0.3333 1.0000 0.0000
vt -0.0000 1.0000 0.0000
vt 0.0000 0.0000 0.0000
vt 0.0000 0.3333 0.0000
vt 0.0000 0.6667 0.0000
vt 0.0000 1.0000 0.0000
vt 0.3333 0.5000 0.0000
vt 0.0000 0.5000 0.0000
vt 0.6667 0.5000 0.0000
vt 1.0000 0.5000 0.0000
# 24 texture coords

g Box385
usemtl xdgh
s 2
f 7618/5683/2110 7617/5682/2110 7616/5681/2110 7615/5680/2110 
f 7620/5685/2110 7619/5684/2110 7617/5682/2110 7618/5683/2110 
f 7622/5687/2110 7621/5686/2110 7619/5684/2110 7620/5685/2110 
f 7617/5682/2110 7624/5689/2110 7623/5688/2110 7616/5681/2110 
f 7619/5684/2110 7625/5690/2110 7624/5689/2110 7617/5682/2110 
f 7621/5686/2110 7626/5691/2110 7625/5690/2110 7619/5684/2110 
f 7624/5689/2110 7628/5693/2110 7627/5692/2110 7623/5688/2110 
f 7625/5690/2110 7629/5694/2110 7628/5693/2110 7624/5689/2110 
f 7626/5691/2110 7630/5695/2110 7629/5694/2110 7625/5690/2110 
s 4
f 7634/5697/2111 7633/5684/2111 7632/5685/2111 7631/5696/2111 
f 7633/5684/2111 7636/5682/2111 7635/5683/2111 7632/5685/2111 
f 7636/5682/2111 7638/5681/2111 7637/5680/2111 7635/5683/2111 
f 7640/5698/2111 7639/5690/2111 7633/5684/2111 7634/5697/2111 
f 7639/5690/2111 7641/5689/2111 7636/5682/2111 7633/5684/2111 
f 7641/5689/2111 7642/5688/2111 7638/5681/2111 7636/5682/2111 
f 7644/5699/2111 7643/5694/2111 7639/5690/2111 7640/5698/2111 
f 7643/5694/2111 7645/5693/2111 7641/5689/2111 7639/5690/2111 
f 7645/5693/2111 7646/5692/2111 7642/5688/2111 7641/5689/2111 
s 8
f 7648/5701/2112 7647/5700/2112 7618/5685/2112 7615/5696/2112 
f 7652/5700/2112 7651/5702/2112 7650/5683/2112 7649/5685/2112 
f 7654/5702/2112 7653/5703/2112 7622/5680/2112 7620/5683/2112 
f 7631/5699/2112 7632/5694/2112 7647/5700/2112 7648/5701/2112 
f 7656/5694/2112 7655/5693/2112 7651/5702/2112 7652/5700/2112 
f 7635/5693/2112 7637/5692/2112 7653/5703/2112 7654/5702/2112 
s 16
f 7653/5701/2113 7657/5700/2113 7621/5685/2113 7622/5696/2113 
f 7661/5700/2113 7660/5702/2113 7659/5683/2113 7658/5685/2113 
f 7663/5702/2113 7662/5703/2113 7630/5680/2113 7626/5683/2113 
f 7637/5699/2113 7638/5694/2113 7657/5700/2113 7653/5701/2113 
f 7665/5694/2113 7664/5693/2113 7660/5702/2113 7661/5700/2113 
f 7642/5693/2113 7646/5692/2113 7662/5703/2113 7663/5702/2113 
s 32
f 7662/5701/2114 7666/5700/2114 7629/5685/2114 7630/5696/2114 
f 7670/5700/2114 7669/5702/2114 7668/5683/2114 7667/5685/2114 
f 7672/5702/2114 7671/5703/2114 7627/5680/2114 7628/5683/2114 
f 7646/5699/2115 7645/5694/2115 7666/5700/2114 7662/5701/2114 
f 7674/5694/2115 7673/5693/2115 7669/5702/2114 7670/5700/2114 
f 7643/5693/2115 7644/5692/2115 7671/5703/2114 7672/5702/2114 
s 64
f 7671/5701/2116 7675/5700/2116 7623/5685/2116 7627/5696/2116 
f 7679/5700/2116 7678/5702/2116 7677/5683/2116 7676/5685/2116 
f 7680/5702/2116 7648/5703/2116 7615/5680/2116 7616/5683/2116 
f 7644/5699/2116 7640/5694/2116 7675/5700/2116 7671/5701/2116 
f 7682/5694/2116 7681/5693/2116 7678/5702/2116 7679/5700/2116 
f 7634/5693/2116 7631/5692/2116 7648/5703/2116 7680/5702/2116 
s off
f 7649/5685/2110 7650/5683/2110 7620/5685/2110 7618/5683/2110 
usemtl tfg
f 7650/5683/2113 7651/5702/2113 7654/5702/2113 7620/5683/2113 
f 7651/5702/2113 7655/5693/2113 7635/5693/2113 7654/5702/2113 
usemtl xdgh
f 7655/5693/2111 7656/5694/2111 7632/5685/2111 7635/5683/2111 
usemtl tfg
f 7656/5694/2116 7652/5700/2116 7647/5700/2116 7632/5694/2116 
f 7652/5700/2116 7649/5685/2116 7618/5685/2116 7647/5700/2116 
usemtl xdgh
f 7658/5685/2110 7659/5683/2110 7626/5691/2110 7621/5686/2110 
usemtl tfg
f 7659/5683/2114 7660/5702/2114 7663/5702/2114 7626/5683/2114 
f 7660/5702/2115 7664/5693/2115 7642/5693/2115 7663/5702/2115 
usemtl xdgh
f 7664/5693/2111 7665/5694/2111 7638/5681/2111 7642/5688/2111 
usemtl tfg
f 7665/5694/2112 7661/5700/2112 7657/5700/2112 7638/5694/2112 
f 7661/5700/2112 7658/5685/2112 7621/5685/2112 7657/5700/2112 
usemtl xdgh
f 7667/5685/2110 7668/5683/2110 7628/5693/2110 7629/5694/2110 
usemtl tfg
f 7668/5683/2116 7669/5702/2116 7672/5702/2116 7628/5683/2116 
f 7669/5702/2116 7673/5693/2116 7643/5693/2116 7672/5702/2116 
usemtl xdgh
f 7673/5693/2111 7674/5694/2111 7645/5693/2111 7643/5694/2111 
usemtl tfg
f 7674/5694/2113 7670/5700/2113 7666/5700/2113 7645/5694/2113 
f 7670/5700/2113 7667/5685/2113 7629/5685/2113 7666/5700/2113 
usemtl xdgh
f 7676/5685/2110 7677/5683/2110 7616/5681/2110 7623/5688/2110 
usemtl tfg
f 7677/5683/2117 7678/5702/2117 7680/5702/2117 7616/5683/2117 
f 7678/5702/2112 7681/5693/2112 7634/5693/2112 7680/5702/2112 
usemtl xdgh
f 7681/5693/2111 7682/5694/2111 7640/5698/2111 7634/5697/2111 
usemtl tfg
f 7682/5694/2115 7679/5700/2115 7675/5700/2115 7640/5694/2115 
f 7679/5700/2114 7676/5685/2114 7623/5685/2114 7675/5700/2114 
# 66 polygons

#
# object Box386
#

v  -32.2204 -0.4721 18.9599
v  -30.7810 -0.4721 18.9599
v  -30.7810 -0.4721 17.5206
v  -32.2204 -0.4721 17.5206
v  -30.7810 -0.4721 16.0812
v  -32.2204 -0.4721 16.0812
v  -30.7810 -0.4721 14.6419
v  -32.2204 -0.4721 14.6419
v  -29.3417 -0.4721 18.9599
v  -29.3417 -0.4721 17.5206
v  -29.3417 -0.4721 16.0812
v  -29.3417 -0.4721 14.6419
v  -27.9024 -0.4721 18.9599
v  -27.9024 -0.4721 27.1387
v  -27.9024 -0.4721 16.0812
v  -27.9024 -0.4721 14.6419
v  -32.2204 9.6879 18.9599
v  -32.2204 9.6879 17.5206
v  -30.7810 9.6879 17.5206
v  -30.7810 9.6879 18.9599
v  -32.2204 9.6879 16.0812
v  -30.7810 9.6879 16.0812
v  -32.2204 9.6879 14.6419
v  -30.7810 9.6879 14.6419
v  -29.3417 9.6879 17.5206
v  -29.3417 9.6879 18.9599
v  -29.3417 9.6879 16.0812
v  -29.3417 9.6879 14.6419
v  -27.9024 9.6879 27.1387
v  -27.9024 9.6879 18.9599
v  -27.9024 9.6879 16.0812
v  -27.9024 9.6879 14.6419
v  -32.2204 4.6079 17.5206
v  -32.2204 4.6079 18.9599
v  -32.7284 -0.4721 17.5206
v  -32.7284 -0.4721 16.0812
v  -32.7284 4.6079 16.0812
v  -32.7284 4.6079 17.5206
v  -32.2204 4.6079 14.6419
v  -32.2204 4.6079 16.0812
v  -32.7284 9.6879 16.0812
v  -32.7284 9.6879 17.5206
v  -30.7810 4.6079 14.6419
v  -30.7810 -0.4721 14.1339
v  -29.3417 -0.4721 14.1339
v  -29.3417 4.6079 14.1339
v  -30.7810 4.6079 14.1339
v  -27.9024 4.6079 14.6419
v  -29.3417 4.6079 14.6419
v  -29.3417 9.6879 14.1339
v  -30.7810 9.6879 14.1339
v  -27.9024 4.6079 16.0812
v  -1.8171 -0.4721 22.3178
v  -1.8171 -0.4721 27.1387
v  -1.8171 4.6079 27.1387
v  -1.8171 4.6079 22.3178
v  -27.9024 4.6079 18.9599
v  -27.9024 4.6079 27.1387
v  -1.8171 9.6879 27.1387
v  -1.8171 9.6879 22.3178
v  -29.3417 4.6079 18.9599
v  -29.3417 -0.4721 19.4679
v  -30.7810 -0.4721 19.4679
v  -30.7810 4.6079 19.4679
v  -29.3417 4.6079 19.4679
v  -30.7810 4.6079 18.9599
v  -30.7810 9.6879 19.4679
v  -29.3417 9.6879 19.4679
# 68 vertices

vn -0.0000 -1.0000 0.0000
vn 0.0000 1.0000 -0.0000
vn -1.0000 0.0000 0.0000
vn -0.0000 0.0000 -1.0000
vn -0.0000 -0.0000 -1.0000
vn 1.0000 -0.0000 -0.0000
vn -1.0000 0.0000 -0.0000
vn 0.0000 0.0000 1.0000
vn 0.0000 -0.0000 1.0000
vn 0.2325 -0.0000 -0.9726
# 10 vertex normals

vt 0.4616 -0.1564 0.0005
vt 0.4616 -0.1041 0.0005
vt 0.2311 -0.1041 0.0005
vt 0.2311 -0.1564 0.0005
vt 0.0005 -0.1041 0.0005
vt 0.0005 -0.1564 0.0005
vt -0.2301 -0.1041 0.0005
vt -0.2301 -0.1564 0.0005
vt 0.4616 -0.0518 0.0005
vt 0.2311 -0.0518 0.0005
vt 0.0005 -0.0518 0.0005
vt -0.2301 -0.0518 0.0005
vt 0.5384 -0.0518 0.0005
vt 0.5384 0.0005 0.0005
vt -0.7717 0.0005 0.0005
vt 0.7689 -0.0518 0.0005
vt 1.7717 0.0005 0.0005
vt 0.0005 0.0005 0.0005
vt -0.2301 0.0005 0.0005
vt 0.5384 -0.1564 0.9995
vt 0.7689 -0.1564 0.9995
vt 0.7689 -0.1041 0.9995
vt 0.5384 -0.1041 0.9995
vt 0.9995 -0.1564 0.9995
vt 0.9995 -0.1041 0.9995
vt 1.2301 -0.1564 0.9995
vt 1.2301 -0.1041 0.9995
vt 0.7689 -0.0518 0.9995
vt 0.5384 -0.0518 0.9995
vt 0.9995 -0.0518 0.9995
vt 1.2301 -0.0518 0.9995
vt 1.7717 0.0005 0.9995
vt 0.4616 0.0005 0.9995
vt 0.4616 -0.0518 0.9995
vt 0.2311 -0.0518 0.9995
vt 0.9995 0.0005 0.9995
vt -0.7717 0.0005 0.9995
vt 1.2301 0.0005 0.9995
vt 0.5384 0.0005 -0.1564
vt 0.7689 0.0005 -0.1564
vt 0.7689 0.5000 -0.1564
vt 0.5384 0.5000 -0.1564
vt 0.7689 0.0005 -0.1748
vt 0.9995 0.0005 -0.1748
vt 0.9995 0.5000 -0.1748
vt 0.7689 0.5000 -0.1748
vt 0.9995 0.0005 -0.1564
vt 1.2301 0.0005 -0.1564
vt 1.2301 0.5000 -0.1564
vt 0.9995 0.5000 -0.1564
vt 0.7689 0.9995 -0.1564
vt 0.5384 0.9995 -0.1564
vt 0.9995 0.9995 -0.1748
vt 0.7689 0.9995 -0.1748
vt 1.2301 0.9995 -0.1564
vt 0.9995 0.9995 -0.1564
vt -0.1564 0.0005 1.2301
vt -0.1041 0.0005 1.2301
vt -0.1041 0.5000 1.2301
vt -0.1564 0.5000 1.2301
vt -0.1041 0.0005 1.3114
vt -0.0518 0.0005 1.3114
vt -0.0518 0.5000 1.3114
vt -0.1041 0.5000 1.3114
vt -0.0518 0.0005 1.2301
vt 0.0005 0.0005 1.2301
vt 0.0005 0.5000 1.2301
vt -0.0518 0.5000 1.2301
vt -0.1041 0.9995 1.2301
vt -0.1564 0.9995 1.2301
vt -0.0518 0.9995 1.3114
vt -0.1041 0.9995 1.3114
vt 0.0005 0.9995 1.2301
vt -0.0518 0.9995 1.2301
vt 0.0005 0.5000 0.0005
vt -0.2301 0.5000 0.0005
vt 0.9995 0.0005 0.9481
vt 1.7717 0.0005 0.9481
vt 1.7717 0.5000 0.9481
vt 0.9995 0.5000 0.9481
vt 0.5384 0.5000 0.0005
vt -0.7717 0.5000 0.0005
vt 0.0005 0.9995 0.0005
vt -0.2301 0.9995 0.0005
vt 1.7717 0.9995 0.9481
vt 0.9995 0.9995 0.9481
vt 0.5384 0.9995 0.0005
vt -0.7717 0.9995 0.0005
vt 0.9995 0.0005 0.5384
vt 1.0518 0.0005 0.5384
vt 1.0518 0.5000 0.5384
vt 0.9995 0.5000 0.5384
vt 1.0518 0.0005 0.4570
vt 1.1041 0.0005 0.4570
vt 1.1041 0.5000 0.4570
vt 1.0518 0.5000 0.4570
vt 1.1041 0.0005 0.5384
vt 1.1564 0.0005 0.5384
vt 1.1564 0.5000 0.5384
vt 1.1041 0.5000 0.5384
vt 1.0518 0.9995 0.5384
vt 0.9995 0.9995 0.5384
vt 1.1041 0.9995 0.4570
vt 1.0518 0.9995 0.4570
vt 1.1564 0.9995 0.5384
vt 1.1041 0.9995 0.5384
vt 0.0005 -0.1748 0.0005
vt 0.2311 -0.1748 0.0005
vt -0.1564 0.0005 0.9995
vt -0.1564 0.5000 0.9995
vt -0.1748 0.5000 0.9995
vt -0.1748 0.0005 0.9995
vt -0.1564 0.9995 0.9995
vt -0.1748 0.9995 0.9995
vt 0.7689 -0.1748 0.9995
vt 0.9995 -0.1748 0.9995
vt 1.1564 0.9995 0.7689
vt 1.1564 0.5000 0.7689
vt 1.1748 0.5000 0.7689
vt 1.1748 0.9995 0.7689
vt 1.1564 0.0005 0.7689
vt 1.1748 0.0005 0.7689
vt -0.3114 -0.0518 0.0005
vt -0.3114 -0.1041 0.0005
vt -0.2301 0.0005 -0.0518
vt -0.2301 0.5000 -0.0518
vt -0.3114 0.5000 -0.0518
vt -0.3114 0.0005 -0.0518
vt -0.2301 0.9995 -0.0518
vt -0.3114 0.9995 -0.0518
vt 1.3114 -0.1041 0.9995
vt 1.3114 -0.0518 0.9995
vt 1.2301 0.9995 -0.1041
vt 1.2301 0.5000 -0.1041
vt 1.3114 0.5000 -0.1041
vt 1.3114 0.9995 -0.1041
vt 1.2301 0.0005 -0.1041
vt 1.3114 0.0005 -0.1041
vt 1.7717 0.9481 0.0005
vt 0.9995 0.9481 0.0005
vt 0.9995 0.0005 -0.7717
vt 0.9995 0.5000 -0.7717
vt 0.0519 0.5000 -0.7717
vt 0.0519 0.0005 -0.7717
vt 0.9995 0.9995 -0.7717
vt 0.0519 0.9995 -0.7717
vt 0.0005 0.9481 0.9995
vt -0.7717 0.9481 0.9995
vt 0.0005 0.9995 0.9995
vt 0.0005 0.5000 0.9995
vt 0.9481 0.5000 0.0005
vt 0.9481 0.9995 0.0005
vt 0.0005 0.0005 0.9995
vt 0.9481 0.0005 0.0005
vt 0.5430 -0.1041 0.0005
vt 0.5430 -0.0518 0.0005
vt 0.5384 0.0005 -0.1041
vt 0.5384 0.5000 -0.1041
vt 0.4570 0.5000 -0.1041
vt 0.4570 0.0005 -0.1041
vt 0.5384 0.9995 -0.1041
vt 0.4570 0.9995 -0.1041
vt 0.4570 -0.0518 0.9995
vt 0.4570 -0.1041 0.9995
vt 0.4616 0.9995 -0.0518
vt 0.4616 0.5000 -0.0518
vt 0.5430 0.5000 -0.0518
vt 0.5430 0.9995 -0.0518
vt 0.4616 0.0005 -0.0518
vt 0.5430 0.0005 -0.0518
# 170 texture coords

g Box386
usemtl xdgh
s 2
f 7686/5707/2118 7685/5706/2118 7684/5705/2118 7683/5704/2118 
f 7688/5709/2118 7687/5708/2118 7685/5706/2118 7686/5707/2118 
f 7690/5711/2118 7689/5710/2118 7687/5708/2118 7688/5709/2118 
f 7685/5706/2118 7692/5713/2118 7691/5712/2118 7684/5705/2118 
f 7687/5708/2118 7693/5714/2118 7692/5713/2118 7685/5706/2118 
f 7689/5710/2118 7694/5715/2118 7693/5714/2118 7687/5708/2118 
f 7692/5719/2118 7696/5718/2119 7695/5717/2119 7691/5716/2118 
f 7693/5714/2118 7697/5721/2118 7696/5720/2119 7692/5713/2118 
f 7694/5715/2118 7698/5722/2118 7697/5721/2118 7693/5714/2118 
usemtl tfg
s 4
f 7702/5726/2119 7701/5725/2119 7700/5724/2119 7699/5723/2119 
usemtl 03___Defaulttyi
f 7701/5725/2119 7704/5728/2119 7703/5727/2119 7700/5724/2119 
usemtl tfg
f 7704/5728/2119 7706/5730/2119 7705/5729/2119 7703/5727/2119 
usemtl 03___Defaulttyi
f 7708/5732/2119 7707/5731/2119 7701/5725/2119 7702/5726/2119 
f 7707/5731/2119 7709/5733/2119 7704/5728/2119 7701/5725/2119 
f 7709/5733/2119 7710/5734/2119 7706/5730/2119 7704/5728/2119 
usemtl xdgh
f 7707/5738/2119 7708/5737/2119 7712/5736/2118 7711/5735/2119 
usemtl 03___Defaulttyi
f 7711/5740/2119 7713/5739/2119 7709/5733/2119 7707/5731/2119 
usemtl tfg
f 7713/5739/2119 7714/5741/2119 7710/5734/2119 7709/5733/2119 
usemtl xdgh
s 8
f 7716/5745/2120 7715/5744/2120 7686/5743/2120 7683/5742/2120 
usemtl tfg
f 7720/5749/2120 7719/5748/2120 7718/5747/2120 7717/5746/2120 
usemtl xdgh
f 7722/5753/2120 7721/5752/2120 7690/5751/2120 7688/5750/2120 
usemtl tfg
f 7699/5755/2120 7700/5754/2120 7715/5744/2120 7716/5745/2120 
usemtl xdgh
f 7724/5757/2120 7723/5756/2120 7719/5748/2120 7720/5749/2120 
usemtl tfg
f 7703/5759/2120 7705/5758/2120 7721/5752/2120 7722/5753/2120 
usemtl xdgh
s 16
f 7721/5763/2121 7725/5762/2121 7689/5761/2121 7690/5760/2121 
f 7729/5767/2121 7728/5766/2121 7727/5765/2122 7726/5764/2122 
f 7731/5771/2121 7730/5770/2121 7698/5769/2121 7694/5768/2121 
usemtl tfg
f 7705/5773/2121 7706/5772/2121 7725/5762/2121 7721/5763/2121 
usemtl xdgh
f 7733/5775/2121 7732/5774/2121 7728/5766/2121 7729/5767/2121 
usemtl tfg
f 7710/5777/2121 7714/5776/2121 7730/5770/2121 7731/5771/2121 
usemtl xdgh
s 32
f 7730/5779/2123 7734/5778/2123 7697/5721/2123 7698/5722/2123 
f 7738/5783/2123 7737/5782/2123 7736/5781/2123 7735/5780/2123 
f 7740/5785/2124 7739/5784/2124 7695/5717/2124 7696/5718/2124 
usemtl tfg
f 7714/5787/2123 7713/5786/2123 7734/5778/2123 7730/5779/2123 
usemtl xdgh
f 7742/5789/2123 7741/5788/2123 7737/5782/2123 7738/5783/2123 
f 7711/5791/2124 7712/5790/2124 7739/5784/2124 7740/5785/2124 
s 64
f 7739/5795/2125 7743/5794/2125 7691/5793/2125 7695/5792/2125 
f 7747/5799/2125 7746/5798/2125 7745/5797/2125 7744/5796/2125 
f 7748/5803/2125 7716/5802/2125 7683/5801/2125 7684/5800/2125 
f 7712/5805/2125 7708/5804/2125 7743/5794/2125 7739/5795/2125 
usemtl tfg
f 7750/5807/2125 7749/5806/2125 7746/5798/2125 7747/5799/2125 
f 7702/5809/2125 7699/5808/2125 7716/5802/2125 7748/5803/2125 
usemtl xdgh
s off
f 7717/5811/2118 7718/5810/2118 7688/5709/2118 7686/5707/2118 
usemtl tfg
f 7718/5815/2121 7719/5814/2121 7722/5813/2121 7688/5812/2121 
f 7719/5814/2121 7723/5817/2121 7703/5816/2121 7722/5813/2121 
f 7723/5819/2119 7724/5818/2119 7700/5724/2119 7703/5727/2119 
usemtl 03___Defaulttyi
f 7724/5823/2125 7720/5822/2125 7715/5821/2125 7700/5820/2125 
f 7720/5822/2125 7717/5825/2125 7686/5824/2125 7715/5821/2125 
usemtl xdgh
f 7726/5827/2118 7727/5826/2118 7694/5715/2118 7689/5710/2118 
usemtl tfg
f 7727/5831/2123 7728/5830/2123 7731/5829/2123 7694/5828/2123 
f 7728/5830/2123 7732/5833/2123 7710/5832/2123 7731/5829/2123 
f 7732/5835/2119 7733/5834/2119 7706/5730/2119 7710/5734/2119 
f 7733/5839/2120 7729/5838/2120 7725/5837/2120 7706/5836/2120 
f 7729/5838/2120 7726/5841/2120 7689/5840/2120 7725/5837/2120 
usemtl xdgh
f 7735/5843/2118 7736/5842/2118 7696/5720/2118 7697/5721/2118 
f 7736/5847/2126 7737/5846/2126 7740/5845/2126 7696/5844/2126 
f 7737/5846/2126 7741/5849/2126 7711/5848/2126 7740/5845/2126 
usemtl tfg
f 7741/5851/2119 7742/5850/2119 7713/5739/2119 7711/5740/2119 
usemtl 05___Default
f 7742/5855/2127 7738/5854/2127 7734/5853/2127 7713/5852/2127 
f 7738/5854/2127 7735/5857/2127 7697/5856/2127 7734/5853/2127 
usemtl xdgh
f 7744/5859/2118 7745/5858/2118 7684/5705/2118 7691/5712/2118 
usemtl tfg
f 7745/5863/2120 7746/5862/2120 7748/5861/2120 7684/5860/2120 
f 7746/5862/2120 7749/5865/2120 7702/5864/2120 7748/5861/2120 
usemtl 03___Defaulttyi
f 7749/5867/2119 7750/5866/2119 7708/5732/2119 7702/5726/2119 
f 7750/5871/2123 7747/5870/2123 7743/5869/2123 7708/5868/2123 
f 7747/5870/2123 7744/5873/2123 7691/5872/2123 7743/5869/2123 
# 66 polygons

#
# object Cylinder144
#

v  -30.1038 4.0354 13.9118
v  -29.3999 4.7393 13.9118
v  -30.1038 5.4432 13.9118
v  -30.8077 4.7393 13.9118
v  -29.3999 4.7393 13.9626
v  -30.1038 5.4432 13.9626
v  -30.1038 4.0354 13.9626
v  -30.8077 4.7393 13.9626
v  -29.3999 4.7393 14.0134
v  -30.1038 5.4432 14.0134
v  -30.1038 4.0354 14.0134
v  -30.8077 4.7393 14.0134
v  -29.3999 4.7393 14.0642
v  -30.1038 5.4432 14.0642
v  -30.1038 4.0354 14.0642
v  -30.8077 4.7393 14.0642
v  -29.3999 4.7393 14.1150
v  -30.1038 5.4432 14.1150
v  -30.1038 4.0354 14.1150
v  -30.8077 4.7393 14.1150
v  -29.3999 4.7393 14.1658
v  -30.1038 5.4432 14.1658
v  -30.1038 4.0354 14.1658
v  -30.8077 4.7393 14.1658
# 24 vertices

vn 0.0000 0.0000 -1.0000
vn -0.0000 1.0000 0.0000
vn 1.0000 -0.0000 0.0000
vn -0.0000 -1.0000 -0.0000
vn -1.0000 0.0000 -0.0000
vn -0.0000 -0.0000 1.0000
# 6 vertex normals

vt 0.2500 0.0000 1.0000
vt 0.0000 0.0000 1.0000
vt -0.2500 0.0000 1.0000
vt 0.7500 0.0000 1.0000
vt 0.5000 0.0000 1.0000
vt 0.0000 0.2000 1.0000
vt -0.2500 0.2000 1.0000
vt 0.2500 0.2000 1.0000
vt 0.5000 0.2000 1.0000
vt 0.7500 0.2000 1.0000
vt 0.0000 0.4000 1.0000
vt -0.2500 0.4000 1.0000
vt 0.2500 0.4000 1.0000
vt 0.5000 0.4000 1.0000
vt 0.7500 0.4000 1.0000
vt 0.0000 0.6000 1.0000
vt -0.2500 0.6000 1.0000
vt 0.2500 0.6000 1.0000
vt 0.5000 0.6000 1.0000
vt 0.7500 0.6000 1.0000
vt 0.0000 0.8000 1.0000
vt -0.2500 0.8000 1.0000
vt 0.2500 0.8000 1.0000
vt 0.5000 0.8000 1.0000
vt 0.7500 0.8000 1.0000
vt 0.0000 1.0000 1.0000
vt -0.2500 1.0000 1.0000
vt 0.2500 1.0000 1.0000
vt 0.5000 1.0000 1.0000
vt 0.7500 1.0000 1.0000
vt 1.0000 1.0000 -1.0000
# 31 texture coords

g Cylinder144
usemtl 03___Defaulttyi
s 1
f 7753/5876/2128 7752/5875/2128 7751/5874/2128 
f 7751/5874/2128 7754/5878/2128 7753/5877/2128 
s 8
f 7756/5880/2129 7755/5879/2130 7752/5875/2130 7753/5876/2129 
f 7755/5879/2130 7757/5881/2131 7751/5874/2131 7752/5875/2130 
f 7757/5881/2131 7758/5882/2132 7754/5878/2132 7751/5874/2131 
f 7758/5882/2132 7756/5883/2129 7753/5877/2129 7754/5878/2132 
f 7760/5885/2129 7759/5884/2130 7755/5879/2130 7756/5880/2129 
f 7759/5884/2130 7761/5886/2131 7757/5881/2131 7755/5879/2130 
f 7761/5886/2131 7762/5887/2132 7758/5882/2132 7757/5881/2131 
f 7762/5887/2132 7760/5888/2129 7756/5883/2129 7758/5882/2132 
f 7764/5890/2129 7763/5889/2130 7759/5884/2130 7760/5885/2129 
f 7763/5889/2130 7765/5891/2131 7761/5886/2131 7759/5884/2130 
f 7765/5891/2131 7766/5892/2132 7762/5887/2132 7761/5886/2131 
f 7766/5892/2132 7764/5893/2129 7760/5888/2129 7762/5887/2132 
f 7768/5895/2129 7767/5894/2130 7763/5889/2130 7764/5890/2129 
f 7767/5894/2130 7769/5896/2131 7765/5891/2131 7763/5889/2130 
f 7769/5896/2131 7770/5897/2132 7766/5892/2132 7765/5891/2131 
f 7770/5897/2132 7768/5898/2129 7764/5893/2129 7766/5892/2132 
f 7772/5900/2129 7771/5899/2130 7767/5894/2130 7768/5895/2129 
f 7771/5899/2130 7773/5901/2131 7769/5896/2131 7767/5894/2130 
f 7773/5901/2131 7774/5902/2132 7770/5897/2132 7769/5896/2131 
f 7774/5902/2132 7772/5903/2129 7768/5898/2129 7770/5897/2132 
s 1
f 7771/5899/2133 7772/5900/2133 7774/5904/2133 
f 7774/5902/2133 7773/5901/2133 7771/5899/2133 
# 20 polygons - 4 triangles

#
# object Box387
#

v  -32.6014 4.5718 19.3409
v  -27.5214 4.5718 19.3409
v  -27.5214 4.5718 14.2609
v  -32.6014 4.5718 14.2609
v  -32.6014 4.8258 19.3409
v  -32.6014 4.8258 14.2609
v  -27.5214 4.8258 14.2609
v  -27.5214 4.8258 19.3409
# 8 vertices

vn -0.0000 -1.0000 0.0000
vn 0.0000 1.0000 -0.0000
vn -1.0000 0.0000 0.0000
vn -0.0000 0.0000 -1.0000
vn 1.0000 -0.0000 -0.0000
vn 0.0000 0.0000 1.0000
# 6 vertex normals

vt 1.0000 0.0000 0.0000
vt 1.0000 1.0000 0.0000
vt 0.0000 1.0000 0.0000
vt 0.0000 0.0000 0.0000
# 4 texture coords

g Box387
usemtl cvj
s 2
f 7778/5908/2134 7777/5907/2134 7776/5906/2134 7775/5905/2134 
s 4
f 7782/5907/2135 7781/5906/2135 7780/5905/2135 7779/5908/2135 
s 8
f 7779/5907/2136 7780/5906/2136 7778/5905/2136 7775/5908/2136 
s 16
f 7780/5907/2137 7781/5906/2137 7777/5905/2137 7778/5908/2137 
s 32
f 7781/5907/2138 7782/5906/2138 7776/5905/2138 7777/5908/2138 
s 64
f 7782/5907/2139 7779/5906/2139 7775/5905/2139 7776/5908/2139 
# 6 polygons

#
# object Box388
#

v  -32.4744 -0.3273 19.2139
v  -27.6484 -0.3273 19.2139
v  -27.6484 -0.3273 14.3879
v  -32.4744 -0.3273 14.3879
v  -32.4744 0.9427 19.2139
v  -32.4744 0.9427 14.3879
v  -27.6484 0.9427 14.3879
v  -27.6484 0.9427 19.2139
# 8 vertices

vn -0.0000 -1.0000 0.0000
vn 0.0000 1.0000 -0.0000
vn -1.0000 0.0000 0.0000
vn -0.0000 0.0000 -1.0000
vn 1.0000 -0.0000 -0.0000
vn 0.0000 0.0000 1.0000
# 6 vertex normals

vt 1.0000 0.0000 0.0000
vt 1.0000 1.0000 0.0000
vt 0.0000 1.0000 0.0000
vt 0.0000 0.0000 0.0000
# 4 texture coords

g Box388
usemtl tfg
s 2
f 7786/5912/2140 7785/5911/2140 7784/5910/2140 7783/5909/2140 
s 4
f 7790/5911/2141 7789/5910/2141 7788/5909/2141 7787/5912/2141 
s 8
f 7787/5911/2142 7788/5910/2142 7786/5909/2142 7783/5912/2142 
s 16
f 7788/5911/2143 7789/5910/2143 7785/5909/2143 7786/5912/2143 
s 32
f 7789/5911/2144 7790/5910/2144 7784/5909/2144 7785/5912/2144 
s 64
f 7790/5911/2145 7787/5910/2145 7783/5909/2145 7784/5912/2145 
# 6 polygons

#
# object Cylinder145
#

v  -32.6424 4.0354 16.7855
v  -32.6424 4.7393 17.4894
v  -32.6424 5.4432 16.7855
v  -32.6424 4.7393 16.0816
v  -32.6932 4.7393 17.4894
v  -32.6932 5.4432 16.7855
v  -32.6932 4.0354 16.7855
v  -32.6932 4.7393 16.0816
v  -32.7440 4.7393 17.4894
v  -32.7440 5.4432 16.7855
v  -32.7440 4.0354 16.7855
v  -32.7440 4.7393 16.0816
v  -32.7948 4.7393 17.4894
v  -32.7948 5.4432 16.7855
v  -32.7948 4.0354 16.7855
v  -32.7948 4.7393 16.0816
v  -32.8456 4.7393 17.4894
v  -32.8456 5.4432 16.7855
v  -32.8456 4.0354 16.7855
v  -32.8456 4.7393 16.0816
v  -32.8964 4.7393 17.4894
v  -32.8964 5.4432 16.7855
v  -32.8964 4.0354 16.7855
v  -32.8964 4.7393 16.0816
# 24 vertices

vn 1.0000 -0.0000 0.0000
vn 0.0000 1.0000 0.0000
vn -0.0000 -0.0000 1.0000
vn 0.0000 -1.0000 -0.0000
vn 0.0000 0.0000 -1.0000
vn -1.0000 0.0000 -0.0000
# 6 vertex normals

vt 0.2500 0.0000 1.0000
vt 0.0000 0.0000 1.0000
vt -0.2500 0.0000 1.0000
vt 0.7500 0.0000 1.0000
vt 0.5000 0.0000 1.0000
vt 0.0000 0.2000 1.0000
vt -0.2500 0.2000 1.0000
vt 0.2500 0.2000 1.0000
vt 0.5000 0.2000 1.0000
vt 0.7500 0.2000 1.0000
vt 0.0000 0.4000 1.0000
vt -0.2500 0.4000 1.0000
vt 0.2500 0.4000 1.0000
vt 0.5000 0.4000 1.0000
vt 0.7500 0.4000 1.0000
vt 0.0000 0.6000 1.0000
vt -0.2500 0.6000 1.0000
vt 0.2500 0.6000 1.0000
vt 0.5000 0.6000 1.0000
vt 0.7500 0.6000 1.0000
vt 0.0000 0.8000 1.0000
vt -0.2500 0.8000 1.0000
vt 0.2500 0.8000 1.0000
vt 0.5000 0.8000 1.0000
vt 0.7500 0.8000 1.0000
vt 0.0000 1.0000 1.0000
vt -0.2500 1.0000 1.0000
vt 0.2500 1.0000 1.0000
vt 0.5000 1.0000 1.0000
vt 0.7500 1.0000 1.0000
vt 1.0000 1.0000 -1.0000
# 31 texture coords

g Cylinder145
usemtl 03___Defaulttyi
s 1
f 7793/5915/2146 7792/5914/2146 7791/5913/2146 
f 7791/5913/2146 7794/5917/2146 7793/5916/2146 
s 8
f 7796/5919/2147 7795/5918/2148 7792/5914/2148 7793/5915/2147 
f 7795/5918/2148 7797/5920/2149 7791/5913/2149 7792/5914/2148 
f 7797/5920/2149 7798/5921/2150 7794/5917/2150 7791/5913/2149 
f 7798/5921/2150 7796/5922/2147 7793/5916/2147 7794/5917/2150 
f 7800/5924/2147 7799/5923/2148 7795/5918/2148 7796/5919/2147 
f 7799/5923/2148 7801/5925/2149 7797/5920/2149 7795/5918/2148 
f 7801/5925/2149 7802/5926/2150 7798/5921/2150 7797/5920/2149 
f 7802/5926/2150 7800/5927/2147 7796/5922/2147 7798/5921/2150 
f 7804/5929/2147 7803/5928/2148 7799/5923/2148 7800/5924/2147 
f 7803/5928/2148 7805/5930/2149 7801/5925/2149 7799/5923/2148 
f 7805/5930/2149 7806/5931/2150 7802/5926/2150 7801/5925/2149 
f 7806/5931/2150 7804/5932/2147 7800/5927/2147 7802/5926/2150 
f 7808/5934/2147 7807/5933/2148 7803/5928/2148 7804/5929/2147 
f 7807/5933/2148 7809/5935/2149 7805/5930/2149 7803/5928/2148 
f 7809/5935/2149 7810/5936/2150 7806/5931/2150 7805/5930/2149 
f 7810/5936/2150 7808/5937/2147 7804/5932/2147 7806/5931/2150 
f 7812/5939/2147 7811/5938/2148 7807/5933/2148 7808/5934/2147 
f 7811/5938/2148 7813/5940/2149 7809/5935/2149 7807/5933/2148 
f 7813/5940/2149 7814/5941/2150 7810/5936/2150 7809/5935/2149 
f 7814/5941/2150 7812/5942/2147 7808/5937/2147 7810/5936/2150 
s 1
f 7811/5938/2151 7812/5939/2151 7814/5943/2151 
f 7814/5941/2151 7813/5940/2151 7811/5938/2151 
# 20 polygons - 4 triangles

#
# object Cylinder146
#

v  -30.1038 4.0354 19.3704
v  -29.3999 4.7393 19.3704
v  -30.1038 5.4432 19.3704
v  -30.8077 4.7393 19.3704
v  -29.3999 4.7393 19.4212
v  -30.1038 5.4432 19.4212
v  -30.1038 4.0354 19.4212
v  -30.8077 4.7393 19.4212
v  -29.3999 4.7393 19.4720
v  -30.1038 5.4432 19.4720
v  -30.1038 4.0354 19.4720
v  -30.8077 4.7393 19.4720
v  -29.3999 4.7393 19.5228
v  -30.1038 5.4432 19.5228
v  -30.1038 4.0354 19.5228
v  -30.8077 4.7393 19.5228
v  -29.3999 4.7393 19.5736
v  -30.1038 5.4432 19.5736
v  -30.1038 4.0354 19.5736
v  -30.8077 4.7393 19.5736
v  -29.3999 4.7393 19.6244
v  -30.1038 5.4432 19.6244
v  -30.1038 4.0354 19.6244
v  -30.8077 4.7393 19.6244
# 24 vertices

vn 0.0000 0.0000 -1.0000
vn -0.0000 1.0000 0.0000
vn 1.0000 -0.0000 0.0000
vn -0.0000 -1.0000 -0.0000
vn -1.0000 0.0000 -0.0000
vn -0.0000 -0.0000 1.0000
# 6 vertex normals

vt 0.2500 0.0000 1.0000
vt 0.0000 0.0000 1.0000
vt -0.2500 0.0000 1.0000
vt 0.7500 0.0000 1.0000
vt 0.5000 0.0000 1.0000
vt 0.0000 0.2000 1.0000
vt -0.2500 0.2000 1.0000
vt 0.2500 0.2000 1.0000
vt 0.5000 0.2000 1.0000
vt 0.7500 0.2000 1.0000
vt 0.0000 0.4000 1.0000
vt -0.2500 0.4000 1.0000
vt 0.2500 0.4000 1.0000
vt 0.5000 0.4000 1.0000
vt 0.7500 0.4000 1.0000
vt 0.0000 0.6000 1.0000
vt -0.2500 0.6000 1.0000
vt 0.2500 0.6000 1.0000
vt 0.5000 0.6000 1.0000
vt 0.7500 0.6000 1.0000
vt 0.0000 0.8000 1.0000
vt -0.2500 0.8000 1.0000
vt 0.2500 0.8000 1.0000
vt 0.5000 0.8000 1.0000
vt 0.7500 0.8000 1.0000
vt 0.0000 1.0000 1.0000
vt -0.2500 1.0000 1.0000
vt 0.2500 1.0000 1.0000
vt 0.5000 1.0000 1.0000
vt 0.7500 1.0000 1.0000
vt 1.0000 1.0000 -1.0000
# 31 texture coords

g Cylinder146
usemtl 03___Defaulttyi
s 1
f 7817/5946/2152 7816/5945/2152 7815/5944/2152 
f 7815/5944/2152 7818/5948/2152 7817/5947/2152 
s 8
f 7820/5950/2153 7819/5949/2154 7816/5945/2154 7817/5946/2153 
f 7819/5949/2154 7821/5951/2155 7815/5944/2155 7816/5945/2154 
f 7821/5951/2155 7822/5952/2156 7818/5948/2156 7815/5944/2155 
f 7822/5952/2156 7820/5953/2153 7817/5947/2153 7818/5948/2156 
f 7824/5955/2153 7823/5954/2154 7819/5949/2154 7820/5950/2153 
f 7823/5954/2154 7825/5956/2155 7821/5951/2155 7819/5949/2154 
f 7825/5956/2155 7826/5957/2156 7822/5952/2156 7821/5951/2155 
f 7826/5957/2156 7824/5958/2153 7820/5953/2153 7822/5952/2156 
f 7828/5960/2153 7827/5959/2154 7823/5954/2154 7824/5955/2153 
f 7827/5959/2154 7829/5961/2155 7825/5956/2155 7823/5954/2154 
f 7829/5961/2155 7830/5962/2156 7826/5957/2156 7825/5956/2155 
f 7830/5962/2156 7828/5963/2153 7824/5958/2153 7826/5957/2156 
f 7832/5965/2153 7831/5964/2154 7827/5959/2154 7828/5960/2153 
f 7831/5964/2154 7833/5966/2155 7829/5961/2155 7827/5959/2154 
f 7833/5966/2155 7834/5967/2156 7830/5962/2156 7829/5961/2155 
f 7834/5967/2156 7832/5968/2153 7828/5963/2153 7830/5962/2156 
f 7836/5970/2153 7835/5969/2154 7831/5964/2154 7832/5965/2153 
f 7835/5969/2154 7837/5971/2155 7833/5966/2155 7831/5964/2154 
f 7837/5971/2155 7838/5972/2156 7834/5967/2156 7833/5966/2155 
f 7838/5972/2156 7836/5973/2153 7832/5968/2153 7834/5967/2156 
s 1
f 7835/5969/2157 7836/5970/2157 7838/5974/2157 
f 7838/5972/2157 7837/5971/2157 7835/5969/2157 
# 20 polygons - 4 triangles

#
# object Box370
#

v  84.6078 25.4672 18.8170
v  80.5438 25.4672 18.8170
v  80.5438 25.4672 14.7530
v  84.6078 25.4672 14.7530
v  84.6078 26.1518 18.8170
v  84.6078 26.1518 14.7530
v  80.5438 26.1518 14.7530
v  80.5438 26.1518 18.8170
v  84.9888 24.9973 19.1980
v  80.1628 24.9973 19.1980
v  80.1628 24.9973 14.3720
v  84.9888 24.9973 14.3720
v  84.9888 25.5053 19.1980
v  84.9888 25.5053 14.3720
v  80.1628 25.5053 14.3720
v  80.1628 25.5053 19.1980
# 16 vertices

vn 0.0000 -1.0000 -0.0000
vn 0.0000 1.0000 -0.0000
vn 1.0000 0.0000 -0.0000
vn -0.0000 0.0000 -1.0000
vn -1.0000 0.0000 0.0000
vn 0.0000 0.0000 1.0000
# 6 vertex normals

vt 1.0000 0.0000 0.0000
vt 1.0000 1.0000 0.0000
vt 0.0000 1.0000 0.0000
vt 0.0000 0.0000 0.0000
# 4 texture coords

g Box370
usemtl tfg
s 2
f 7839/5975/2158 7840/5976/2158 7841/5977/2158 7842/5978/2158 
s 4
f 7843/5978/2159 7844/5975/2159 7845/5976/2159 7846/5977/2159 
s 8
f 7839/5978/2160 7842/5975/2160 7844/5976/2160 7843/5977/2160 
s 16
f 7842/5978/2161 7841/5975/2161 7845/5976/2161 7844/5977/2161 
s 32
f 7841/5978/2162 7840/5975/2162 7846/5976/2162 7845/5977/2162 
s 64
f 7840/5978/2163 7839/5975/2163 7843/5976/2163 7846/5977/2163 
s 2
f 7847/5975/2158 7848/5976/2158 7849/5977/2158 7850/5978/2158 
s 4
f 7851/5978/2159 7852/5975/2159 7853/5976/2159 7854/5977/2159 
s 8
f 7847/5978/2160 7850/5975/2160 7852/5976/2160 7851/5977/2160 
s 16
f 7850/5978/2161 7849/5975/2161 7853/5976/2161 7852/5977/2161 
s 32
f 7849/5978/2162 7848/5975/2162 7854/5976/2162 7853/5977/2162 
s 64
f 7848/5978/2163 7847/5975/2163 7851/5976/2163 7854/5977/2163 
# 12 polygons

#
# object Box369
#

v  84.4612 9.7792 18.6703
v  83.2043 9.7792 18.6703
v  83.2043 9.7792 17.4134
v  84.4612 9.7792 17.4134
v  83.2043 9.7792 16.1565
v  84.4612 9.7792 16.1565
v  83.2043 9.7792 14.8996
v  84.4612 9.7792 14.8996
v  81.9473 9.7792 18.6703
v  81.9473 9.7792 17.4134
v  81.9473 9.7792 16.1565
v  81.9473 9.7792 14.8996
v  80.6904 9.7792 18.6703
v  80.6904 9.7792 17.4134
v  80.6904 9.7792 16.1565
v  80.6904 9.7792 14.8996
v  84.4612 25.1617 18.6703
v  84.4612 25.1617 17.4134
v  83.2043 25.1617 17.4134
v  83.2043 25.1617 18.6703
v  84.4612 25.1617 16.1565
v  83.2043 25.1617 16.1565
v  84.4612 25.1617 14.8996
v  83.2043 25.1617 14.8996
v  81.9473 25.1617 17.4134
v  81.9473 25.1617 18.6703
v  81.9473 25.1617 16.1565
v  81.9473 25.1617 14.8996
v  80.6904 25.1617 17.4134
v  80.6904 25.1617 18.6703
v  80.6904 25.1617 16.1565
v  80.6904 25.1617 14.8996
v  84.4612 17.1156 17.4134
v  84.4612 17.1156 18.6703
v  84.9048 9.7792 17.4134
v  84.9048 9.7792 16.1565
v  84.9048 17.1156 16.1565
v  84.9048 17.1156 17.4134
v  84.4612 17.1156 14.8996
v  84.4612 17.1156 16.1565
v  84.9048 25.1617 16.1565
v  84.9048 25.1617 17.4134
v  83.2043 17.1156 14.8996
v  83.2043 9.7792 14.4560
v  81.9473 9.7792 14.4560
v  81.9473 17.1156 14.4560
v  83.2043 17.1156 14.4560
v  80.6904 17.1156 14.8996
v  81.9473 17.1156 14.8996
v  81.9473 25.1617 14.4560
v  83.2043 25.1617 14.4560
v  80.6904 17.1156 16.1565
v  80.2468 9.7792 16.1565
v  80.2468 9.7792 17.4134
v  80.2468 17.1156 17.4134
v  80.2468 17.1156 16.1565
v  80.6904 17.1156 18.6703
v  80.6904 17.1156 17.4134
v  80.2468 25.1617 17.4134
v  80.2468 25.1617 16.1565
v  81.9473 17.1156 18.6703
v  81.9473 9.7792 19.1140
v  83.2043 9.7792 19.1140
v  83.2043 17.1156 19.1140
v  81.9473 17.1156 19.1140
v  83.2043 17.1156 18.6703
v  83.2043 25.1617 19.1140
v  81.9473 25.1617 19.1140
# 68 vertices

vn 0.0000 -1.0000 -0.0000
vn 0.0000 1.0000 -0.0000
vn 1.0000 -0.0000 -0.0000
vn 1.0000 0.0000 -0.0000
vn -0.0000 -0.0000 -1.0000
vn -0.0000 0.0000 -1.0000
vn -1.0000 -0.0000 0.0000
vn -1.0000 0.0000 0.0000
vn 0.0000 -0.0000 1.0000
vn 0.0000 0.0000 1.0000
# 10 vertex normals

vt 1.0000 0.0000 0.0000
vt 1.0000 0.3333 0.0000
vt 0.6667 0.3333 0.0000
vt 0.6667 0.0000 0.0000
vt 0.3333 0.3333 0.0000
vt 0.3333 0.0000 0.0000
vt -0.0000 0.3333 0.0000
vt -0.0000 0.0000 0.0000
vt 1.0000 0.6667 0.0000
vt 0.6667 0.6667 0.0000
vt 0.3333 0.6667 0.0000
vt -0.0000 0.6667 0.0000
vt 1.0000 1.0000 0.0000
vt 0.6667 1.0000 0.0000
vt 0.3333 1.0000 0.0000
vt -0.0000 1.0000 0.0000
vt 0.0000 0.0000 0.0000
vt 0.0000 0.3333 0.0000
vt 0.0000 0.6667 0.0000
vt 0.0000 1.0000 0.0000
vt 0.3333 0.5000 0.0000
vt 0.0000 0.5000 0.0000
vt 0.6667 0.5000 0.0000
vt 1.0000 0.5000 0.0000
# 24 texture coords

g Box369
usemtl xdgh
s 2
f 7855/5979/2164 7856/5980/2164 7857/5981/2164 7858/5982/2164 
f 7858/5982/2164 7857/5981/2164 7859/5983/2164 7860/5984/2164 
f 7860/5984/2164 7859/5983/2164 7861/5985/2164 7862/5986/2164 
f 7856/5980/2164 7863/5987/2164 7864/5988/2164 7857/5981/2164 
f 7857/5981/2164 7864/5988/2164 7865/5989/2164 7859/5983/2164 
f 7859/5983/2164 7865/5989/2164 7866/5990/2164 7861/5985/2164 
f 7863/5987/2164 7867/5991/2164 7868/5992/2164 7864/5988/2164 
f 7864/5988/2164 7868/5992/2164 7869/5993/2164 7865/5989/2164 
f 7865/5989/2164 7869/5993/2164 7870/5994/2164 7866/5990/2164 
s 4
f 7871/5995/2165 7872/5984/2165 7873/5983/2165 7874/5996/2165 
f 7872/5984/2165 7875/5982/2165 7876/5981/2165 7873/5983/2165 
f 7875/5982/2165 7877/5979/2165 7878/5980/2165 7876/5981/2165 
f 7874/5996/2165 7873/5983/2165 7879/5989/2165 7880/5997/2165 
f 7873/5983/2165 7876/5981/2165 7881/5988/2165 7879/5989/2165 
f 7876/5981/2165 7878/5980/2165 7882/5987/2165 7881/5988/2165 
f 7880/5997/2165 7879/5989/2165 7883/5993/2165 7884/5998/2165 
f 7879/5989/2165 7881/5988/2165 7885/5992/2165 7883/5993/2165 
f 7881/5988/2165 7882/5987/2165 7886/5991/2165 7885/5992/2165 
s 8
f 7855/5995/2166 7858/5984/2166 7887/5999/2166 7888/6000/2166 
f 7889/5984/2166 7890/5982/2166 7891/6001/2166 7892/5999/2166 
f 7860/5982/2166 7862/5979/2166 7893/6002/2166 7894/6001/2166 
f 7888/6000/2166 7887/5999/2166 7872/5993/2167 7871/5998/2167 
f 7892/5999/2166 7891/6001/2166 7895/5992/2167 7896/5993/2167 
f 7894/6001/2166 7893/6002/2166 7877/5991/2167 7875/5992/2167 
s 16
f 7862/5995/2168 7861/5984/2168 7897/5999/2168 7893/6000/2168 
f 7898/5984/2168 7899/5982/2168 7900/6001/2168 7901/5999/2168 
f 7866/5982/2168 7870/5979/2168 7902/6002/2168 7903/6001/2168 
f 7893/6000/2168 7897/5999/2168 7878/5993/2169 7877/5998/2169 
f 7901/5999/2168 7900/6001/2168 7904/5992/2169 7905/5993/2169 
f 7903/6001/2168 7902/6002/2168 7886/5991/2169 7882/5992/2169 
s 32
f 7870/5995/2170 7869/5984/2170 7906/5999/2170 7902/6000/2170 
f 7907/5984/2170 7908/5982/2170 7909/6001/2170 7910/5999/2170 
f 7868/5982/2170 7867/5979/2170 7911/6002/2170 7912/6001/2170 
f 7902/6000/2170 7906/5999/2170 7885/5993/2171 7886/5998/2171 
f 7910/5999/2170 7909/6001/2170 7913/5992/2171 7914/5993/2171 
f 7912/6001/2170 7911/6002/2170 7884/5991/2171 7883/5992/2171 
s 64
f 7867/5995/2172 7863/5984/2172 7915/5999/2172 7911/6000/2172 
f 7916/5984/2172 7917/5982/2172 7918/6001/2172 7919/5999/2172 
f 7856/5982/2172 7855/5979/2172 7888/6002/2172 7920/6001/2172 
f 7911/6000/2172 7915/5999/2172 7880/5993/2173 7884/5998/2173 
f 7919/5999/2172 7918/6001/2172 7921/5992/2173 7922/5993/2173 
f 7920/6001/2172 7888/6002/2172 7871/5991/2173 7874/5992/2173 
s off
f 7858/5982/2164 7860/5984/2164 7890/5982/2164 7889/5984/2164 
usemtl tfg
f 7860/5982/2168 7894/6001/2168 7891/6001/2168 7890/5982/2168 
f 7894/6001/2169 7875/5992/2169 7895/5992/2169 7891/6001/2169 
usemtl xdgh
f 7875/5982/2165 7872/5984/2165 7896/5993/2165 7895/5992/2165 
usemtl tfg
f 7872/5993/2173 7887/5999/2173 7892/5999/2173 7896/5993/2173 
f 7887/5999/2173 7858/5984/2173 7889/5984/2173 7892/5999/2173 
usemtl xdgh
f 7861/5985/2164 7866/5990/2164 7899/5982/2164 7898/5984/2164 
usemtl tfg
f 7866/5982/2170 7903/6001/2170 7900/6001/2170 7899/5982/2170 
f 7903/6001/2171 7882/5992/2171 7904/5992/2171 7900/6001/2171 
usemtl xdgh
f 7882/5987/2165 7878/5980/2165 7905/5993/2165 7904/5992/2165 
usemtl tfg
f 7878/5993/2167 7897/5999/2167 7901/5999/2167 7905/5993/2167 
f 7897/5999/2167 7861/5984/2167 7898/5984/2167 7901/5999/2167 
usemtl xdgh
f 7869/5993/2164 7868/5992/2164 7908/5982/2164 7907/5984/2164 
usemtl tfg
f 7868/5982/2173 7912/6001/2173 7909/6001/2173 7908/5982/2173 
f 7912/6001/2172 7883/5992/2172 7913/5992/2172 7909/6001/2172 
usemtl xdgh
f 7883/5993/2165 7885/5992/2165 7914/5993/2165 7913/5992/2165 
usemtl tfg
f 7885/5993/2169 7906/5999/2169 7910/5999/2169 7914/5993/2169 
f 7906/5999/2168 7869/5984/2168 7907/5984/2168 7910/5999/2168 
usemtl xdgh
f 7863/5987/2164 7856/5980/2164 7917/5982/2164 7916/5984/2164 
usemtl tfg
f 7856/5982/2167 7920/6001/2167 7918/6001/2167 7917/5982/2167 
f 7920/6001/2166 7874/5992/2166 7921/5992/2166 7918/6001/2166 
usemtl xdgh
f 7874/5996/2165 7880/5997/2165 7922/5993/2165 7921/5992/2165 
usemtl tfg
f 7880/5993/2171 7915/5999/2171 7919/5999/2171 7922/5993/2171 
f 7915/5999/2170 7863/5984/2170 7916/5984/2170 7919/5999/2170 
# 66 polygons

#
# object Box256
#

v  84.8053 -0.4721 18.9599
v  83.3660 -0.4721 18.9599
v  83.3660 -0.4721 17.5206
v  84.8053 -0.4721 17.5206
v  83.3660 -0.4721 16.0812
v  84.8053 -0.4721 16.0812
v  83.3660 -0.4721 14.6419
v  84.8053 -0.4721 14.6419
v  81.9267 -0.4721 18.9599
v  81.9267 -0.4721 17.5206
v  81.9267 -0.4721 16.0812
v  81.9267 -0.4721 14.6419
v  80.4874 -0.4721 18.9599
v  80.4874 -0.4721 27.1387
v  80.4874 -0.4721 16.0812
v  80.4874 -0.4721 14.6419
v  84.8053 9.6879 18.9599
v  84.8053 9.6879 17.5206
v  83.3660 9.6879 17.5206
v  83.3660 9.6879 18.9599
v  84.8053 9.6879 16.0812
v  83.3660 9.6879 16.0812
v  84.8053 9.6879 14.6419
v  83.3660 9.6879 14.6419
v  81.9267 9.6879 17.5206
v  81.9267 9.6879 18.9599
v  81.9267 9.6879 16.0812
v  81.9267 9.6879 14.6419
v  80.4874 9.6879 27.1387
v  80.4874 9.6879 18.9599
v  80.4874 9.6879 16.0812
v  80.4874 9.6879 14.6419
v  84.8053 4.6079 17.5206
v  84.8053 4.6079 18.9599
v  85.3133 -0.4721 17.5206
v  85.3133 -0.4721 16.0812
v  85.3133 4.6079 16.0812
v  85.3133 4.6079 17.5206
v  84.8053 4.6079 14.6419
v  84.8053 4.6079 16.0812
v  85.3133 9.6879 16.0812
v  85.3133 9.6879 17.5206
v  83.3660 4.6079 14.6419
v  83.3660 -0.4721 14.1339
v  81.9267 -0.4721 14.1339
v  81.9267 4.6079 14.1339
v  83.3660 4.6079 14.1339
v  80.4874 4.6079 14.6419
v  81.9267 4.6079 14.6419
v  81.9267 9.6879 14.1339
v  83.3660 9.6879 14.1339
v  80.4874 4.6079 16.0812
v  54.4021 -0.4721 22.3178
v  54.4021 -0.4721 27.1387
v  54.4021 4.6079 27.1387
v  54.4021 4.6079 22.3178
v  80.4874 4.6079 18.9599
v  80.4874 4.6079 27.1387
v  54.4021 9.6879 27.1387
v  54.4021 9.6879 22.3178
v  81.9267 4.6079 18.9599
v  81.9267 -0.4721 19.4679
v  83.3660 -0.4721 19.4679
v  83.3660 4.6079 19.4679
v  81.9267 4.6079 19.4679
v  83.3660 4.6079 18.9599
v  83.3660 9.6879 19.4679
v  81.9267 9.6879 19.4679
# 68 vertices

vn 0.0000 -1.0000 -0.0000
vn 0.0000 1.0000 -0.0000
vn 1.0000 0.0000 -0.0000
vn -0.0000 0.0000 -1.0000
vn -0.0000 -0.0000 -1.0000
vn -1.0000 0.0000 0.0000
vn 0.0000 0.0000 1.0000
vn -0.2325 0.0000 -0.9726
vn 1.0000 -0.0000 -0.0000
vn -1.0000 -0.0000 0.0000
# 10 vertex normals

vt 0.4616 -0.1564 0.0005
vt 0.4616 -0.1041 0.0005
vt 0.2311 -0.1041 0.0005
vt 0.2311 -0.1564 0.0005
vt 0.0005 -0.1041 0.0005
vt 0.0005 -0.1564 0.0005
vt -0.2301 -0.1041 0.0005
vt -0.2301 -0.1564 0.0005
vt 0.4616 -0.0518 0.0005
vt 0.2311 -0.0518 0.0005
vt 0.0005 -0.0518 0.0005
vt -0.2301 -0.0518 0.0005
vt 0.5384 -0.0518 0.0005
vt 0.5384 0.0005 0.0005
vt -0.7717 0.0005 0.0005
vt 0.7689 -0.0518 0.0005
vt 1.7717 0.0005 0.0005
vt 0.0005 0.0005 0.0005
vt -0.2301 0.0005 0.0005
vt 0.5384 -0.1564 0.9995
vt 0.7689 -0.1564 0.9995
vt 0.7689 -0.1041 0.9995
vt 0.5384 -0.1041 0.9995
vt 0.9995 -0.1564 0.9995
vt 0.9995 -0.1041 0.9995
vt 1.2301 -0.1564 0.9995
vt 1.2301 -0.1041 0.9995
vt 0.7689 -0.0518 0.9995
vt 0.5384 -0.0518 0.9995
vt 0.9995 -0.0518 0.9995
vt 1.2301 -0.0518 0.9995
vt 1.7717 0.0005 0.9995
vt 0.4616 0.0005 0.9995
vt 0.4616 -0.0518 0.9995
vt 0.2311 -0.0518 0.9995
vt 0.9995 0.0005 0.9995
vt -0.7717 0.0005 0.9995
vt 1.2301 0.0005 0.9995
vt 0.5384 0.0005 -0.1564
vt 0.7689 0.0005 -0.1564
vt 0.7689 0.5000 -0.1564
vt 0.5384 0.5000 -0.1564
vt 0.7689 0.0005 -0.1748
vt 0.9995 0.0005 -0.1748
vt 0.9995 0.5000 -0.1748
vt 0.7689 0.5000 -0.1748
vt 0.9995 0.0005 -0.1564
vt 1.2301 0.0005 -0.1564
vt 1.2301 0.5000 -0.1564
vt 0.9995 0.5000 -0.1564
vt 0.7689 0.9995 -0.1564
vt 0.5384 0.9995 -0.1564
vt 0.9995 0.9995 -0.1748
vt 0.7689 0.9995 -0.1748
vt 1.2301 0.9995 -0.1564
vt 0.9995 0.9995 -0.1564
vt -0.1564 0.0005 1.2301
vt -0.1041 0.0005 1.2301
vt -0.1041 0.5000 1.2301
vt -0.1564 0.5000 1.2301
vt -0.1041 0.0005 1.3114
vt -0.0518 0.0005 1.3114
vt -0.0518 0.5000 1.3114
vt -0.1041 0.5000 1.3114
vt -0.0518 0.0005 1.2301
vt 0.0005 0.0005 1.2301
vt 0.0005 0.5000 1.2301
vt -0.0518 0.5000 1.2301
vt -0.1041 0.9995 1.2301
vt -0.1564 0.9995 1.2301
vt -0.0518 0.9995 1.3114
vt -0.1041 0.9995 1.3114
vt 0.0005 0.9995 1.2301
vt -0.0518 0.9995 1.2301
vt 0.0005 0.5000 0.0005
vt -0.2301 0.5000 0.0005
vt 0.9995 0.0005 0.9481
vt 1.7717 0.0005 0.9481
vt 1.7717 0.5000 0.9481
vt 0.9995 0.5000 0.9481
vt 0.5384 0.5000 0.0005
vt -0.7717 0.5000 0.0005
vt 0.0005 0.9995 0.0005
vt -0.2301 0.9995 0.0005
vt 1.7717 0.9995 0.9481
vt 0.9995 0.9995 0.9481
vt 0.5384 0.9995 0.0005
vt -0.7717 0.9995 0.0005
vt 0.9995 0.0005 0.5384
vt 1.0518 0.0005 0.5384
vt 1.0518 0.5000 0.5384
vt 0.9995 0.5000 0.5384
vt 1.0518 0.0005 0.4570
vt 1.1041 0.0005 0.4570
vt 1.1041 0.5000 0.4570
vt 1.0518 0.5000 0.4570
vt 1.1041 0.0005 0.5384
vt 1.1564 0.0005 0.5384
vt 1.1564 0.5000 0.5384
vt 1.1041 0.5000 0.5384
vt 1.0518 0.9995 0.5384
vt 0.9995 0.9995 0.5384
vt 1.1041 0.9995 0.4570
vt 1.0518 0.9995 0.4570
vt 1.1564 0.9995 0.5384
vt 1.1041 0.9995 0.5384
vt 0.0005 -0.1748 0.0005
vt 0.2311 -0.1748 0.0005
vt -0.1564 0.0005 0.9995
vt -0.1564 0.5000 0.9995
vt -0.1748 0.5000 0.9995
vt -0.1748 0.0005 0.9995
vt -0.1564 0.9995 0.9995
vt -0.1748 0.9995 0.9995
vt 0.7689 -0.1748 0.9995
vt 0.9995 -0.1748 0.9995
vt 1.1564 0.9995 0.7689
vt 1.1564 0.5000 0.7689
vt 1.1748 0.5000 0.7689
vt 1.1748 0.9995 0.7689
vt 1.1564 0.0005 0.7689
vt 1.1748 0.0005 0.7689
vt -0.3114 -0.0518 0.0005
vt -0.3114 -0.1041 0.0005
vt -0.2301 0.0005 -0.0518
vt -0.2301 0.5000 -0.0518
vt -0.3114 0.5000 -0.0518
vt -0.3114 0.0005 -0.0518
vt -0.2301 0.9995 -0.0518
vt -0.3114 0.9995 -0.0518
vt 1.3114 -0.1041 0.9995
vt 1.3114 -0.0518 0.9995
vt 1.2301 0.9995 -0.1041
vt 1.2301 0.5000 -0.1041
vt 1.3114 0.5000 -0.1041
vt 1.3114 0.9995 -0.1041
vt 1.2301 0.0005 -0.1041
vt 1.3114 0.0005 -0.1041
vt 1.7717 0.9481 0.0005
vt 0.9995 0.9481 0.0005
vt 0.9995 0.0005 -0.7717
vt 0.9995 0.5000 -0.7717
vt 0.0519 0.5000 -0.7717
vt 0.0519 0.0005 -0.7717
vt 0.9995 0.9995 -0.7717
vt 0.0519 0.9995 -0.7717
vt 0.0005 0.9481 0.9995
vt -0.7717 0.9481 0.9995
vt 0.0005 0.9995 0.9995
vt 0.0005 0.5000 0.9995
vt 0.9481 0.5000 0.0005
vt 0.9481 0.9995 0.0005
vt 0.0005 0.0005 0.9995
vt 0.9481 0.0005 0.0005
vt 0.5430 -0.1041 0.0005
vt 0.5430 -0.0518 0.0005
vt 0.5384 0.0005 -0.1041
vt 0.5384 0.5000 -0.1041
vt 0.4570 0.5000 -0.1041
vt 0.4570 0.0005 -0.1041
vt 0.5384 0.9995 -0.1041
vt 0.4570 0.9995 -0.1041
vt 0.4570 -0.0518 0.9995
vt 0.4570 -0.1041 0.9995
vt 0.4616 0.9995 -0.0518
vt 0.4616 0.5000 -0.0518
vt 0.5430 0.5000 -0.0518
vt 0.5430 0.9995 -0.0518
vt 0.4616 0.0005 -0.0518
vt 0.5430 0.0005 -0.0518
# 170 texture coords

g Box256
usemtl xdgh
s 2
f 7923/6003/2174 7924/6004/2174 7925/6005/2174 7926/6006/2174 
f 7926/6006/2174 7925/6005/2174 7927/6007/2174 7928/6008/2174 
f 7928/6008/2174 7927/6007/2174 7929/6009/2174 7930/6010/2174 
f 7924/6004/2174 7931/6011/2174 7932/6012/2174 7925/6005/2174 
f 7925/6005/2174 7932/6012/2174 7933/6013/2174 7927/6007/2174 
f 7927/6007/2174 7933/6013/2174 7934/6014/2174 7929/6009/2174 
f 7931/6015/2174 7935/6016/2175 7936/6017/2175 7932/6018/2174 
f 7932/6012/2174 7936/6019/2175 7937/6020/2174 7933/6013/2174 
f 7933/6013/2174 7937/6020/2174 7938/6021/2174 7934/6014/2174 
usemtl tfg
s 4
f 7939/6022/2175 7940/6023/2175 7941/6024/2175 7942/6025/2175 
usemtl 03___Defaulttyi
f 7940/6023/2175 7943/6026/2175 7944/6027/2175 7941/6024/2175 
usemtl tfg
f 7943/6026/2175 7945/6028/2175 7946/6029/2175 7944/6027/2175 
usemtl 03___Defaulttyi
f 7942/6025/2175 7941/6024/2175 7947/6030/2175 7948/6031/2175 
f 7941/6024/2175 7944/6027/2175 7949/6032/2175 7947/6030/2175 
f 7944/6027/2175 7946/6029/2175 7950/6033/2175 7949/6032/2175 
f 7951/6034/2175 7952/6035/2174 7948/6036/2175 7947/6037/2175 
f 7947/6030/2175 7949/6032/2175 7953/6038/2175 7951/6039/2175 
usemtl tfg
f 7949/6032/2175 7950/6033/2175 7954/6040/2175 7953/6038/2175 
usemtl xdgh
s 8
f 7923/6041/2176 7926/6042/2176 7955/6043/2176 7956/6044/2176 
usemtl tfg
f 7957/6045/2176 7958/6046/2176 7959/6047/2176 7960/6048/2176 
usemtl xdgh
f 7928/6049/2176 7930/6050/2176 7961/6051/2176 7962/6052/2176 
usemtl tfg
f 7956/6044/2176 7955/6043/2176 7940/6053/2176 7939/6054/2176 
usemtl xdgh
f 7960/6048/2176 7959/6047/2176 7963/6055/2176 7964/6056/2176 
usemtl tfg
f 7962/6052/2176 7961/6051/2176 7945/6057/2176 7943/6058/2176 
usemtl xdgh
s 16
f 7930/6059/2177 7929/6060/2177 7965/6061/2177 7961/6062/2177 
f 7966/6063/2178 7967/6064/2178 7968/6065/2177 7969/6066/2177 
f 7934/6067/2177 7938/6068/2177 7970/6069/2177 7971/6070/2177 
usemtl tfg
f 7961/6062/2177 7965/6061/2177 7946/6071/2177 7945/6072/2177 
usemtl xdgh
f 7969/6066/2177 7968/6065/2177 7972/6073/2177 7973/6074/2177 
usemtl tfg
f 7971/6070/2177 7970/6069/2177 7954/6075/2177 7950/6076/2177 
usemtl xdgh
s 32
f 7938/6021/2179 7937/6020/2179 7974/6077/2179 7970/6078/2179 
f 7975/6079/2179 7976/6080/2179 7977/6081/2179 7978/6082/2179 
f 7936/6017/2176 7935/6016/2176 7979/6083/2176 7980/6084/2176 
usemtl tfg
f 7970/6078/2179 7974/6077/2179 7953/6085/2179 7954/6086/2179 
usemtl xdgh
f 7978/6082/2179 7977/6081/2179 7981/6087/2179 7982/6088/2179 
f 7980/6084/2176 7979/6083/2176 7952/6089/2176 7951/6090/2176 
s 64
f 7935/6091/2180 7931/6092/2180 7983/6093/2180 7979/6094/2180 
f 7984/6095/2180 7985/6096/2180 7986/6097/2180 7987/6098/2180 
f 7924/6099/2180 7923/6100/2180 7956/6101/2180 7988/6102/2180 
f 7979/6094/2180 7983/6093/2180 7948/6103/2180 7952/6104/2180 
usemtl tfg
f 7987/6098/2180 7986/6097/2180 7989/6105/2180 7990/6106/2180 
f 7988/6102/2180 7956/6101/2180 7939/6107/2180 7942/6108/2180 
usemtl xdgh
s off
f 7926/6006/2174 7928/6008/2174 7958/6109/2174 7957/6110/2174 
usemtl tfg
f 7928/6111/2177 7962/6112/2177 7959/6113/2177 7958/6114/2177 
f 7962/6112/2177 7943/6115/2177 7963/6116/2177 7959/6113/2177 
f 7943/6026/2175 7940/6023/2175 7964/6117/2175 7963/6118/2175 
usemtl 03___Defaulttyi
f 7940/6119/2180 7955/6120/2180 7960/6121/2180 7964/6122/2180 
f 7955/6120/2180 7926/6123/2180 7957/6124/2180 7960/6121/2180 
usemtl xdgh
f 7929/6009/2174 7934/6014/2174 7967/6125/2174 7966/6126/2174 
usemtl tfg
f 7934/6127/2179 7971/6128/2179 7968/6129/2179 7967/6130/2179 
f 7971/6128/2179 7950/6131/2179 7972/6132/2179 7968/6129/2179 
f 7950/6033/2175 7946/6029/2175 7973/6133/2175 7972/6134/2175 
f 7946/6135/2176 7965/6136/2176 7969/6137/2176 7973/6138/2176 
f 7965/6136/2176 7929/6139/2176 7966/6140/2176 7969/6137/2176 
usemtl xdgh
f 7937/6020/2174 7936/6019/2174 7976/6141/2174 7975/6142/2174 
usemtl 03___Defaulttyi
f 7936/6143/2180 7980/6144/2180 7977/6145/2180 7976/6146/2180 
f 7980/6144/2180 7951/6147/2180 7981/6148/2180 7977/6145/2180 
usemtl tfg
f 7951/6039/2175 7953/6038/2175 7982/6149/2175 7981/6150/2175 
usemtl 05___Default
f 7953/6151/2181 7974/6152/2181 7978/6153/2181 7982/6154/2181 
f 7974/6152/2181 7937/6155/2181 7975/6156/2181 7978/6153/2181 
usemtl xdgh
f 7931/6011/2174 7924/6004/2174 7985/6157/2174 7984/6158/2174 
usemtl tfg
f 7924/6159/2176 7988/6160/2176 7986/6161/2176 7985/6162/2176 
f 7988/6160/2182 7942/6163/2182 7989/6164/2182 7986/6161/2182 
usemtl 03___Defaulttyi
f 7942/6025/2175 7948/6031/2175 7990/6165/2175 7989/6166/2175 
f 7948/6167/2179 7983/6168/2179 7987/6169/2179 7990/6170/2179 
f 7983/6168/2183 7931/6171/2183 7984/6172/2183 7987/6169/2183 
# 66 polygons

#
# object Cylinder080
#

v  82.6888 4.0354 13.9118
v  81.9848 4.7393 13.9118
v  82.6888 5.4432 13.9118
v  83.3927 4.7393 13.9118
v  81.9848 4.7393 13.9626
v  82.6888 5.4432 13.9626
v  82.6888 4.0354 13.9626
v  83.3927 4.7393 13.9626
v  81.9848 4.7393 14.0134
v  82.6888 5.4432 14.0134
v  82.6888 4.0354 14.0134
v  83.3927 4.7393 14.0134
v  81.9848 4.7393 14.0642
v  82.6888 5.4432 14.0642
v  82.6888 4.0354 14.0642
v  83.3927 4.7393 14.0642
v  81.9848 4.7393 14.1150
v  82.6888 5.4432 14.1150
v  82.6888 4.0354 14.1150
v  83.3927 4.7393 14.1150
v  81.9848 4.7393 14.1658
v  82.6888 5.4432 14.1658
v  82.6888 4.0354 14.1658
v  83.3927 4.7393 14.1658
# 24 vertices

vn -0.0000 -0.0000 -1.0000
vn 0.0000 1.0000 -0.0000
vn -1.0000 0.0000 0.0000
vn -0.0000 -1.0000 0.0000
vn 1.0000 -0.0000 -0.0000
vn 0.0000 0.0000 1.0000
# 6 vertex normals

vt 0.2500 0.0000 1.0000
vt 0.0000 0.0000 1.0000
vt -0.2500 0.0000 1.0000
vt 0.7500 0.0000 1.0000
vt 0.5000 0.0000 1.0000
vt 0.0000 0.2000 1.0000
vt -0.2500 0.2000 1.0000
vt 0.2500 0.2000 1.0000
vt 0.5000 0.2000 1.0000
vt 0.7500 0.2000 1.0000
vt 0.0000 0.4000 1.0000
vt -0.2500 0.4000 1.0000
vt 0.2500 0.4000 1.0000
vt 0.5000 0.4000 1.0000
vt 0.7500 0.4000 1.0000
vt 0.0000 0.6000 1.0000
vt -0.2500 0.6000 1.0000
vt 0.2500 0.6000 1.0000
vt 0.5000 0.6000 1.0000
vt 0.7500 0.6000 1.0000
vt 0.0000 0.8000 1.0000
vt -0.2500 0.8000 1.0000
vt 0.2500 0.8000 1.0000
vt 0.5000 0.8000 1.0000
vt 0.7500 0.8000 1.0000
vt 0.0000 1.0000 1.0000
vt -0.2500 1.0000 1.0000
vt 0.2500 1.0000 1.0000
vt 0.5000 1.0000 1.0000
vt 0.7500 1.0000 1.0000
vt 1.0000 1.0000 -1.0000
# 31 texture coords

g Cylinder080
usemtl 03___Defaulttyi
s 1
f 7991/6173/2184 7992/6174/2184 7993/6175/2184 
f 7993/6176/2184 7994/6177/2184 7991/6173/2184 
s 8
f 7993/6175/2185 7992/6174/2186 7995/6178/2186 7996/6179/2185 
f 7992/6174/2186 7991/6173/2187 7997/6180/2187 7995/6178/2186 
f 7991/6173/2187 7994/6177/2188 7998/6181/2188 7997/6180/2187 
f 7994/6177/2188 7993/6176/2185 7996/6182/2185 7998/6181/2188 
f 7996/6179/2185 7995/6178/2186 7999/6183/2186 8000/6184/2185 
f 7995/6178/2186 7997/6180/2187 8001/6185/2187 7999/6183/2186 
f 7997/6180/2187 7998/6181/2188 8002/6186/2188 8001/6185/2187 
f 7998/6181/2188 7996/6182/2185 8000/6187/2185 8002/6186/2188 
f 8000/6184/2185 7999/6183/2186 8003/6188/2186 8004/6189/2185 
f 7999/6183/2186 8001/6185/2187 8005/6190/2187 8003/6188/2186 
f 8001/6185/2187 8002/6186/2188 8006/6191/2188 8005/6190/2187 
f 8002/6186/2188 8000/6187/2185 8004/6192/2185 8006/6191/2188 
f 8004/6189/2185 8003/6188/2186 8007/6193/2186 8008/6194/2185 
f 8003/6188/2186 8005/6190/2187 8009/6195/2187 8007/6193/2186 
f 8005/6190/2187 8006/6191/2188 8010/6196/2188 8009/6195/2187 
f 8006/6191/2188 8004/6192/2185 8008/6197/2185 8010/6196/2188 
f 8008/6194/2185 8007/6193/2186 8011/6198/2186 8012/6199/2185 
f 8007/6193/2186 8009/6195/2187 8013/6200/2187 8011/6198/2186 
f 8009/6195/2187 8010/6196/2188 8014/6201/2188 8013/6200/2187 
f 8010/6196/2188 8008/6197/2185 8012/6202/2185 8014/6201/2188 
s 1
f 8014/6203/2189 8012/6199/2189 8011/6198/2189 
f 8011/6198/2189 8013/6200/2189 8014/6201/2189 
# 20 polygons - 4 triangles

#
# object Box257
#

v  85.1863 4.5718 19.3409
v  80.1063 4.5718 19.3409
v  80.1063 4.5718 14.2609
v  85.1863 4.5718 14.2609
v  85.1863 4.8258 19.3409
v  85.1863 4.8258 14.2609
v  80.1063 4.8258 14.2609
v  80.1063 4.8258 19.3409
# 8 vertices

vn 0.0000 -1.0000 -0.0000
vn 0.0000 1.0000 -0.0000
vn 1.0000 0.0000 -0.0000
vn -0.0000 0.0000 -1.0000
vn -1.0000 0.0000 0.0000
vn 0.0000 0.0000 1.0000
# 6 vertex normals

vt 1.0000 0.0000 0.0000
vt 1.0000 1.0000 0.0000
vt 0.0000 1.0000 0.0000
vt 0.0000 0.0000 0.0000
# 4 texture coords

g Box257
usemtl cvj
s 2
f 8015/6204/2190 8016/6205/2190 8017/6206/2190 8018/6207/2190 
s 4
f 8019/6207/2191 8020/6204/2191 8021/6205/2191 8022/6206/2191 
s 8
f 8015/6207/2192 8018/6204/2192 8020/6205/2192 8019/6206/2192 
s 16
f 8018/6207/2193 8017/6204/2193 8021/6205/2193 8020/6206/2193 
s 32
f 8017/6207/2194 8016/6204/2194 8022/6205/2194 8021/6206/2194 
s 64
f 8016/6207/2195 8015/6204/2195 8019/6205/2195 8022/6206/2195 
# 6 polygons

#
# object Box258
#

v  85.0593 -0.3273 19.2139
v  80.2333 -0.3273 19.2139
v  80.2333 -0.3273 14.3879
v  85.0593 -0.3273 14.3879
v  85.0593 0.9427 19.2139
v  85.0593 0.9427 14.3879
v  80.2333 0.9427 14.3879
v  80.2333 0.9427 19.2139
# 8 vertices

vn 0.0000 -1.0000 -0.0000
vn 0.0000 1.0000 -0.0000
vn 1.0000 0.0000 -0.0000
vn -0.0000 0.0000 -1.0000
vn -1.0000 0.0000 0.0000
vn 0.0000 0.0000 1.0000
# 6 vertex normals

vt 1.0000 0.0000 0.0000
vt 1.0000 1.0000 0.0000
vt 0.0000 1.0000 0.0000
vt 0.0000 0.0000 0.0000
# 4 texture coords

g Box258
usemtl tfg
s 2
f 8023/6208/2196 8024/6209/2196 8025/6210/2196 8026/6211/2196 
s 4
f 8027/6211/2197 8028/6208/2197 8029/6209/2197 8030/6210/2197 
s 8
f 8023/6211/2198 8026/6208/2198 8028/6209/2198 8027/6210/2198 
s 16
f 8026/6211/2199 8025/6208/2199 8029/6209/2199 8028/6210/2199 
s 32
f 8025/6211/2200 8024/6208/2200 8030/6209/2200 8029/6210/2200 
s 64
f 8024/6211/2201 8023/6208/2201 8027/6209/2201 8030/6210/2201 
# 6 polygons

#
# object Cylinder082
#

v  85.2274 4.0354 16.7855
v  85.2274 4.7393 17.4894
v  85.2274 5.4432 16.7855
v  85.2274 4.7393 16.0816
v  85.2782 4.7393 17.4894
v  85.2782 5.4432 16.7855
v  85.2782 4.0354 16.7855
v  85.2782 4.7393 16.0816
v  85.3290 4.7393 17.4894
v  85.3290 5.4432 16.7855
v  85.3290 4.0354 16.7855
v  85.3290 4.7393 16.0816
v  85.3798 4.7393 17.4894
v  85.3798 5.4432 16.7855
v  85.3798 4.0354 16.7855
v  85.3798 4.7393 16.0816
v  85.4306 4.7393 17.4894
v  85.4306 5.4432 16.7855
v  85.4306 4.0354 16.7855
v  85.4306 4.7393 16.0816
v  85.4814 4.7393 17.4894
v  85.4814 5.4432 16.7855
v  85.4814 4.0354 16.7855
v  85.4814 4.7393 16.0816
# 24 vertices

vn -1.0000 0.0000 0.0000
vn 0.0000 1.0000 -0.0000
vn 0.0000 0.0000 1.0000
vn -0.0000 -1.0000 0.0000
vn -0.0000 -0.0000 -1.0000
vn 1.0000 -0.0000 -0.0000
# 6 vertex normals

vt 0.2500 0.0000 1.0000
vt 0.0000 0.0000 1.0000
vt -0.2500 0.0000 1.0000
vt 0.7500 0.0000 1.0000
vt 0.5000 0.0000 1.0000
vt 0.0000 0.2000 1.0000
vt -0.2500 0.2000 1.0000
vt 0.2500 0.2000 1.0000
vt 0.5000 0.2000 1.0000
vt 0.7500 0.2000 1.0000
vt 0.0000 0.4000 1.0000
vt -0.2500 0.4000 1.0000
vt 0.2500 0.4000 1.0000
vt 0.5000 0.4000 1.0000
vt 0.7500 0.4000 1.0000
vt 0.0000 0.6000 1.0000
vt -0.2500 0.6000 1.0000
vt 0.2500 0.6000 1.0000
vt 0.5000 0.6000 1.0000
vt 0.7500 0.6000 1.0000
vt 0.0000 0.8000 1.0000
vt -0.2500 0.8000 1.0000
vt 0.2500 0.8000 1.0000
vt 0.5000 0.8000 1.0000
vt 0.7500 0.8000 1.0000
vt 0.0000 1.0000 1.0000
vt -0.2500 1.0000 1.0000
vt 0.2500 1.0000 1.0000
vt 0.5000 1.0000 1.0000
vt 0.7500 1.0000 1.0000
vt 1.0000 1.0000 -1.0000
# 31 texture coords

g Cylinder082
usemtl 03___Defaulttyi
s 1
f 8031/6212/2202 8032/6213/2202 8033/6214/2202 
f 8033/6215/2202 8034/6216/2202 8031/6212/2202 
s 8
f 8033/6214/2203 8032/6213/2204 8035/6217/2204 8036/6218/2203 
f 8032/6213/2204 8031/6212/2205 8037/6219/2205 8035/6217/2204 
f 8031/6212/2205 8034/6216/2206 8038/6220/2206 8037/6219/2205 
f 8034/6216/2206 8033/6215/2203 8036/6221/2203 8038/6220/2206 
f 8036/6218/2203 8035/6217/2204 8039/6222/2204 8040/6223/2203 
f 8035/6217/2204 8037/6219/2205 8041/6224/2205 8039/6222/2204 
f 8037/6219/2205 8038/6220/2206 8042/6225/2206 8041/6224/2205 
f 8038/6220/2206 8036/6221/2203 8040/6226/2203 8042/6225/2206 
f 8040/6223/2203 8039/6222/2204 8043/6227/2204 8044/6228/2203 
f 8039/6222/2204 8041/6224/2205 8045/6229/2205 8043/6227/2204 
f 8041/6224/2205 8042/6225/2206 8046/6230/2206 8045/6229/2205 
f 8042/6225/2206 8040/6226/2203 8044/6231/2203 8046/6230/2206 
f 8044/6228/2203 8043/6227/2204 8047/6232/2204 8048/6233/2203 
f 8043/6227/2204 8045/6229/2205 8049/6234/2205 8047/6232/2204 
f 8045/6229/2205 8046/6230/2206 8050/6235/2206 8049/6234/2205 
f 8046/6230/2206 8044/6231/2203 8048/6236/2203 8050/6235/2206 
f 8048/6233/2203 8047/6232/2204 8051/6237/2204 8052/6238/2203 
f 8047/6232/2204 8049/6234/2205 8053/6239/2205 8051/6237/2204 
f 8049/6234/2205 8050/6235/2206 8054/6240/2206 8053/6239/2205 
f 8050/6235/2206 8048/6236/2203 8052/6241/2203 8054/6240/2206 
s 1
f 8054/6242/2207 8052/6238/2207 8051/6237/2207 
f 8051/6237/2207 8053/6239/2207 8054/6240/2207 
# 20 polygons - 4 triangles

#
# object Cylinder079
#

v  82.6888 4.0354 19.3704
v  81.9848 4.7393 19.3704
v  82.6888 5.4432 19.3704
v  83.3927 4.7393 19.3704
v  81.9848 4.7393 19.4212
v  82.6888 5.4432 19.4212
v  82.6888 4.0354 19.4212
v  83.3927 4.7393 19.4212
v  81.9848 4.7393 19.4720
v  82.6888 5.4432 19.4720
v  82.6888 4.0354 19.4720
v  83.3927 4.7393 19.4720
v  81.9848 4.7393 19.5228
v  82.6888 5.4432 19.5228
v  82.6888 4.0354 19.5228
v  83.3927 4.7393 19.5228
v  81.9848 4.7393 19.5736
v  82.6888 5.4432 19.5736
v  82.6888 4.0354 19.5736
v  83.3927 4.7393 19.5736
v  81.9848 4.7393 19.6244
v  82.6888 5.4432 19.6244
v  82.6888 4.0354 19.6244
v  83.3927 4.7393 19.6244
# 24 vertices

vn -0.0000 -0.0000 -1.0000
vn 0.0000 1.0000 -0.0000
vn -1.0000 0.0000 0.0000
vn -0.0000 -1.0000 0.0000
vn 1.0000 -0.0000 -0.0000
vn 0.0000 0.0000 1.0000
# 6 vertex normals

vt 0.2500 0.0000 1.0000
vt 0.0000 0.0000 1.0000
vt -0.2500 0.0000 1.0000
vt 0.7500 0.0000 1.0000
vt 0.5000 0.0000 1.0000
vt 0.0000 0.2000 1.0000
vt -0.2500 0.2000 1.0000
vt 0.2500 0.2000 1.0000
vt 0.5000 0.2000 1.0000
vt 0.7500 0.2000 1.0000
vt 0.0000 0.4000 1.0000
vt -0.2500 0.4000 1.0000
vt 0.2500 0.4000 1.0000
vt 0.5000 0.4000 1.0000
vt 0.7500 0.4000 1.0000
vt 0.0000 0.6000 1.0000
vt -0.2500 0.6000 1.0000
vt 0.2500 0.6000 1.0000
vt 0.5000 0.6000 1.0000
vt 0.7500 0.6000 1.0000
vt 0.0000 0.8000 1.0000
vt -0.2500 0.8000 1.0000
vt 0.2500 0.8000 1.0000
vt 0.5000 0.8000 1.0000
vt 0.7500 0.8000 1.0000
vt 0.0000 1.0000 1.0000
vt -0.2500 1.0000 1.0000
vt 0.2500 1.0000 1.0000
vt 0.5000 1.0000 1.0000
vt 0.7500 1.0000 1.0000
vt 1.0000 1.0000 -1.0000
# 31 texture coords

g Cylinder079
usemtl 03___Defaulttyi
s 1
f 8055/6243/2208 8056/6244/2208 8057/6245/2208 
f 8057/6246/2208 8058/6247/2208 8055/6243/2208 
s 8
f 8057/6245/2209 8056/6244/2210 8059/6248/2210 8060/6249/2209 
f 8056/6244/2210 8055/6243/2211 8061/6250/2211 8059/6248/2210 
f 8055/6243/2211 8058/6247/2212 8062/6251/2212 8061/6250/2211 
f 8058/6247/2212 8057/6246/2209 8060/6252/2209 8062/6251/2212 
f 8060/6249/2209 8059/6248/2210 8063/6253/2210 8064/6254/2209 
f 8059/6248/2210 8061/6250/2211 8065/6255/2211 8063/6253/2210 
f 8061/6250/2211 8062/6251/2212 8066/6256/2212 8065/6255/2211 
f 8062/6251/2212 8060/6252/2209 8064/6257/2209 8066/6256/2212 
f 8064/6254/2209 8063/6253/2210 8067/6258/2210 8068/6259/2209 
f 8063/6253/2210 8065/6255/2211 8069/6260/2211 8067/6258/2210 
f 8065/6255/2211 8066/6256/2212 8070/6261/2212 8069/6260/2211 
f 8066/6256/2212 8064/6257/2209 8068/6262/2209 8070/6261/2212 
f 8068/6259/2209 8067/6258/2210 8071/6263/2210 8072/6264/2209 
f 8067/6258/2210 8069/6260/2211 8073/6265/2211 8071/6263/2210 
f 8069/6260/2211 8070/6261/2212 8074/6266/2212 8073/6265/2211 
f 8070/6261/2212 8068/6262/2209 8072/6267/2209 8074/6266/2212 
f 8072/6264/2209 8071/6263/2210 8075/6268/2210 8076/6269/2209 
f 8071/6263/2210 8073/6265/2211 8077/6270/2211 8075/6268/2210 
f 8073/6265/2211 8074/6266/2212 8078/6271/2212 8077/6270/2211 
f 8074/6266/2212 8072/6267/2209 8076/6272/2209 8078/6271/2212 
s 1
f 8078/6273/2213 8076/6269/2213 8075/6268/2213 
f 8075/6268/2213 8077/6270/2213 8078/6271/2213 
# 20 polygons - 4 triangles

